AÑO	EXPEDIENTE	RUC	NOMBRE	RAMA_ACTIVIDAD	DESCRIPCION_RAMA	CIIU	CUENTA_11	CUENTA_12	CUENTA_13	CUENTA_14	CUENTA_15	CUENTA_311	CUENTA_312	CUENTA_313	CUENTA_314	CUENTA_315	CUENTA_316	CUENTA_317	CUENTA_318	CUENTA_319	CUENTA_320	CUENTA_321	CUENTA_323	CUENTA_324	CUENTA_325	CUENTA_326	CUENTA_327	CUENTA_328	CUENTA_329	CUENTA_330	CUENTA_331	CUENTA_332	CUENTA_339	CUENTA_341	CUENTA_342	CUENTA_343	CUENTA_344	CUENTA_345	CUENTA_346	CUENTA_347	CUENTA_348	CUENTA_349	CUENTA_350	CUENTA_369	CUENTA_371	CUENTA_373	CUENTA_375	CUENTA_377	CUENTA_378	CUENTA_379	CUENTA_381	CUENTA_382	CUENTA_383	CUENTA_384	CUENTA_385	CUENTA_386	CUENTA_387	CUENTA_388	CUENTA_389	CUENTA_390	CUENTA_391	CUENTA_392	CUENTA_397	CUENTA_399	CUENTA_411	CUENTA_412	CUENTA_413	CUENTA_414	CUENTA_415	CUENTA_416	CUENTA_417	CUENTA_418	CUENTA_419	CUENTA_420	CUENTA_421	CUENTA_422	CUENTA_423	CUENTA_424	CUENTA_425	CUENTA_426	CUENTA_427	CUENTA_428	CUENTA_439	CUENTA_441	CUENTA_442	CUENTA_443	CUENTA_444	CUENTA_445	CUENTA_446	CUENTA_447	CUENTA_448	CUENTA_449	CUENTA_450	CUENTA_451	CUENTA_452	CUENTA_453	CUENTA_454	CUENTA_455	CUENTA_456	CUENTA_457	CUENTA_458	CUENTA_469	CUENTA_479	CUENTA_489	CUENTA_499	CUENTA_501	CUENTA_503	CUENTA_505	CUENTA_507	CUENTA_509	CUENTA_513	CUENTA_515	CUENTA_517	CUENTA_519	CUENTA_598	CUENTA_599	CUENTA_601	CUENTA_602	CUENTA_603	CUENTA_604	CUENTA_605	CUENTA_606	CUENTA_607	CUENTA_608	CUENTA_609	CUENTA_610	CUENTA_611	CUENTA_612	CUENTA_691	CUENTA_692	CUENTA_699	CUENTA_701	CUENTA_702	CUENTA_703	CUENTA_704	CUENTA_705	CUENTA_706	CUENTA_707	CUENTA_708	CUENTA_709	CUENTA_710	CUENTA_711	CUENTA_712	CUENTA_713	CUENTA_715	CUENTA_716	CUENTA_717	CUENTA_718	CUENTA_719	CUENTA_720	CUENTA_721	CUENTA_722	CUENTA_723	CUENTA_724	CUENTA_725	CUENTA_726	CUENTA_727	CUENTA_728	CUENTA_729	CUENTA_730	CUENTA_731	CUENTA_732	CUENTA_733	CUENTA_734	CUENTA_735	CUENTA_736	CUENTA_737	CUENTA_738	CUENTA_739	CUENTA_740	CUENTA_742	CUENTA_743	CUENTA_744	CUENTA_745	CUENTA_746	CUENTA_747	CUENTA_748	CUENTA_749	CUENTA_750	CUENTA_751	CUENTA_752	CUENTA_753	CUENTA_754	CUENTA_755	CUENTA_756	CUENTA_757	CUENTA_758	CUENTA_759	CUENTA_760	CUENTA_761	CUENTA_762	CUENTA_763	CUENTA_764	CUENTA_765	CUENTA_766	CUENTA_767	CUENTA_768	CUENTA_769	CUENTA_770	CUENTA_771	CUENTA_772	CUENTA_773	CUENTA_774	CUENTA_775	CUENTA_776	CUENTA_777	CUENTA_778	CUENTA_779	CUENTA_780	CUENTA_781	CUENTA_782	CUENTA_783	CUENTA_784	CUENTA_785	CUENTA_786	CUENTA_787	CUENTA_788	CUENTA_789	CUENTA_790	CUENTA_791	CUENTA_792	CUENTA_794	CUENTA_795	CUENTA_796	CUENTA_797	CUENTA_798	CUENTA_799	CUENTA_801	CUENTA_802	CUENTA_811	CUENTA_812	CUENTA_813	CUENTA_814	CUENTA_815	CUENTA_816	CUENTA_817	CUENTA_818	CUENTA_819	CUENTA_820	CUENTA_821	CUENTA_822	CUENTA_829	CUENTA_839	CUENTA_841	CUENTA_842	CUENTA_849	CUENTA_851	CUENTA_852	CUENTA_853	CUENTA_854	CUENTA_855	CUENTA_856	CUENTA_859	CUENTA_869	CUENTA_900	
2002	555	1790021858001	TROQUELADOS SA TROSA	C	INDUSTRIAS MANUFACTURERAS.	C2410.11	0	0	0	0	0	0	0	0	0	0	0	0	0	0	0	0	0	0	0	104,46	0	0	0	0	0	0	104,46	5982,40	0	0	0	0	0	0	-323,79	0	0	5658,61	0	0	0	0	0	0	0	0	0	0	0	0	0	0	0	0	0	0	0	5763,07	0	0	0	0	0	0	0	0	790,75	0	0	0	0	0	0	0	0	0	790,75	0	0	0	0	0	0	0	0	0	0	0	0	0	0	0	0	0	0	0	0	0	790,75	1280,00	0	0	552,60	980,98	2730,46	0	0	-571,72	4972,32	5763,07	0	0	0	0	0	0	0	0	0	0	0	0	0	0	0	0	0	0	0	0	0	0	0	0	0	0	0	0	0	0	0	0	0	0	0	0	0	0	0	0	0	0	0	0	0	0	0	0	0	0	0	0	0	0	0	0	0	0	0	0	0	0	0	0	0	0	0	0	0	0	0	0	0	0	0	0	0	0	0	0	0	0	0	0	0	0	0	0	0	0	0	0	0	0	0	0	0	0	0	0	0	0	0	0	0	0	0	0	0	0	0	0	0	0	0	0	0	0	0	0	0	0	0	0	0	0	0	0	0	0	0	0	0	0	0	0	0	0	0	
2002	4225	0990055610001	LOTIZACION AGRICOLA LOS RANCHOS SA	L	ACTIVIDADES INMOBILIARIAS.	L6810.01	0	0	0	0	0	181,99	0	0	0	0	0	0	0	0	0	0	0	0	0	0	0	0	0	0	0	0	181,99	0	0	0	0	0	0	0	0	0	0	0	0	0	0	74,08	-46,75	27,33	0	0	0	0	0	0	0	0	0	0	0	0	0	209,32	0	0	0	0	0	0	0	0	0	0	0	0	0	0	0	0	0	0	0	0	0	0	0	0	0	0	0	0	0	0	0	0	0	0	0	0	0	0	0	0	0	200,00	0	0	62,86	0	0	-46,13	0	-7,41	209,32	209,32	0	0	0	0	0	0	0	0	0	0	0	0	0	0	0	0	0	0	0	0	0	0	0	0	0	0	0	0	0	0	0	0	0	0	0	0	0	0	0	0	0	0	0	0	0	0	0	0	0	0	0	0	0	0	0	0	0	0	0	0	0	0	0	0	0	0	0	0	0	0	0	0	0	0	0	0	0	0	0	0	0	0	0	0	0	0	0	0	0	0	0	0	0	0	0	0	0	0	0	0	0	0	0	0	0	0	0	0	0	0	0	0	0	0	0	0	0	0	0	0	0	0	0	0	0	0	0	0	0	0	0	0	0	0	0	0	0	0	0	
2002	4929	0990207194001	COMPANIA ANONIMA CIVIL INMOBILIARIA SOSGHI SA	L	ACTIVIDADES INMOBILIARIAS.	L6810.01	0	0	0	0	0	712,56	0	0	0	0	0	0	0	0	0	0	0	0	0	0	0	0	0	0	0	0	712,56	6015,64	0	0	0	0	0	0	-1461,28	2487,20	0	7041,56	0	601,56	0	0	0	601,56	0	0	0	0	0	0	0	0	0	0	0	0	0	8355,68	0	0	0	0	0	0	0	0	0	0	0	0	270,42	0	0	0	190,89	0	461,31	0	0	0	0	0	0	0	0	0	0	0	0	0	0	0	0	0	0	0	0	0	461,31	200,00	0	0	2,70	6795,17	896,50	0	0	0	7894,37	8355,68	0	0	0	0	0	0	0	0	0	0	0	0	0	0	0	0	0	0	0	0	0	0	0	0	0	0	0	0	0	0	0	0	0	0	0	0	0	0	0	0	0	0	0	0	0	0	0	0	0	0	0	0	0	0	0	0	0	0	0	0	0	0	0	0	0	0	0	0	0	0	0	0	0	0	0	0	0	0	0	0	0	0	0	0	0	0	0	0	0	0	0	0	0	0	0	0	0	0	0	0	0	0	0	0	0	0	0	0	0	0	0	0	0	0	0	0	0	0	0	0	0	0	0	0	0	0	0	0	0	0	0	0	0	0	0	0	0	0	0	
2002	5890	0990292639001	CONDOMINIOS Y BIENES RAICES (CONASA) SOCIEDAD ANONIMA INMOBILIARIA	L	ACTIVIDADES INMOBILIARIAS.	L6810.01	0	0	0	0	0	12,00	0	0	0	0	0	0	0	0	0	0	0	0	0	0	0	0	0	0	0	0	12,00	0	0	0	0	0	0	0	0	2126,88	0	2126,88	0	0	0	0	0	0	0	0	0	0	0	0	0	0	0	0	0	73,46	73,46	2212,34	0	0	0	0	0	0	0	0	0	0	0	0	0	0	0	0	0	0	0	0	0	0	0	0	0	126,88	0	0	0	0	0	0	0	0	0	0	0	126,88	0	0	126,88	2080,00	0	0	5,46	0	0	0	0	0	2085,46	2212,34	0	0	0	0	0	0	0	0	0	0	0	0	0	0	0	0	0	0	0	0	0	0	0	0	0	0	0	0	0	0	0	0	0	0	0	0	0	0	0	0	0	0	0	0	0	0	0	0	0	0	0	0	0	0	0	0	0	0	0	0	0	0	0	0	0	0	0	0	0	0	0	0	0	0	0	0	0	0	0	0	0	0	0	0	0	0	0	0	0	0	0	0	0	0	0	0	0	0	0	0	0	0	0	0	0	0	0	0	0	0	0	0	0	0	0	0	0	0	0	0	0	0	0	0	0	0	0	0	0	0	0	0	0	0	0	0	0	0	,01	
2002	6980	1190090627001	AGENCIA DE VIAJES LOS ARUPOS ARUPTOURS CIA. LTDA.	N	ACTIVIDADES DE SERVICIOS ADMINISTRATIVOS Y DE APOYO.	N7911.00	0	0	0	0	0	351,28	0	0	0	0	0	0	0	0	0	0	0	0	0	0	0	0	0	0	0	0	351,28	0	0	0	0	0	0	0	0	0	0	0	0	0	0	0	0	0	0	0	0	0	0	0	0	0	0	0	0	0	0	351,28	0	0	0	0	0	0	0	0	0	0	0	0	0	0	0	0	0	0	0	0	0	0	0	0	0	0	0	0	0	0	0	0	0	0	0	0	0	0	0	0	0	402,00	0	0	0	0	0	-40,72	0	-10,00	351,28	351,28	0	0	0	0	0	0	0	0	0	0	0	0	0	0	0	0	0	0	0	0	0	0	0	0	0	0	0	0	0	0	0	0	0	0	0	0	0	0	0	0	0	0	0	0	0	0	0	0	0	0	0	0	0	0	0	0	0	0	0	0	0	0	0	0	0	0	0	0	0	0	0	0	0	0	0	0	0	0	0	0	0	0	0	0	0	0	0	0	0	0	0	0	0	0	0	0	0	0	0	0	0	0	0	0	10,00	0	0	0	0	10,00	10,00	0	-10,00	0	0	0	0	0	0	0	0	0	0	0	0	0	-10,00	0	0	0	0	0	0	0	0	0	0	0	,01	
2002	7738	1790472469001	INMOSIDECA SA	L	ACTIVIDADES INMOBILIARIAS.	L6810.01	0	0	0	0	0	0	0	0	0	0	0	0	0	0	0	0	0	0	0	0	0	0	0	0	0	0	0	621,94	0	0	0	0	0	0	-104,07	0	0	517,87	0	0	0	0	0	0	0	0	0	0	0	0	0	0	0	0	0	0	0	517,87	0	0	0	0	0	0	912,48	0	0	0	0	0	0	0	0	0	0	0	912,48	0	0	0	0	0	0	0	0	0	0	0	0	0	0	0	0	0	0	0	0	0	912,48	55,99	0	0	0	0	0	-162,92	0	-287,68	-394,61	517,87	0	0	0	0	0	0	0	0	0	0	0	0	0	0	0	0	0	0	0	0	0	0	0	0	0	0	0	0	0	0	0	0	0	0	0	0	0	0	0	0	0	0	0	0	0	0	0	0	0	0	0	0	0	0	0	0	0	0	0	0	0	0	0	0	0	0	0	0	0	0	0	0	0	0	0	0	0	0	0	0	0	0	0	0	0	0	0	0	285,86	0	0	0	0	0	0	0	1,82	0	0	0	0	0	0	0	0	0	0	0	0	287,68	287,68	0	-287,68	0	0	0	0	0	0	0	0	0	0	0	0	0	-287,68	0	0	0	0	0	0	0	0	0	0	0	0	
2002	9382	0990348774001	INMOBILIARIA TINO SA	L	ACTIVIDADES INMOBILIARIAS.	L6820.03	0	0	0	0	0	955,06	0	0	0	0	0	0	0	0	0	0	0	0	0	0	0	0	0	0	0	0	955,06	26253,05	0	338,77	0	0	0	0	-1227,44	2295,66	0	27660,04	0	0	0	0	0	0	0	0	0	0	0	0	0	0	0	0	0	0	0	28615,10	0	0	0	0	0	0	0	0	0	0	0	0	0	0	0	0	0	0	0	0	0	0	0	0	0	0	0	0	0	0	0	0	0	0	0	0	0	0	0	0	0	25200,00	0	600,00	0	2695,10	0	0	120,00	0	28615,10	28615,10	0	3600,00	0	0	0	0	0	0	0	0	0	0	0	0	3600,00	0	0	0	0	0	0	0	0	0	0	0	0	0	0	2400,00	0	760,00	0	300,00	0	0	0	0	0	0	0	0	0	0	0	0	0	0	0	0	0	0	0	0	0	0	0	0	0	0	0	0	0	0	0	0	0	0	0	0	0	0	0	0	0	0	0	0	0	0	0	0	0	0	0	0	0	0	0	0	0	0	0	0	0	0	0	0	0	0	0	0	20,00	0	0	0	0	0	0	3480,00	3480,00	120,00	0	-18,00	0	0	0	0	0	0	0	0	0	0	0	102,00	0	0	102,00	25,50	0	0	0	0	0	0	25,50	0	0	
2002	9678	0990375275001	PREDIAL PREDIZALDE SA	L	ACTIVIDADES INMOBILIARIAS.	L6810.01	0	0	0	0	0	0	0	0	0	0	0	0	0	0	0	0	0	0	0	0	0	0	0	0	0	0	0	6945,29	0	0	0	0	0	0	-2382,37	2871,57	0	7434,49	0	0	0	0	0	0	0	0	0	0	0	0	0	0	0	0	0	0	0	7434,49	0	0	0	0	0	0	0	0	0	0	0	0	0	0	0	0	0	0	0	2565,45	0	0	0	0	0	0	0	0	0	0	0	0	0	0	0	0	0	2565,45	0	0	2565,45	200,00	0	2871,57	11,94	5444,86	96,98	-2354,95	0	-1401,36	4869,04	7434,49	0	0	0	0	0	0	0	0	0	0	0	0	0	0	0	0	0	0	0	0	0	0	0	0	0	0	0	0	0	0	0	0	0	0	0	0	0	0	0	0	0	0	0	0	0	0	0	0	0	0	0	0	0	0	0	0	0	0	0	0	0	0	0	0	0	0	0	0	0	0	0	0	0	0	0	0	0	0	0	0	0	0	0	0	0	0	0	0	1054,10	0	0	0	0	0	0	0	347,26	0	0	0	0	0	0	0	0	0	0	0	0	1401,36	1401,36	0	-1401,36	0	0	0	0	0	0	0	0	0	0	0	0	0	-1401,36	0	0	0	0	0	0	0	0	0	0	0	,01	
2002	9768	0990375437001	INMOBILIARIA INTRADECA SA	L	ACTIVIDADES INMOBILIARIAS.	L6810.01	0	0	0	0	0	560,00	0	0	0	0	0	0	0	0	0	0	0	0	0	0	0	0	0	0	0	0	560,00	0	0	0	0	0	0	0	0	0	0	0	0	0	0	0	0	0	0	0	0	0	0	0	0	0	0	0	0	0	0	560,00	0	0	0	0	0	0	0	0	0	0	0	0	0	0	0	0	0	0	0	0	0	0	0	0	0	0	0	0	0	0	0	0	0	0	0	0	0	0	0	0	0	560,00	0	0	0	0	0	0	0	0	560,00	560,00	0	0	0	0	0	0	0	0	0	0	0	0	0	0	0	0	0	0	0	0	0	0	0	0	0	0	0	0	0	0	0	0	0	0	0	0	0	0	0	0	0	0	0	0	0	0	0	0	0	0	0	0	0	0	0	0	0	0	0	0	0	0	0	0	0	0	0	0	0	0	0	0	0	0	0	0	0	0	0	0	0	0	0	0	0	0	0	0	0	0	0	0	0	0	0	0	0	0	0	0	0	0	0	0	0	0	0	0	0	0	0	0	0	0	0	0	0	0	0	0	0	0	0	0	0	0	0	0	0	0	0	0	0	0	0	0	0	0	,01	
2002	9928	0990393818001	INMOBILIARIA INVERSIONISTA IONIO SA	L	ACTIVIDADES INMOBILIARIAS.	L6810.01	0	0	0	0	0	0	0	0	0	0	0	0	0	0	0	0	0	0	0	0	0	0	0	0	0	0	0	3206,94	0	0	0	0	0	0	0	0	0	3206,94	0	0	0	0	0	0	0	0	0	0	0	0	0	0	0	0	0	0	0	3206,94	0	0	0	0	0	0	0	0	0	0	0	0	0	0	0	0	0	0	0	0	0	0	0	0	0	0	0	0	0	0	0	0	0	0	0	0	0	0	0	0	0	800,00	0	0	0	2406,94	0	0	0	0	3206,94	3206,94	0	0	0	0	0	0	0	0	0	0	0	0	0	0	0	0	0	0	0	0	0	0	0	0	0	0	0	0	0	0	0	0	0	0	0	0	0	0	0	0	0	0	0	0	0	0	0	0	0	0	0	0	0	0	0	0	0	0	0	0	0	0	0	0	0	0	0	0	0	0	0	0	0	0	0	0	0	0	0	0	0	0	0	0	0	0	0	0	0	0	0	0	0	0	0	0	0	0	0	0	0	0	0	0	0	0	0	0	0	0	0	0	0	0	0	0	0	0	0	0	0	0	0	0	0	0	0	0	0	0	0	0	0	0	0	0	0	0	,01	
2002	11303	1792247640001	MAR BAHIA LIMITED	F	CONSTRUCCIÓN.	F4100.10	0	0	0	0	0	2,72	0	0	0	0	0	0	0	0	0	0	0	0	0	0	0	0	0	0	0	0	2,72	0	0	0	0	0	0	0	0	46000,00	0	46000,00	0	0	0	0	0	0	0	0	0	0	0	0	0	0	0	0	0	0	0	46002,72	0	0	0	0	0	0	0	0	0	0	0	0	0	0	0	0	0	0	0	0	0	0	0	0	0	0	0	0	0	0	0	0	0	0	0	0	0	0	0	0	0	2,72	0	46000,00	0	0	0	0	0	0	46002,72	46002,72	0	0	0	0	0	0	0	0	0	0	0	0	0	0	0	0	0	0	0	0	0	0	0	0	0	0	0	0	0	0	0	0	0	0	0	0	0	0	0	0	0	0	0	0	0	0	0	0	0	0	0	0	0	0	0	0	0	0	0	0	0	0	0	0	0	0	0	0	0	0	0	0	0	0	0	0	0	0	0	0	0	0	0	0	0	0	0	0	0	0	0	0	0	0	0	0	0	0	0	0	0	0	0	0	0	0	0	0	0	0	0	0	0	0	0	0	0	0	0	0	0	0	0	0	0	0	0	0	0	0	0	0	0	0	0	0	0	0	,01	
2002	11408	1790073181001	LATEX ECUATORIANO SA LATECOL	C	INDUSTRIAS MANUFACTURERAS.	C2013.11	0	0	0	0	0	400,00	0	0	0	0	0	0	0	0	0	0	0	0	0	0	0	0	0	0	0	0	400,00	0	0	0	0	0	0	0	0	0	0	0	0	0	0	0	0	0	0	0	0	0	0	0	0	0	0	0	0	0	0	400,00	0	0	0	0	0	0	0	0	0	0	0	0	0	0	0	0	0	0	0	0	0	0	0	0	0	0	0	0	0	0	0	0	0	0	0	0	0	0	0	0	0	400,00	0	0	0	0	0	0	0	0	400,00	400,00	0	0	0	0	0	0	0	0	0	0	0	0	0	0	0	0	0	0	0	0	0	0	0	0	0	0	0	0	0	0	0	0	0	0	0	0	0	0	0	0	0	0	0	0	0	0	0	0	0	0	0	0	0	0	0	0	0	0	0	0	0	0	0	0	0	0	0	0	0	0	0	0	0	0	0	0	0	0	0	0	0	0	0	0	0	0	0	0	0	0	0	0	0	0	0	0	0	0	0	0	0	0	0	0	0	0	0	0	0	0	0	0	0	0	0	0	0	0	0	0	0	0	0	0	0	0	0	0	0	0	0	0	0	0	0	0	0	0	0	
2002	16555	1090060704001	TASCAS Y HOSTALES SISAYTAMBO C LTDA	I	ACTIVIDADES DE ALOJAMIENTO Y DE SERVICIO DE COMIDAS.	I5510.09	0	0	0	0	0	400,00	0	0	0	0	0	0	0	0	0	0	0	0	0	0	0	0	0	0	0	0	400,00	0	0	0	0	0	0	0	0	3500,00	0	3500,00	0	0	0	0	0	0	0	0	0	0	0	0	0	0	0	0	0	0	0	3900,00	0	0	0	0	0	0	0	0	0	0	0	0	0	0	0	0	0	0	0	0	0	0	0	0	0	0	0	0	0	0	0	0	0	0	0	0	0	0	0	0	0	400,00	0	3500,00	0	0	0	0	0	0	3900,00	3900,00	0	0	0	0	0	0	0	0	0	0	0	0	0	0	0	0	0	0	0	0	0	0	0	0	0	0	0	0	0	0	0	0	0	0	0	0	0	0	0	0	0	0	0	0	0	0	0	0	0	0	0	0	0	0	0	0	0	0	0	0	0	0	0	0	0	0	0	0	0	0	0	0	0	0	0	0	0	0	0	0	0	0	0	0	0	0	0	0	0	0	0	0	0	0	0	0	0	0	0	0	0	0	0	0	0	0	0	0	0	0	0	0	0	0	0	0	0	0	0	0	0	0	0	0	0	0	0	0	0	0	0	0	0	0	0	0	0	0	0	
2002	20905	0990570612001	INMOBILIARIA GAVESA COMPANIA LIMITADA	L	ACTIVIDADES INMOBILIARIAS.	L6810.01	0	0	0	0	0	445,95	0	0	0	0	0	0	0	0	0	0	0	0	0	0	0	0	0	0	0	0	445,95	4090,76	0	0	0	0	0	0	-1839,35	0	0	2251,41	0	0	0	0	0	0	0	0	0	0	0	0	0	0	0	0	0	0	0	2697,36	0	0	0	0	0	0	0	0	0	0	0	0	0	0	0	0	0	0	0	0	0	0	0	0	0	0	0	0	0	0	0	0	0	0	0	0	0	0	0	0	0	200,00	0	0	1,96	2450,37	45,03	0	0	0	2697,36	2697,36	0	0	0	0	0	0	0	0	0	0	0	0	0	0	0	0	0	0	0	0	0	0	0	0	0	0	0	0	0	0	0	0	0	0	0	0	0	0	0	0	0	0	0	0	0	0	0	0	0	0	0	0	0	0	0	0	0	0	0	0	0	0	0	0	0	0	0	0	0	0	0	0	0	0	0	0	0	0	0	0	0	0	0	0	0	0	0	0	0	0	0	0	0	0	0	0	0	0	0	0	0	0	0	0	0	0	0	0	0	0	0	0	0	0	0	0	0	0	0	0	0	0	0	0	0	0	0	0	0	0	0	0	0	0	0	0	0	0	,01	
2002	22361	0990244723001	INMOBILIARIA TROCAN CIA LTDA	F	CONSTRUCCIÓN.	F4100.10	0	0	0	0	0	0	0	0	0	0	0	400,00	0	0	0	0	0	0	0	0	0	0	0	0	0	0	400,00	0	0	0	0	0	0	0	0	0	0	0	0	0	0	0	0	0	0	0	0	0	0	0	0	0	0	0	0	0	0	400,00	0	0	0	0	0	0	0	0	0	0	0	0	0	0	0	0	0	0	0	0	0	0	0	0	0	0	0	0	0	0	0	0	0	0	0	0	0	0	0	0	0	400,00	0	0	0	0	0	0	0	0	400,00	400,00	0	0	0	0	0	0	0	0	0	0	0	0	0	0	0	0	0	0	0	0	0	0	0	0	0	0	0	0	0	0	0	0	0	0	0	0	0	0	0	0	0	0	0	0	0	0	0	0	0	0	0	0	0	0	0	0	0	0	0	0	0	0	0	0	0	0	0	0	0	0	0	0	0	0	0	0	0	0	0	0	0	0	0	0	0	0	0	0	0	0	0	0	0	0	0	0	0	0	0	0	0	0	0	0	0	0	0	0	0	0	0	0	0	0	0	0	0	0	0	0	0	0	0	0	0	0	0	0	0	0	0	0	0	0	0	0	0	0	0	
2002	23513	0990365881001	COMERCIAL AGROPECUARIA EL ALCAZAR S.A.	A	AGRICULTURA, GANADERÍA,  SILVICULTURA Y PESCA.	A0112.00	0	0	0	0	0	426,19	0	0	0	0	0	0	0	0	0	0	0	2142,00	0	0	0	0	0	717,08	0	0	3285,27	0	400,00	18094,82	0	0	23,63	0	-17952,52	1253,06	2121,61	3940,60	0	0	0	0	0	0	0	0	0	0	0	0	0	0	0	0	0	31074,90	31074,90	38300,77	0	0	0	0	0	0	0	0	0	0	139,70	0	39,85	0	0	0	0	29876,80	30056,35	0	0	0	0	0	0	0	0	0	0	0	0	0	0	0	0	0	0	0	0	0	30056,35	800,00	0	0	5,15	7439,27	0	0	0	0	8244,42	38300,77	0	0	0	0	0	0	0	0	0	0	0	0	0	0	0	0	0	0	0	0	0	0	0	0	0	0	0	0	0	0	0	0	0	0	0	0	0	0	0	0	0	0	0	0	0	0	0	0	0	0	0	0	0	0	0	0	0	0	0	0	0	0	0	0	0	0	0	0	0	0	0	0	0	0	0	0	0	0	0	0	0	0	0	0	0	0	0	0	0	0	0	0	0	0	0	0	0	0	0	0	0	0	0	0	0	0	0	0	0	0	0	0	0	0	0	0	0	0	0	0	0	0	0	0	0	0	0	0	0	0	0	0	0	0	0	0	0	0	,01	
2002	23799	0990351724001	INMACO C. LTDA.	L	ACTIVIDADES INMOBILIARIAS.	L6810.01	0	0	0	0	0	91,18	0	0	0	0	0	0	0	0	0	0	0	0	0	0	0	0	0	0	0	0	91,18	375,14	0	0	0	0	0	0	-107,61	0	0	267,53	0	0	0	0	0	0	0	0	0	0	0	0	0	0	0	0	0	0	0	358,71	0	0	0	0	0	0	0	0	0	0	0	0	0	0	0	0	0	0	0	0	0	0	0	0	0	0	0	0	0	0	0	0	0	0	0	0	0	0	0	0	0	80,00	0	0	278,71	0	0	0	0	0	358,71	358,71	0	0	0	0	0	0	0	0	0	0	0	0	0	0	0	0	0	0	0	0	0	0	0	0	0	0	0	0	0	0	0	0	0	0	0	0	0	0	0	0	0	0	0	0	0	0	0	0	0	0	0	0	0	0	0	0	0	0	0	0	0	0	0	0	0	0	0	0	0	0	0	0	0	0	0	0	0	0	0	0	0	0	0	0	0	0	0	0	0	0	0	0	0	0	0	0	0	0	0	0	0	0	0	0	0	0	0	0	0	0	0	0	0	0	0	0	0	0	0	0	0	0	0	0	0	0	0	0	0	0	0	0	0	0	0	0	0	0	0	
2002	25531	0990597596001	DISTRIBUIDORA DE PRODUCTOS GARCES VILLENA C LTDA	G	COMERCIO AL POR MAYOR Y AL POR MENOR REPARACIÓN DE VEHÍCULOS AUTOMOTORES Y MOTOCICLETAS.	G4649.22	0	0	0	0	0	2,06	0	0	0	0	0	0	0	0	0	0	0	0	0	0	0	0	0	0	0	0	2,06	1318,06	0	60,70	0	0	0	0	-941,07	0	0	437,69	0	0	0	0	0	0	0	0	0	0	0	0	0	0	0	0	0	0	0	439,75	0	0	0	0	0	0	0	0	0	0	0	0	0	0	0	0	0	0	0	0	0	0	0	0	0	0	0	0	0	0	0	0	0	0	0	0	0	0	0	0	0	80,00	0	5,02	16,91	337,82	0	0	0	0	439,75	439,75	0	0	0	0	0	0	0	0	0	0	0	0	0	0	0	0	0	0	0	0	0	0	0	0	0	0	0	0	0	0	0	0	0	0	0	0	0	0	0	0	0	0	0	0	0	0	0	0	0	0	0	0	0	0	0	0	0	0	0	0	0	0	0	0	0	0	0	0	0	0	0	0	0	0	0	0	0	0	0	0	0	0	0	0	0	0	0	0	0	0	0	0	0	0	0	0	0	0	0	0	0	0	0	0	0	0	0	0	0	0	0	0	0	0	0	0	0	0	0	0	0	0	0	0	0	0	0	0	0	0	0	0	0	0	0	0	0	0	,01	
2002	28948	0991317287001	AUTOMOTORES Y MAQUINARIAS AUTOMA CIA. LTDA.	G	COMERCIO AL POR MAYOR Y AL POR MENOR REPARACIÓN DE VEHÍCULOS AUTOMOTORES Y MOTOCICLETAS.	G4530.00	0	0	0	0	0	0	0	0	0	0	0	0	0	0	0	0	0	0	0	0	0	0	0	0	0	0	0	0	0	0	140,00	0	0	0	0	0	0	140,00	0	140,00	0	0	0	140,00	0	0	0	0	0	0	0	0	0	0	0	0	0	280,00	0	0	0	0	0	0	80,00	0	0	0	0	0	0	0	0	0	0	0	80,00	0	0	0	0	0	0	0	0	0	0	0	0	0	0	0	0	0	0	0	0	0	80,00	200,00	0	0	0	0	0	0	0	0	200,00	280,00	0	0	0	0	0	0	0	0	0	0	0	0	0	0	0	0	0	0	0	0	0	0	0	0	0	0	0	0	0	0	0	0	0	0	0	0	0	0	0	0	0	0	0	0	0	0	0	0	0	0	0	0	0	0	0	0	0	0	0	0	0	0	0	0	0	0	0	0	0	0	0	0	0	0	0	0	0	0	0	0	0	0	0	0	0	0	0	0	0	0	0	0	0	0	0	0	0	0	0	0	0	0	0	0	0	0	0	0	0	0	0	0	0	0	0	0	0	0	0	0	0	0	0	0	0	0	0	0	0	0	0	0	0	0	0	0	0	0	0	
2002	29500	0991514201001	TRANSPORBRAVOMONT C. LTDA.	H	TRANSPORTE Y ALMACENAMIENTO.	H4923.01	0	0	0	0	0	80,00	0	0	0	0	0	0	0	0	0	0	0	0	0	0	0	0	0	0	0	0	80,00	0	0	0	0	0	0	0	0	0	0	0	0	0	0	0	0	0	0	0	0	0	0	0	0	0	0	0	0	0	0	80,00	0	0	0	0	0	0	0	0	0	0	0	0	0	0	0	0	0	0	0	0	0	0	0	0	0	0	0	0	0	0	0	0	0	0	0	0	0	0	0	0	0	80,00	0	0	0	0	0	0	0	0	80,00	80,00	0	0	0	0	0	0	0	0	0	0	0	0	0	0	0	0	0	0	0	0	0	0	0	0	0	0	0	0	0	0	0	0	0	0	0	0	0	0	0	0	0	0	0	0	0	0	0	0	0	0	0	0	0	0	0	0	0	0	0	0	0	0	0	0	0	0	0	0	0	0	0	0	0	0	0	0	0	0	0	0	0	0	0	0	0	0	0	0	0	0	0	0	0	0	0	0	0	0	0	0	0	0	0	0	0	0	0	0	0	0	0	0	0	0	0	0	0	0	0	0	0	0	0	0	0	0	0	0	0	0	0	0	0	0	0	0	0	0	,01	
2002	32132	1191710017001	AGROINDUSTRIAL Y GANADERA RUIZCASTILLO CIA. LTDA.	A	AGRICULTURA, GANADERÍA,  SILVICULTURA Y PESCA.	A0113.11	0	0	0	0	0	400,00	0	0	0	0	0	0	0	0	0	0	0	0	0	0	0	0	0	0	0	0	400,00	0	0	0	0	0	0	0	0	0	0	0	0	0	0	0	0	0	0	0	0	0	0	0	0	0	0	0	0	0	0	400,00	0	0	0	0	0	0	0	0	0	0	0	0	0	0	0	0	0	0	0	0	0	0	0	0	0	0	0	0	0	0	0	0	0	0	0	0	0	0	0	0	0	400,00	0	0	0	0	0	0	0	0	400,00	400,00	0	0	0	0	0	0	0	0	0	0	0	0	0	0	0	0	0	0	0	0	0	0	0	0	0	0	0	0	0	0	0	0	0	0	0	0	0	0	0	0	0	0	0	0	0	0	0	0	0	0	0	0	0	0	0	0	0	0	0	0	0	0	0	0	0	0	0	0	0	0	0	0	0	0	0	0	0	0	0	0	0	0	0	0	0	0	0	0	0	0	0	0	0	0	0	0	0	0	0	0	0	0	0	0	0	0	0	0	0	0	0	0	0	0	0	0	0	0	0	0	0	0	0	0	0	0	0	0	0	0	0	0	0	0	0	0	0	0	,01	
2002	32258	0190019438001	URGILES Y VASQUEZ CONSTRUCTORA S.A. - EN LIQUIDACION	F	CONSTRUCCIÓN.	F4210.11	0	0	0	0	0	800,00	0	0	0	0	0	0	0	0	0	0	0	0	0	0	0	0	0	0	0	0	800,00	0	0	0	0	0	0	0	0	0	0	0	0	0	0	0	0	0	0	0	0	0	0	0	0	0	0	0	0	0	0	800,00	0	0	0	0	0	0	0	0	0	0	0	0	0	0	0	0	0	0	0	0	0	0	0	0	0	0	0	0	0	0	0	0	0	0	0	0	0	0	0	0	0	800,00	0	0	0	0	0	0	0	0	800,00	800,00	0	0	0	0	0	0	0	0	0	0	0	0	0	0	0	0	0	0	0	0	0	0	0	0	0	0	0	0	0	0	0	0	0	0	0	0	0	0	0	0	0	0	0	0	0	0	0	0	0	0	0	0	0	0	0	0	0	0	0	0	0	0	0	0	0	0	0	0	0	0	0	0	0	0	0	0	0	0	0	0	0	0	0	0	0	0	0	0	0	0	0	0	0	0	0	0	0	0	0	0	0	0	0	0	0	0	0	0	0	0	0	0	0	0	0	0	0	0	0	0	0	0	0	0	0	0	0	0	0	0	0	0	0	0	0	0	0	0	,01	
2002	34531	1391700970001	EMPRESA MULTISERVICIOS Y CONSTRUCCIONES EMULCONSA S.A.	M	ACTIVIDADES PROFESIONALES, CIENTÍFICAS Y TÉCNICAS.	M7110.21	0	0	0	0	0	442,72	0	0	0	0	0	0	0	0	0	0	0	0	0	0	0	0	0	0	0	0	442,72	0	0	0	0	0	0	0	0	0	0	0	0	0	0	0	0	0	0	0	0	0	0	0	0	0	0	0	0	0	0	442,72	58,24	0	0	0	0	0	0	0	0	0	0	0	0	0	0	0	0	0	58,24	0	0	0	0	0	0	0	0	0	0	0	0	0	0	0	0	0	0	0	0	0	58,24	200,00	0	0	0	0	0	-34,71	219,19	0	384,48	442,72	12116,26	0	0	0	0	0	0	0	0	0	0	0	0	0	12116,26	0	0	0	0	0	0	0	0	0	0	0	0	0	0	0	0	0	0	0	0	0	0	0	0	11858,41	0	0	0	0	0	0	0	0	0	0	0	0	0	0	0	0	0	0	0	0	0	0	0	0	0	0	0	0	0	0	0	0	0	0	0	0	0	0	0	0	0	0	0	0	0	0	0	0	0	0	0	0	0	0	0	0	0	0	0	0	0	0	0	0	0	0	0	0	0	11858,41	11858,41	257,85	0	0	0	0	219,19	0	0	0	-54,79	-38,62	0	0	0	383,63	0	0	383,63	95,91	0	0	0	0	0	0	95,91	0	0	
2002	35069	1390117406001	CAMARONERA RODAYE CIA. LTDA.	F	CONSTRUCCIÓN.	F4100.10	0	0	0	0	0	200,00	0	0	0	0	0	0	0	0	0	0	0	0	0	0	0	0	0	0	0	0	200,00	0	0	0	0	0	0	0	0	0	0	0	0	0	0	0	0	0	0	0	0	0	0	0	0	0	0	0	0	0	0	200,00	0	0	0	0	0	0	0	0	0	0	0	0	0	0	0	0	0	0	0	0	0	0	0	0	0	0	0	0	0	0	0	0	0	0	0	0	0	0	0	0	0	200,00	0	0	0	0	0	0	0	0	200,00	200,00	0	0	0	0	0	0	0	0	0	0	0	0	0	0	0	0	0	0	0	0	0	0	0	0	0	0	0	0	0	0	0	0	0	0	0	0	0	0	0	0	0	0	0	0	0	0	0	0	0	0	0	0	0	0	0	0	0	0	0	0	0	0	0	0	0	0	0	0	0	0	0	0	0	0	0	0	0	0	0	0	0	0	0	0	0	0	0	0	0	0	0	0	0	0	0	0	0	0	0	0	0	0	0	0	0	0	0	0	0	0	0	0	0	0	0	0	0	0	0	0	0	0	0	0	0	0	0	0	0	0	0	0	0	0	0	0	0	0	0	
2002	36106	0290044774001	GUARANDAFLOWERS S.A.	A	AGRICULTURA, GANADERÍA,  SILVICULTURA Y PESCA.	A0150.00	0	0	0	0	0	0	0	0	0	0	0	0	0	0	0	0	0	0	0	0	0	0	0	0	0	0	0	0	0	0	0	0	0	0	0	0	0	0	61,60	0	0	0	0	61,60	0	0	0	0	0	0	0	0	0	0	0	0	0	61,60	17,13	0	0	0	0	0	0	0	0	0	0	0	0	0	0	0	0	0	17,13	0	0	0	0	0	0	0	0	0	0	0	0	0	0	0	0	0	0	0	0	0	17,13	400,00	0	0	0	0	0	-355,53	0	0	44,47	61,60	0	0	0	0	0	0	0	0	0	0	0	0	0	0	0	0	0	0	0	0	0	0	0	0	0	0	0	0	0	0	0	0	0	0	0	0	0	0	0	0	0	0	0	0	0	0	0	0	0	0	0	0	0	0	0	0	0	0	0	0	0	0	0	0	0	0	0	0	0	0	0	0	0	0	0	0	0	0	0	0	0	0	0	0	0	0	0	0	0	0	0	0	0	0	0	0	0	0	0	0	0	0	0	0	0	0	0	0	0	0	0	0	0	0	0	0	0	0	0	0	0	0	0	0	0	0	0	0	0	0	0	0	0	0	0	0	0	0	0	
2002	40151	0990593108001	INMOBILIARIA BREMEN SA	L	ACTIVIDADES INMOBILIARIAS.	L6810.01	0	0	0	0	0	0	0	0	0	0	0	0	0	0	0	0	0	0	0	0	0	0	0	0	0	0	0	11454,23	0	0	0	0	0	0	-5952,71	0	0	5501,52	0	0	0	5029,45	0	5029,45	0	0	0	0	0	0	0	0	0	0	0	0	0	10530,97	0	0	0	0	0	0	0	0	3660,72	0	0	0	0	0	0	0	0	0	3660,72	0	0	0	0	0	0	0	0	0	0	0	0	0	0	0	0	0	0	0	0	0	3660,72	200,00	0	1210,11	0	5460,14	0	0	0	0	6870,25	10530,97	0	0	0	0	0	0	0	0	0	0	0	0	0	0	0	0	0	0	0	0	0	0	0	0	0	0	0	0	0	0	0	0	0	0	0	0	0	0	0	0	0	0	0	0	0	0	0	0	0	0	0	0	0	0	0	0	0	0	0	0	0	0	0	0	0	0	0	0	0	0	0	0	0	0	0	0	0	0	0	0	0	0	0	0	0	0	0	0	0	0	0	0	0	0	0	0	0	0	0	0	0	0	0	0	0	0	0	0	0	0	0	0	0	0	0	0	0	0	0	0	0	0	0	0	0	0	0	0	0	0	0	0	0	0	0	0	0	0	0	
2002	41124	0990668280001	LANGOSTINOS BANGKOK SA	A	AGRICULTURA, GANADERÍA,  SILVICULTURA Y PESCA.	A0321.02	0	0	0	0	0	0	0	0	0	0	0	0	0	0	0	0	0	0	0	0	0	0	0	0	0	0	0	0	0	0	0	0	0	0	0	164,09	0	164,09	0	0	0	0	0	0	0	0	0	0	0	0	0	0	0	0	0	0	0	164,09	0	0	0	0	0	0	0	0	0	0	0	0	0	0	0	0	0	0	0	0	0	0	0	0	0	0	0	0	0	0	0	0	0	0	0	0	0	0	0	0	0	820,00	0	0	0	0	0	-655,91	0	0	164,09	164,09	0	0	0	0	0	0	0	0	0	0	0	0	0	0	0	0	0	0	0	0	0	0	0	0	0	0	0	0	0	0	0	0	0	0	0	0	0	0	0	0	0	0	0	0	0	0	0	0	0	0	0	0	0	0	0	0	0	0	0	0	0	0	0	0	0	0	0	0	0	0	0	0	0	0	0	0	0	0	0	0	0	0	0	0	0	0	0	0	0	0	0	0	0	0	0	0	0	0	0	0	0	0	0	0	0	0	0	0	0	0	0	0	0	0	0	0	0	0	0	0	0	0	0	0	0	0	0	0	0	0	0	0	0	0	0	0	0	0	,01	
2002	41337	0990686041001	PRODUCTOS ICTIOLOGICOS SA PROICTIOSA	A	AGRICULTURA, GANADERÍA,  SILVICULTURA Y PESCA.	A0321.02	0	0	0	0	0	0	0	0	0	0	0	0	0	0	0	0	0	928,03	0	0	0	0	0	0	0	0	928,03	615800,22	0	3283,79	63073,49	6473,26	0	386,49	-441614,91	210000,00	258354,15	715756,49	0	0	0	113570,36	-45428,14	68142,22	0	0	0	0	0	0	0	0	0	0	0	0	0	784826,74	0	0	668,84	0	0	0	0	0	0	0	0	0	0	0	0	0	0	0	668,84	115728,76	0	0	0	372415,89	0	0	0	0	0	0	0	0	0	0	0	0	0	488144,65	0	0	488813,49	280,00	0	0	24,68	355571,25	0	0	0	-59862,68	296013,25	784826,74	0	0	0	0	0	0	0	0	0	0	0	0	0	0	0	0	0	0	0	0	0	0	0	0	0	0	0	0	0	0	0	0	0	0	0	0	0	0	0	0	0	0	0	0	0	0	0	0	0	0	0	0	0	0	0	0	0	0	0	0	0	0	0	0	0	0	0	0	0	0	0	0	0	0	0	0	0	0	0	0	0	0	0	0	0	0	0	0	0	0	0	0	0	0	0	35774,93	1373,68	0	22714,07	0	0	0	0	0	0	0	0	0	35774,93	24087,75	59862,68	0	-59862,68	0	0	0	0	0	0	0	0	0	0	0	0	0	-59862,68	0	0	0	0	0	0	0	0	0	0	0	0	
2002	41810	0990712352001	M.A. BIOACUATICA MABIOSA SA	A	AGRICULTURA, GANADERÍA,  SILVICULTURA Y PESCA.	A0321.02	0	0	0	0	0	0	0	0	0	0	0	0	0	0	0	0	0	0	0	0	0	0	0	0	0	0	0	0	0	0	0	0	0	0	0	0	0	0	0	0	0	12358,98	0	12358,98	0	80204,75	0	0	0	0	0	0	0	0	0	0	80204,75	92563,73	55099,25	0	0	0	0	0	0	0	16174,40	0	0	0	0	0	0	0	0	0	71273,65	0	0	0	0	0	0	0	0	0	0	0	0	0	0	0	0	0	0	0	0	0	71273,65	200,00	0	0	9297,57	311903,82	148530,71	-448642,02	0	0	21290,08	92563,73	0	0	0	0	0	0	0	0	0	0	0	0	0	0	0	0	0	0	0	0	0	0	0	0	0	0	0	0	0	0	0	0	0	0	0	0	0	0	0	0	0	0	0	0	0	0	0	0	0	0	0	0	0	0	0	0	0	0	0	0	0	0	0	0	0	0	0	0	0	0	0	0	0	0	0	0	0	0	0	0	0	0	0	0	0	0	0	0	0	0	0	0	0	0	0	0	0	0	0	0	0	0	0	0	0	0	0	0	0	0	0	0	0	0	0	0	0	0	0	0	0	0	0	0	0	0	0	0	0	0	0	0	0	0	0	0	0	0	0	
2002	41948	0990718652001	IRGUN SA	L	ACTIVIDADES INMOBILIARIAS.	L6810.01	0	0	0	0	0	400,00	0	0	0	0	0	0	0	0	0	0	0	0	0	0	0	0	0	0	0	0	400,00	0	0	0	0	0	0	0	0	0	0	0	0	0	0	0	0	0	0	0	0	0	0	0	0	0	0	0	0	0	0	400,00	0	0	0	0	0	0	0	0	0	0	0	0	0	0	0	0	0	0	0	0	0	0	0	0	0	0	0	0	0	0	0	0	0	0	0	0	0	0	0	0	0	400,00	0	0	0	0	0	0	0	0	400,00	400,00	0	0	0	0	0	0	0	0	0	0	0	0	0	0	0	0	0	0	0	0	0	0	0	0	0	0	0	0	0	0	0	0	0	0	0	0	0	0	0	0	0	0	0	0	0	0	0	0	0	0	0	0	0	0	0	0	0	0	0	0	0	0	0	0	0	0	0	0	0	0	0	0	0	0	0	0	0	0	0	0	0	0	0	0	0	0	0	0	0	0	0	0	0	0	0	0	0	0	0	0	0	0	0	0	0	0	0	0	0	0	0	0	0	0	0	0	0	0	0	0	0	0	0	0	0	0	0	0	0	0	0	0	0	0	0	0	0	0	,01	
2002	42342	0990747229001	INMOBISOL SA	J	INFORMACIÓN Y COMUNICACIÓN.	J5914.00	0	0	0	0	0	20,00	0	0	0	0	0	0	0	0	0	0	0	0	0	0	0	0	0	0	0	0	20,00	0	0	0	0	0	0	0	0	0	0	0	0	0	0	0	0	0	0	0	0	0	0	0	0	0	0	0	0	0	0	20,00	0	0	0	0	0	0	0	0	0	0	0	0	0	0	0	0	0	0	0	0	0	0	0	0	0	0	0	0	0	0	0	0	0	0	0	0	0	0	0	0	0	20,00	0	0	0	0	0	0	0	0	20,00	20,00	0	0	0	0	0	0	0	0	0	0	0	0	0	0	0	0	0	0	0	0	0	0	0	0	0	0	0	0	0	0	0	0	0	0	0	0	0	0	0	0	0	0	0	0	0	0	0	0	0	0	0	0	0	0	0	0	0	0	0	0	0	0	0	0	0	0	0	0	0	0	0	0	0	0	0	0	0	0	0	0	0	0	0	0	0	0	0	0	0	0	0	0	0	0	0	0	0	0	0	0	0	0	0	0	0	0	0	0	0	0	0	0	0	0	0	0	0	0	0	0	0	0	0	0	0	0	0	0	0	0	0	0	0	0	0	0	0	0	,01	
2002	42754	0990778108001	AGRO INDUSTRIAL Y GANADERA MADURO SA AGRIMADURO	A	AGRICULTURA, GANADERÍA,  SILVICULTURA Y PESCA.	A0161.01	0	0	0	0	0	0	0	0	0	0	0	0	0	0	0	0	0	0	0	0	0	0	0	0	0	0	0	0	0	0	600,00	0	0	1938,58	-237,02	24864,44	0	27166,00	0	0	0	0	0	0	0	0	0	0	0	0	0	0	0	0	0	0	0	27166,00	1771,21	0	0	0	287,64	0	0	0	0	0	0	0	0	0	0	0	0	0	2058,85	0	0	0	0	0	0	0	0	0	0	0	0	0	0	0	0	0	0	0	0	0	2058,85	800,00	0	0	27,59	23818,60	460,96	0	0	0	25107,15	27166,00	0	0	0	0	0	0	0	0	0	0	0	0	0	0	0	0	0	0	0	0	0	0	0	0	0	0	0	0	0	0	0	0	0	0	0	0	0	0	0	0	0	0	0	0	0	0	0	0	0	0	0	0	0	0	0	0	0	0	0	0	0	0	0	0	0	0	0	0	0	0	0	0	0	0	0	0	0	0	0	0	0	0	0	0	0	0	0	0	0	0	0	0	0	0	0	0	0	0	0	0	0	0	0	0	0	0	0	0	0	0	0	0	0	0	0	0	0	0	0	0	0	0	0	0	0	0	0	0	0	0	0	0	0	0	0	0	0	0	,01	
2002	42851	0990826951001	INMOBILIARIA FAPEVE SA	L	ACTIVIDADES INMOBILIARIAS.	L6810.01	0	0	0	0	0	0	0	0	0	0	0	800,00	0	0	0	0	0	0	0	0	0	0	0	0	0	0	800,00	0	0	0	0	0	0	0	0	0	0	0	0	0	0	0	0	0	0	0	0	0	0	0	0	0	0	0	0	0	0	800,00	0	0	0	0	0	0	0	0	0	0	0	0	0	0	0	0	0	0	0	0	0	0	0	0	0	0	0	0	0	0	0	0	0	0	0	0	0	0	0	0	0	200,00	0	600,00	0	0	0	0	0	0	800,00	800,00	0	0	0	0	0	0	0	0	0	0	0	0	0	0	0	0	0	0	0	0	0	0	0	0	0	0	0	0	0	0	0	0	0	0	0	0	0	0	0	0	0	0	0	0	0	0	0	0	0	0	0	0	0	0	0	0	0	0	0	0	0	0	0	0	0	0	0	0	0	0	0	0	0	0	0	0	0	0	0	0	0	0	0	0	0	0	0	0	0	0	0	0	0	0	0	0	0	0	0	0	0	0	0	0	0	0	0	0	0	0	0	0	0	0	0	0	0	0	0	0	0	0	0	0	0	0	0	0	0	0	0	0	0	0	0	0	0	0	,01	
2002	42926	0990883041001	AGRO INDUSTRIAL Y GANADERA LA BELDACA SOCIEDAD ANONIMA AGRIBELDACA	A	AGRICULTURA, GANADERÍA,  SILVICULTURA Y PESCA.	A0161.01	0	0	0	0	0	0	0	0	0	0	0	0	0	0	0	0	0	0	0	0	0	0	0	0	0	0	0	0	0	600,00	0	0	0	0	-75,00	49070,10	0	49595,10	0	0	0	0	0	0	0	0	0	0	0	0	0	0	0	0	0	0	0	49595,10	1314,11	0	0	0	0	0	0	0	647,60	0	0	0	0	0	0	0	0	0	1961,71	0	0	0	0	0	0	0	0	0	0	0	0	0	0	0	0	0	0	0	0	0	1961,71	800,00	0	0	7,50	46693,74	132,15	0	0	0	47633,39	49595,10	0	0	0	0	0	0	0	0	0	0	0	0	0	0	0	0	0	0	0	0	0	0	0	0	0	0	0	0	0	0	0	0	0	0	0	0	0	0	0	0	0	0	0	0	0	0	0	0	0	0	0	0	0	0	0	0	0	0	0	0	0	0	0	0	0	0	0	0	0	0	0	0	0	0	0	0	0	0	0	0	0	0	0	0	0	0	0	0	0	0	0	0	0	0	0	0	0	0	0	0	0	0	0	0	0	0	0	0	0	0	0	0	0	0	0	0	0	0	0	0	0	0	0	0	0	0	0	0	0	0	0	0	0	0	0	0	0	0	,01	
2002	43480	0990815194001	CIAIN COMPANIAS INMEDIATAS SA	M	ACTIVIDADES PROFESIONALES, CIENTÍFICAS Y TÉCNICAS.	M7010.00	0	0	0	0	0	800,00	0	0	0	0	0	0	0	0	0	0	0	0	0	0	0	0	0	0	0	0	800,00	0	0	0	0	0	0	0	0	0	0	0	0	0	0	0	0	0	0	0	0	0	0	0	0	0	0	0	0	0	0	800,00	0	0	0	0	0	0	0	0	0	0	0	0	0	0	0	0	0	0	0	0	0	0	0	0	0	0	0	0	0	0	0	0	0	0	0	0	0	0	0	0	0	800,00	0	0	0	0	0	0	0	0	800,00	800,00	0	0	0	0	0	0	0	0	0	0	0	0	0	0	0	0	0	0	0	0	0	0	0	0	0	0	0	0	0	0	0	0	0	0	0	0	0	0	0	0	0	0	0	0	0	0	0	0	0	0	0	0	0	0	0	0	0	0	0	0	0	0	0	0	0	0	0	0	0	0	0	0	0	0	0	0	0	0	0	0	0	0	0	0	0	0	0	0	0	0	0	0	0	0	0	0	0	0	0	0	0	0	0	0	0	0	0	0	0	0	0	0	0	0	0	0	0	0	0	0	0	0	0	0	0	0	0	0	0	0	0	0	0	0	0	0	0	0	,01	
2002	44456	0990865000001	AGRICOLA Y GANADERA SOLOOR S. A.	A	AGRICULTURA, GANADERÍA,  SILVICULTURA Y PESCA.	A0116.05	0	0	0	0	0	200,00	0	0	0	0	0	0	0	0	0	0	0	0	0	0	0	0	0	0	0	0	200,00	0	0	0	0	0	0	0	0	5280,00	0	5280,00	0	0	0	0	0	0	0	0	0	0	0	0	0	0	0	0	0	0	0	5480,00	0	0	0	0	0	0	0	0	0	0	0	0	0	0	0	0	0	0	0	0	0	0	0	0	0	5280,00	0	0	0	0	0	0	0	0	0	0	0	5280,00	0	0	5280,00	200,00	0	0	0	0	0	0	0	0	200,00	5480,00	0	0	0	0	0	0	0	0	0	0	0	0	0	0	0	0	0	0	0	0	0	0	0	0	0	0	0	0	0	0	0	0	0	0	0	0	0	0	0	0	0	0	0	0	0	0	0	0	0	0	0	0	0	0	0	0	0	0	0	0	0	0	0	0	0	0	0	0	0	0	0	0	0	0	0	0	0	0	0	0	0	0	0	0	0	0	0	0	0	0	0	0	0	0	0	0	0	0	0	0	0	0	0	0	0	0	0	0	0	0	0	0	0	0	0	0	0	0	0	0	0	0	0	0	0	0	0	0	0	0	0	0	0	0	0	0	0	0	,01	
2002	46963	1791134095001	CAMARONERA LAS MANCHAS HERMANOS GAVILANES S.A.	A	AGRICULTURA, GANADERÍA,  SILVICULTURA Y PESCA.	A0321.02	0	0	0	0	0	56,00	0	0	0	0	0	0	0	0	0	0	0	0	0	0	0	0	0	0	0	0	56,00	0	0	0	1104,27	0	0	0	-761,59	108,00	0	450,68	0	0	0	0	0	0	0	0	0	0	0	0	0	0	0	0	0	0	0	506,68	0	0	0	0	0	0	0	0	0	0	0	0	0	0	0	0	0	0	0	0	0	0	0	0	0	0	0	0	0	0	0	0	0	0	0	0	0	0	0	0	0	320,00	0	1212,27	0	0	0	-915,16	0	-110,43	506,68	506,68	0	0	0	0	0	0	0	0	0	0	0	0	0	0	0	0	0	0	0	0	0	0	0	0	0	0	0	0	0	0	0	0	0	0	0	0	0	0	0	0	0	0	0	0	0	0	0	0	0	0	0	0	0	0	0	0	0	0	0	0	0	0	0	0	0	0	0	0	0	0	0	0	0	0	0	0	0	0	0	0	0	0	0	0	0	0	0	0	0	0	0	0	0	0	0	110,43	0	0	0	0	0	0	0	0	0	0	0	0	110,43	0	110,43	0	-110,43	0	0	0	0	0	0	0	0	0	0	0	0	0	-110,43	0	0	0	0	0	0	0	0	0	0	0	,01	
2002	48245	1791263901001	COTECPRO S.A. DISENO, CONSTRUCCION Y TURISMO	F	CONSTRUCCIÓN.	F4100.10	0	0	0	0	0	3505,29	0	0	0	0	0	0	0	1059,39	0	0	0	0	0	0	0	0	0	0	0	0	4564,68	1439,73	0	0	1837,35	540,00	0	224,00	-1027,38	663,12	0	3676,82	0	280,17	0	770,51	-224,14	826,54	0	0	0	0	0	0	0	0	0	0	0	200,00	200,00	9268,04	0	0	0	0	0	0	0	0	0	0	0	0	204,25	145,99	0	0	0	1662,79	2013,03	0	0	0	0	0	0	0	0	0	0	0	0	0	0	0	0	0	0	0	0	0	2013,03	912,00	0	4024,18	45,98	1398,05	0	-98,39	973,19	0	7255,01	9268,04	3652,20	9474,80	0	0	0	0	0	0	0	0	0	1124,56	0	0	14251,56	0	0	0	0	0	0	0	0	0	0	0	0	0	0	2117,21	0	0	0	0	0	2880,00	0	0	0	0	0	0	0	0	0	107,70	0	1129,93	0	0	0	0	0	0	0	0	0	0	0	0	0	0	1237,74	0	0	0	0	0	0	0	0	0	0	0	0	0	0	0	0	0	0	0	683,50	0	0	0	0	268,10	206,68	0	375,00	0	0	0	0	0	125,47	0	524,90	0	1835,20	0	0	0	1786,94	0	0	0	0	13278,37	13278,37	973,19	0	0	0	1124,56	0	0	0	0	0	0	0	0	0	2097,75	0	0	2097,75	524,44	0	0	0	0	0	0	524,44	0	0	
2002	49966	1791332083001	PROHIGIE C.A.	G	COMERCIO AL POR MAYOR Y AL POR MENOR REPARACIÓN DE VEHÍCULOS AUTOMOTORES Y MOTOCICLETAS.	G4669.22	0	0	0	0	0	702,38	0	0	0	30252,36	0	0	0	0	0	0	0	0	0	0	0	0	0	0	0	0	30954,74	0	0	0	0	0	0	0	0	0	0	0	0	0	0	0	0	0	0	0	0	0	0	0	0	0	0	0	0	0	0	30954,74	0	0	0	0	0	0	0	0	0	0	0	0	0	0	0	0	0	0	0	0	0	0	0	0	0	0	0	0	0	0	0	0	0	0	0	0	0	0	0	0	0	20000,00	0	135844,10	0	109346,87	0	0	0	-234236,23	30954,74	30954,74	0	0	0	0	0	0	0	0	0	0	0	0	0	0	0	0	0	0	0	0	0	0	0	0	0	0	0	0	0	0	0	0	0	0	0	0	0	0	0	0	0	0	0	0	0	0	0	0	0	0	0	0	0	0	0	0	0	0	0	0	0	0	0	0	0	0	0	0	0	0	0	0	0	0	0	0	0	0	0	0	0	0	0	0	0	0	0	0	0	0	0	0	0	0	0	0	0	0	0	0	0	0	0	0	0	0	0	0	0	0	0	0	0	0	0	0	0	0	0	0	0	0	0	0	0	0	0	0	0	0	0	0	0	0	0	0	0	0	0	
2002	53105	1791299027001	GOLDUST CIA. LTDA.	F	CONSTRUCCIÓN.	F4210.12	0	0	0	0	0	51,25	0	0	0	0	0	0	0	0	0	0	0	0	0	0	0	0	0	0	0	0	51,25	0	0	0	0	0	0	0	0	6939,58	0	6939,58	0	0	0	0	0	0	0	0	0	0	0	0	0	0	0	0	0	0	0	6990,83	0	0	0	0	0	0	0	0	0	0	0	0	0	0	0	0	0	0	0	0	0	0	0	0	0	0	0	0	0	0	0	0	0	0	0	0	0	0	0	0	0	280,00	0	976,00	0	5757,23	16,64	-39,04	0	0	6990,83	6990,83	0	0	0	0	0	0	0	0	0	0	0	0	0	0	0	0	0	0	0	0	0	0	0	0	0	0	0	0	0	0	0	0	0	0	0	0	0	0	0	0	0	0	0	0	0	0	0	0	0	0	0	0	0	0	0	0	0	0	0	0	0	0	0	0	0	0	0	0	0	0	0	0	0	0	0	0	0	0	0	0	0	0	0	0	0	0	0	0	0	0	0	0	0	0	0	0	0	0	0	0	0	0	0	0	0	0	0	0	0	0	0	0	0	0	0	0	0	0	0	0	0	0	0	0	0	0	0	0	0	0	0	0	0	0	0	0	0	0	,01	
2002	56713	0990980268001	CONSTRUCTORA BENITES COBET C.A.	F	CONSTRUCCIÓN.	F4210.11	0	0	0	0	0	200,00	0	0	0	0	0	0	0	0	0	0	0	0	0	0	0	0	0	0	0	0	200,00	0	0	0	0	0	0	0	0	0	0	0	0	0	0	0	0	0	0	0	0	0	0	0	0	0	0	0	0	0	0	200,00	0	0	0	0	0	0	0	0	0	0	0	0	0	0	0	0	0	0	0	0	0	0	0	0	0	0	0	0	0	0	0	0	0	0	0	0	0	0	0	0	0	200,00	0	0	0	0	0	0	0	0	200,00	200,00	0	0	0	0	0	0	0	0	0	0	0	0	0	0	0	0	0	0	0	0	0	0	0	0	0	0	0	0	0	0	0	0	0	0	0	0	0	0	0	0	0	0	0	0	0	0	0	0	0	0	0	0	0	0	0	0	0	0	0	0	0	0	0	0	0	0	0	0	0	0	0	0	0	0	0	0	0	0	0	0	0	0	0	0	0	0	0	0	0	0	0	0	0	0	0	0	0	0	0	0	0	0	0	0	0	0	0	0	0	0	0	0	0	0	0	0	0	0	0	0	0	0	0	0	0	0	0	0	0	0	0	0	0	0	0	0	0	0	,01	
2002	56923	0991003630001	TETRIA S.A.	L	ACTIVIDADES INMOBILIARIAS.	L6810.01	0	0	0	0	0	0	0	0	0	0	0	0	0	0	0	0	0	0	0	0	0	43716,38	0	0	0	0	43716,38	235,94	0	0	581,68	0	0	0	-768,39	0	0	49,23	0	0	0	0	0	0	0	0	0	0	0	0	0	0	0	0	0	0	0	43765,61	0	0	0	0	0	0	0	0	0	0	0	0	0	0	0	0	0	0	0	0	0	0	0	27743,79	0	0	0	45133,60	0	0	0	0	0	0	0	0	0	72877,39	0	0	72877,39	200,00	0	0	87,19	388,91	1109,86	-28817,40	0	-2080,34	-29111,78	43765,61	0	0	0	0	0	0	0	0	0	0	0	0	0	0	0	0	0	0	0	0	0	0	0	0	0	0	0	0	0	0	0	0	0	0	0	0	0	0	0	0	0	0	0	0	0	0	0	0	0	0	0	0	0	0	0	0	0	0	0	0	0	0	0	0	0	0	1998,58	0	0	0	0	0	0	0	0	0	0	0	0	0	0	0	0	0	0	0	0	0	0	0	0	0	0	0	0	0	81,76	0	0	0	0	0	0	0	0	0	0	0	0	2080,34	2080,34	0	-2080,34	0	0	0	0	0	0	0	0	0	0	0	0	0	-2080,34	0	0	0	0	0	0	0	0	0	0	0	0	
2002	57513	0991029397001	ARCARI S.A.	A	AGRICULTURA, GANADERÍA,  SILVICULTURA Y PESCA.	A0321.02	0	0	0	0	0	0	0	0	0	0	0	0	0	0	0	0	0	0	0	0	0	0	0	0	0	0	0	0	0	0	0	0	0	0	0	11807,56	0	11807,56	0	80,00	0	0	0	80,00	0	0	0	0	0	0	0	0	0	0	0	0	0	11887,56	0	0	0	0	0	0	0	0	0	0	0	0	0	0	0	0	0	0	0	0	0	0	0	0	0	0	0	0	0	0	0	0	0	0	0	0	0	0	0	0	0	80,00	0	0	0	11807,56	0	0	0	0	11887,56	11887,56	0	0	0	0	0	0	0	0	0	0	0	0	0	0	0	0	0	0	0	0	0	0	0	0	0	0	0	0	0	0	0	0	0	0	0	0	0	0	0	0	0	0	0	0	0	0	0	0	0	0	0	0	0	0	0	0	0	0	0	0	0	0	0	0	0	0	0	0	0	0	0	0	0	0	0	0	0	0	0	0	0	0	0	0	0	0	0	0	0	0	0	0	0	0	0	0	0	0	0	0	0	0	0	0	0	0	0	0	0	0	0	0	0	0	0	0	0	0	0	0	0	0	0	0	0	0	0	0	0	0	0	0	0	0	0	0	0	0	,01	
2002	58121	0991062718001	APROEX S.A.	L	ACTIVIDADES INMOBILIARIAS.	L6810.01	0	0	0	0	0	140,00	0	0	0	0	0	0	0	0	0	0	0	0	0	0	0	0	0	0	0	0	140,00	310,94	0	0	0	0	0	0	0	0	0	310,94	0	0	0	0	0	0	0	0	0	0	0	0	0	0	0	0	0	0	0	450,94	0	0	0	0	0	0	0	0	0	0	0	0	0	0	0	0	0	0	0	0	0	0	0	0	0	0	0	35,86	0	0	0	0	0	0	0	0	0	35,86	0	0	35,86	200,00	0	0	168,26	46,82	0	0	0	0	415,08	450,94	0	0	0	0	0	0	0	0	0	0	0	0	0	0	0	0	0	0	0	0	0	0	0	0	0	0	0	0	0	0	0	0	0	0	0	0	0	0	0	0	0	0	0	0	0	0	0	0	0	0	0	0	0	0	0	0	0	0	0	0	0	0	0	0	0	0	0	0	0	0	0	0	0	0	0	0	0	0	0	0	0	0	0	0	0	0	0	0	0	0	0	0	0	0	0	0	0	0	0	0	0	0	0	0	0	0	0	0	0	0	0	0	0	0	0	0	0	0	0	0	0	0	0	0	0	0	0	0	0	0	0	0	0	0	0	0	0	0	,01	
2002	58194	0991070028001	TALLERES V&V S.A.	C	INDUSTRIAS MANUFACTURERAS.	C2432.01	0	0	0	0	0	607,77	0	0	0	0	0	0	0	0	0	0	0	0	0	0	0	0	0	0	0	0	607,77	0	0	53,29	354,06	0	431,16	70,49	-550,33	2300,00	0	2658,67	0	19,76	0	0	0	19,76	0	0	0	0	0	0	0	0	0	0	0	0	0	3286,20	0	0	0	0	0	0	0	0	0	0	0	0	0	0	0	0	0	0	0	0	0	0	0	0	0	0	0	0	0	0	0	0	0	0	0	0	0	0	0	0	0	200,00	0	1580,00	74,85	1431,35	0	0	0	0	3286,20	3286,20	0	0	0	0	0	0	0	0	0	0	0	0	0	0	0	0	0	0	0	0	0	0	0	0	0	0	0	0	0	0	0	0	0	0	0	0	0	0	0	0	0	0	0	0	0	0	0	0	0	0	0	0	0	0	0	0	0	0	0	0	0	0	0	0	0	0	0	0	0	0	0	0	0	0	0	0	0	0	0	0	0	0	0	0	0	0	0	0	0	0	0	0	0	0	0	0	0	0	0	0	0	0	0	0	0	0	0	0	0	0	0	0	0	0	0	0	0	0	0	0	0	0	0	0	0	0	0	0	0	0	0	0	0	0	0	0	0	0	,01	
2002	58401	0991091254001	TURKENFELD S.A.	F	CONSTRUCCIÓN.	F4100.10	0	0	0	0	0	0	0	0	0	0	0	26547,01	0	0	0	-2671,77	0	0	0	0	0	10783,95	0	0	0	0	34659,19	0	0	0	0	0	0	0	0	0	0	0	0	0	0	0	0	0	0	0	0	0	0	0	0	0	0	0	0	0	0	34659,19	0	0	0	0	0	0	0	0	0	0	0	0	0	0	0	0	0	0	0	95357,26	0	0	0	0	0	0	0	0	0	0	0	0	0	0	0	0	0	95357,26	0	0	95357,26	200,00	0	4035,85	20,12	2456,12	0	-54034,16	0	-13376,00	-60698,07	34659,19	0	0	0	0	0	0	0	0	0	0	0	0	0	0	0	0	0	0	0	0	0	0	0	0	0	0	0	0	0	0	0	0	0	0	0	0	0	0	0	0	0	0	0	0	0	0	0	0	0	0	0	0	0	0	0	0	0	0	0	0	0	0	0	0	0	0	0	0	0	0	0	0	0	0	0	0	0	0	0	0	0	0	0	0	0	0	0	0	0	0	0	0	0	0	0	0	0	0	0	0	0	0	0	0	0	0	0	0	0	0	0	0	0	0	0	0	0	0	0	0	0	0	0	0	0	0	0	0	0	0	0	0	0	0	0	0	0	0	0	
2002	58693	0990182523001	COMERCIALIZADORA LUSA C.A.	G	COMERCIO AL POR MAYOR Y AL POR MENOR REPARACIÓN DE VEHÍCULOS AUTOMOTORES Y MOTOCICLETAS.	G4669.22	0	0	0	0	0	341,18	2520,00	0	0	0	0	0	0	0	0	0	0	0	0	0	0	0	0	0	0	0	2861,18	0	0	0	0	0	0	0	0	0	0	0	0	0	0	0	0	0	0	0	0	0	0	0	0	0	0	0	0	0	0	2861,18	0	0	0	0	0	0	2520,00	0	0	0	0	0	0	0	0	0	0	0	2520,00	0	0	0	0	0	0	0	0	0	0	0	0	0	0	0	0	0	0	0	0	0	2520,00	200,00	0	0	0	141,18	0	0	0	0	341,18	2861,18	0	0	0	0	0	0	0	0	0	0	0	0	0	0	0	0	0	0	0	0	0	0	0	0	0	0	0	0	0	0	0	0	0	0	0	0	0	0	0	0	0	0	0	0	0	0	0	0	0	0	0	0	0	0	0	0	0	0	0	0	0	0	0	0	0	0	0	0	0	0	0	0	0	0	0	0	0	0	0	0	0	0	0	0	0	0	0	0	0	0	0	0	0	0	0	0	0	0	0	0	0	0	0	0	0	0	0	0	0	0	0	0	0	0	0	0	0	0	0	0	0	0	0	0	0	0	0	0	0	0	0	0	0	0	0	0	0	0	0	
2002	60415	1792254493001	MANOSINTER CORP S.A.	G	COMERCIO AL POR MAYOR Y AL POR MENOR REPARACIÓN DE VEHÍCULOS AUTOMOTORES Y MOTOCICLETAS.	G4652.02	0	0	0	0	0	100,00	0	0	0	0	0	0	0	0	0	0	0	0	0	0	0	0	0	0	0	0	100,00	0	0	0	0	0	0	0	0	0	0	0	0	0	0	0	0	0	0	0	0	0	0	0	0	0	0	0	0	0	0	100,00	0	0	0	0	0	0	0	0	0	0	0	0	0	0	0	0	0	0	0	0	0	0	0	0	0	0	0	0	0	0	0	0	0	0	0	0	0	0	0	0	0	400,00	-300,00	0	0	0	0	0	0	0	100,00	100,00	0	0	0	0	0	0	0	0	0	0	0	0	0	0	0	0	0	0	0	0	0	0	0	0	0	0	0	0	0	0	0	0	0	0	0	0	0	0	0	0	0	0	0	0	0	0	0	0	0	0	0	0	0	0	0	0	0	0	0	0	0	0	0	0	0	0	0	0	0	0	0	0	0	0	0	0	0	0	0	0	0	0	0	0	0	0	0	0	0	0	0	0	0	0	0	0	0	0	0	0	0	0	0	0	0	0	0	0	0	0	0	0	0	0	0	0	0	0	0	0	0	0	0	0	0	0	0	0	0	0	0	0	0	0	0	0	0	0	,01	
2002	65838	0991182551001	PIQUEROSA S.A.	A	AGRICULTURA, GANADERÍA,  SILVICULTURA Y PESCA.	A0311.01	0	0	0	0	0	2149,24	0	0	0	363933,10	0	0	0	97477,40	0	-1552,99	0	3833,46	0	0	0	0	0	0	0	0	465840,21	0	0	0	0	0	0	0	0	0	0	0	0	0	0	0	0	0	0	0	0	0	0	0	0	0	25774,47	0	0	0	25774,47	491614,68	0	0	0	0	0	0	0	0	150636,48	0	1157,62	0	0	0	0	0	0	39,00	151833,10	0	0	0	0	0	0	0	0	0	0	0	0	0	0	0	0	0	0	0	0	0	151833,10	80000,00	0	53690,43	414,18	704741,02	0	0	0	-499064,05	339781,58	491614,68	0	0	0	0	0	0	0	0	0	0	0	0	0	0	0	0	0	0	0	0	0	0	0	0	0	0	0	0	0	0	0	0	0	0	0	0	0	0	0	0	0	0	0	0	0	0	0	0	0	0	0	0	0	0	0	0	0	0	0	0	0	0	0	0	0	0	0	0	0	0	0	0	0	0	0	0	0	0	0	0	0	0	13,33	0	0	0	0	0	0	0	0	0	0	0	0	0	0	0	0	0	0	0	0	0	0	0	0	0	0	13,33	13,33	0	-13,33	0	0	0	0	0	0	0	0	0	0	0	0	0	-13,33	0	0	0	0	0	0	0	0	0	0	0	,01	
2002	66710	0991219625001	GOZZADINI S.A.	G	COMERCIO AL POR MAYOR Y AL POR MENOR REPARACIÓN DE VEHÍCULOS AUTOMOTORES Y MOTOCICLETAS.	G4649.99	0	0	0	0	0	0	0	0	0	0	0	0	0	0	0	0	0	0	0	0	0	0	0	0	0	0	0	597,00	0	0	0	0	0	0	-57,00	0	0	540,00	0	0	0	0	0	0	0	0	0	0	0	0	0	0	0	0	0	0	0	540,00	0	0	0	0	0	0	164,00	0	0	0	0	0	0	0	0	0	0	0	164,00	0	0	0	0	0	0	189,00	0	0	0	0	0	0	0	0	0	0	0	189,00	0	0	353,00	200,00	0	0	0	14,00	0	-27,00	0	0	187,00	540,00	0	0	0	0	0	0	0	0	0	0	0	0	0	0	0	0	0	0	0	0	0	0	0	0	0	0	0	0	0	0	0	0	0	0	0	0	0	0	0	0	0	0	0	0	0	0	0	0	0	0	0	0	0	0	0	0	0	0	0	0	0	0	0	0	0	0	0	0	0	0	0	0	0	0	0	0	0	0	0	0	0	0	0	0	0	0	0	0	0	0	0	0	0	0	0	0	0	0	0	0	0	0	0	0	0	0	0	0	0	0	0	0	0	0	0	0	0	0	0	0	0	0	0	0	0	0	0	0	0	0	0	0	0	0	0	0	0	0	0	
2002	67156	0991245340001	CONSTRUCTORA OBRASA S.A.	M	ACTIVIDADES PROFESIONALES, CIENTÍFICAS Y TÉCNICAS.	M7110.21	0	0	0	0	0	0	0	0	0	0	0	0	0	0	0	0	0	0	0	0	0	0	0	0	0	0	0	0	0	0	0	0	0	0	0	0	0	0	0	0	0	200,00	0	200,00	0	0	0	0	0	0	0	0	0	0	0	0	0	200,00	0	0	0	0	0	0	0	0	0	0	0	0	0	0	0	0	0	0	0	0	0	0	0	0	0	0	0	0	0	0	0	0	0	0	0	0	0	0	0	0	0	200,00	0	0	0	0	0	0	0	0	200,00	200,00	0	0	0	0	0	0	0	0	0	0	0	0	0	0	0	0	0	0	0	0	0	0	0	0	0	0	0	0	0	0	0	0	0	0	0	0	0	0	0	0	0	0	0	0	0	0	0	0	0	0	0	0	0	0	0	0	0	0	0	0	0	0	0	0	0	0	0	0	0	0	0	0	0	0	0	0	0	0	0	0	0	0	0	0	0	0	0	0	0	0	0	0	0	0	0	0	0	0	0	0	0	0	0	0	0	0	0	0	0	0	0	0	0	0	0	0	0	0	0	0	0	0	0	0	0	0	0	0	0	0	0	0	0	0	0	0	0	0	,01	
2002	67163	0991245197001	INMOBILIARIA MARYCAR S.A.	L	ACTIVIDADES INMOBILIARIAS.	L6810.01	0	0	0	0	0	120,00	0	0	0	0	0	0	0	0	0	0	0	0	0	0	0	0	0	0	0	0	120,00	0	0	151321,87	0	0	0	0	-17132,09	0	0	134189,78	0	16,00	0	0	-16,00	0	0	0	0	0	0	0	0	0	0	0	0	0	0	134309,78	75,30	0	0	0	0	0	0	0	0	0	0	0	0	0	0	0	0	0	75,30	0	0	0	0	0	0	0	0	63600,12	0	0	0	0	0	0	0	0	0	63600,12	0	7500,00	71175,42	800,00	0	800,00	86,92	60957,84	398,78	0	90,82	0	63134,36	134309,78	1071,25	6500,00	0	0	0	0	0	0	0	0	0	0	0	0	7571,25	0	0	0	0	0	0	0	0	0	0	0	0	0	0	650,00	0	0	0	0	0	0	0	0	0	0	0	0	0	0	0	0	0	0	0	0	0	0	0	0	0	0	0	0	0	0	0	0	0	0	0	0	0	0	0	0	0	0	0	0	0	0	0	0	0	0	0	0	0	0	0	0	0	0	0	0	0	0	0	0	3780,33	0	0	0	1,07	0	1850,00	0	1183,00	0	0	0	0	0	0	7464,40	7464,40	106,85	0	0	0	0	0	0	0	0	0	0	0	0	0	106,85	0	0	106,85	26,71	0	0	0	0	0	0	26,71	0	0	
2002	67294	0991246185001	REZPEGUZ S.A.	A	AGRICULTURA, GANADERÍA,  SILVICULTURA Y PESCA.	A0150.00	0	0	0	0	0	80,00	0	0	0	0	0	0	0	0	0	0	0	0	0	0	0	0	0	0	0	0	80,00	0	0	0	0	0	0	0	0	0	0	0	0	0	0	0	0	0	0	0	0	0	0	0	0	0	0	0	0	0	0	80,00	0	0	0	0	0	0	0	0	0	0	0	0	0	0	0	0	0	0	0	0	0	0	0	0	0	0	0	0	0	0	0	0	0	0	0	0	0	0	0	0	0	80,00	0	0	0	0	0	0	0	0	80,00	80,00	0	0	0	0	0	0	0	0	0	0	0	0	0	0	0	0	0	0	0	0	0	0	0	0	0	0	0	0	0	0	0	0	0	0	0	0	0	0	0	0	0	0	0	0	0	0	0	0	0	0	0	0	0	0	0	0	0	0	0	0	0	0	0	0	0	0	0	0	0	0	0	0	0	0	0	0	0	0	0	0	0	0	0	0	0	0	0	0	0	0	0	0	0	0	0	0	0	0	0	0	0	0	0	0	0	0	0	0	0	0	0	0	0	0	0	0	0	0	0	0	0	0	0	0	0	0	0	0	0	0	0	0	0	0	0	0	0	0	0	
2002	68040	0991257349001	CAMARONERA MENDOZA CISNEROS S.A. CAMECI	G	COMERCIO AL POR MAYOR Y AL POR MENOR REPARACIÓN DE VEHÍCULOS AUTOMOTORES Y MOTOCICLETAS.	G4649.99	0	0	0	0	0	10,00	0	0	0	0	0	0	0	0	0	0	0	0	0	0	0	0	0	0	0	0	10,00	0	0	0	0	0	0	0	0	0	0	0	0	60,00	0	0	0	60,00	0	0	0	0	0	0	0	0	0	0	0	0	0	70,00	0	0	0	0	0	0	0	0	0	0	0	0	0	0	0	0	0	0	0	0	0	0	0	0	0	0	0	0	0	0	0	0	0	0	0	0	0	0	0	0	0	200,00	-130,00	0	0	0	0	0	0	0	70,00	70,00	0	0	0	0	0	0	0	0	0	0	0	0	0	0	0	0	0	0	0	0	0	0	0	0	0	0	0	0	0	0	0	0	0	0	0	0	0	0	0	0	0	0	0	0	0	0	0	0	0	0	0	0	0	0	0	0	0	0	0	0	0	0	0	0	0	0	0	0	0	0	0	0	0	0	0	0	0	0	0	0	0	0	0	0	0	0	0	0	0	0	0	0	0	0	0	0	0	0	0	0	0	0	0	0	0	0	0	0	0	0	0	0	0	0	0	0	0	0	0	0	0	0	0	0	0	0	0	0	0	0	0	0	0	0	0	0	0	0	,01	
2002	68308	0991260560001	GONGORO S.A.	G	COMERCIO AL POR MAYOR Y AL POR MENOR REPARACIÓN DE VEHÍCULOS AUTOMOTORES Y MOTOCICLETAS.	G4649.99	0	0	0	0	0	540,46	0	0	0	759,23	0	0	0	0	0	0	0	0	0	0	0	0	0	0	0	0	1299,69	5627,37	0	0	0	0	0	0	-1326,37	0	0	4301,00	0	0	0	81,48	0	81,48	0	0	0	0	0	0	0	0	0	0	0	0	0	5682,17	0	0	0	0	0	0	0	0	0	0	0	0	0	0	0	1370,00	0	0	1370,00	0	0	0	0	0	0	0	0	0	0	0	0	0	0	0	0	0	281,37	281,37	0	0	1651,37	800,00	0	0	24,25	3926,73	97,02	-535,83	0	-281,37	4030,80	5682,17	0	0	0	0	0	0	0	0	0	0	0	0	0	0	0	0	0	0	0	0	0	0	0	0	0	0	0	0	0	0	0	0	0	0	0	0	0	0	0	0	0	0	0	0	0	0	0	0	0	0	0	0	0	0	0	0	0	0	0	0	0	0	0	0	0	0	0	0	0	0	0	0	0	0	0	0	0	0	0	0	0	0	0	0	0	0	0	0	0	0	0	0	0	0	0	0	281,37	0	0	0	0	0	0	0	0	0	0	0	0	281,37	281,37	0	-281,37	0	0	0	0	0	0	0	0	0	0	0	0	0	-281,37	0	0	0	0	0	0	0	0	0	0	0	,01	
2002	68555	0991263799001	ELALTO S.A.	G	COMERCIO AL POR MAYOR Y AL POR MENOR REPARACIÓN DE VEHÍCULOS AUTOMOTORES Y MOTOCICLETAS.	G4649.99	0	0	0	0	0	200,00	0	0	0	0	0	0	0	0	0	0	0	0	0	0	0	0	0	0	0	0	200,00	7198,55	0	41394,40	0	0	0	0	-11259,86	0	0	37333,09	0	0	0	0	0	0	0	0	0	0	0	0	0	0	0	0	0	0	0	37533,09	0	0	0	0	0	0	26649,87	0	0	0	0	0	0	0	0	0	0	0	26649,87	0	0	0	0	0	0	0	0	0	0	0	0	0	0	0	0	0	0	0	0	0	26649,87	200,00	0	0	10683,22	0	0	0	0	0	10883,22	37533,09	0	0	0	0	0	0	0	0	0	0	0	0	0	0	0	0	0	0	0	0	0	0	0	0	0	0	0	0	0	0	0	0	0	0	0	0	0	0	0	0	0	0	0	0	0	0	0	0	0	0	0	0	0	0	0	0	0	0	0	0	0	0	0	0	0	0	0	0	0	0	0	0	0	0	0	0	0	0	0	0	0	0	0	0	0	0	0	0	0	0	0	0	0	0	0	0	0	0	0	0	0	0	0	0	0	0	0	0	0	0	0	0	0	0	0	0	0	0	0	0	0	0	0	0	0	0	0	0	0	0	0	0	0	0	0	0	0	0	0	
2002	68581	1290067517001	RAFSAN S.A.	G	COMERCIO AL POR MAYOR Y AL POR MENOR REPARACIÓN DE VEHÍCULOS AUTOMOTORES Y MOTOCICLETAS.	G4711.01	0	0	0	0	0	200,00	0	0	0	0	0	0	0	0	0	0	0	0	0	0	0	0	0	0	0	0	200,00	0	0	0	0	0	0	0	0	0	0	0	0	0	0	0	0	0	0	0	0	0	0	0	0	0	0	0	0	0	0	200,00	0	0	0	0	0	0	0	0	0	0	0	0	0	0	0	0	0	0	0	0	0	0	0	0	0	0	0	0	0	0	0	0	0	0	0	0	0	0	0	0	0	800,00	-600,00	0	0	0	0	0	0	0	200,00	200,00	0	0	0	0	0	0	0	0	0	0	0	0	0	0	0	0	0	0	0	0	0	0	0	0	0	0	0	0	0	0	0	0	0	0	0	0	0	0	0	0	0	0	0	0	0	0	0	0	0	0	0	0	0	0	0	0	0	0	0	0	0	0	0	0	0	0	0	0	0	0	0	0	0	0	0	0	0	0	0	0	0	0	0	0	0	0	0	0	0	0	0	0	0	0	0	0	0	0	0	0	0	0	0	0	0	0	0	0	0	0	0	0	0	0	0	0	0	0	0	0	0	0	0	0	0	0	0	0	0	0	0	0	0	0	0	0	0	0	0	
2002	68605	0991264957001	DROGEC COMPANIA ECUATORIANA DE PRODUCTOS FARMACEUTICOS S.A.	G	COMERCIO AL POR MAYOR Y AL POR MENOR REPARACIÓN DE VEHÍCULOS AUTOMOTORES Y MOTOCICLETAS.	G4669.11	0	0	0	0	0	0	0	0	0	0	0	0	0	0	0	0	0	0	0	0	0	0	0	0	0	0	0	0	0	0	0	0	0	0	0	0	0	0	0	0	0	0	0	0	0	0	0	0	0	0	2000,00	0	0	0	0	0	2000,00	2000,00	0	0	0	0	0	0	0	0	0	0	0	0	0	0	0	0	0	0	0	0	0	0	0	0	0	0	0	0	0	0	0	0	0	0	0	0	0	0	0	0	0	2000,00	0	0	0	0	0	0	0	0	2000,00	2000,00	0	0	0	0	0	0	0	0	0	0	0	0	0	0	0	0	0	0	0	0	0	0	0	0	0	0	0	0	0	0	0	0	0	0	0	0	0	0	0	0	0	0	0	0	0	0	0	0	0	0	0	0	0	0	0	0	0	0	0	0	0	0	0	0	0	0	0	0	0	0	0	0	0	0	0	0	0	0	0	0	0	0	0	0	0	0	0	0	0	0	0	0	0	0	0	0	0	0	0	0	0	0	0	0	0	0	0	0	0	0	0	0	0	0	0	0	0	0	0	0	0	0	0	0	0	0	0	0	0	0	0	0	0	0	0	0	0	0	,01	
2002	68628	0991263810001	GUAYACANES DEL ALTO S.A. GUAYALTO	G	COMERCIO AL POR MAYOR Y AL POR MENOR REPARACIÓN DE VEHÍCULOS AUTOMOTORES Y MOTOCICLETAS.	G4649.99	0	0	0	0	0	200,00	0	0	0	0	0	0	0	0	0	0	0	0	0	0	0	0	0	0	0	0	200,00	0	0	0	0	0	0	0	0	0	0	0	0	0	0	0	0	0	0	0	0	0	0	0	0	0	0	0	0	0	0	200,00	0	0	0	0	0	0	0	0	0	0	0	0	0	0	0	0	0	0	0	0	0	0	0	0	0	0	0	0	0	0	0	0	0	0	0	0	0	0	0	0	0	200,00	0	0	0	0	0	0	0	0	200,00	200,00	0	0	0	0	0	0	0	0	0	0	0	0	0	0	0	0	0	0	0	0	0	0	0	0	0	0	0	0	0	0	0	0	0	0	0	0	0	0	0	0	0	0	0	0	0	0	0	0	0	0	0	0	0	0	0	0	0	0	0	0	0	0	0	0	0	0	0	0	0	0	0	0	0	0	0	0	0	0	0	0	0	0	0	0	0	0	0	0	0	0	0	0	0	0	0	0	0	0	0	0	0	0	0	0	0	0	0	0	0	0	0	0	0	0	0	0	0	0	0	0	0	0	0	0	0	0	0	0	0	0	0	0	0	0	0	0	0	0	,01	
2002	68635	0991263802001	BAJADA DEL MORRO S.A. BAJAMORRO	G	COMERCIO AL POR MAYOR Y AL POR MENOR REPARACIÓN DE VEHÍCULOS AUTOMOTORES Y MOTOCICLETAS.	G4649.99	0	0	0	0	0	200,00	0	0	0	0	0	0	0	0	0	0	0	0	0	0	0	0	0	0	0	0	200,00	0	0	0	0	0	0	0	0	0	0	0	0	0	0	0	0	0	0	0	0	0	0	0	0	0	0	0	0	0	0	200,00	0	0	0	0	0	0	0	0	0	0	0	0	0	0	0	0	0	0	0	0	0	0	0	0	0	0	0	0	0	0	0	0	0	0	0	0	0	0	0	0	0	200,00	0	0	0	0	0	0	0	0	200,00	200,00	0	0	0	0	0	0	0	0	0	0	0	0	0	0	0	0	0	0	0	0	0	0	0	0	0	0	0	0	0	0	0	0	0	0	0	0	0	0	0	0	0	0	0	0	0	0	0	0	0	0	0	0	0	0	0	0	0	0	0	0	0	0	0	0	0	0	0	0	0	0	0	0	0	0	0	0	0	0	0	0	0	0	0	0	0	0	0	0	0	0	0	0	0	0	0	0	0	0	0	0	0	0	0	0	0	0	0	0	0	0	0	0	0	0	0	0	0	0	0	0	0	0	0	0	0	0	0	0	0	0	0	0	0	0	0	0	0	0	,01	
2002	68639	0991263780001	LA ALBANADA S.A.	Z	DEPURAR	ZZZZZ.ZZ	0	0	0	0	0	200,00	0	0	0	0	0	0	0	0	0	0	0	0	0	0	0	0	0	0	0	0	200,00	0	0	0	0	0	0	0	0	0	0	0	0	0	0	0	0	0	0	0	0	0	0	0	0	0	0	0	0	0	0	200,00	0	0	0	0	0	0	0	0	0	0	0	0	0	0	0	0	0	0	0	0	0	0	0	0	0	0	0	0	0	0	0	0	0	0	0	0	0	0	0	0	0	200,00	0	0	0	0	0	0	0	0	200,00	200,00	0	0	0	0	0	0	0	0	0	0	0	0	0	0	0	0	0	0	0	0	0	0	0	0	0	0	0	0	0	0	0	0	0	0	0	0	0	0	0	0	0	0	0	0	0	0	0	0	0	0	0	0	0	0	0	0	0	0	0	0	0	0	0	0	0	0	0	0	0	0	0	0	0	0	0	0	0	0	0	0	0	0	0	0	0	0	0	0	0	0	0	0	0	0	0	0	0	0	0	0	0	0	0	0	0	0	0	0	0	0	0	0	0	0	0	0	0	0	0	0	0	0	0	0	0	0	0	0	0	0	0	0	0	0	0	0	0	0	,01	
2002	69237	0991278885001	INDUSTRIAL DEIDASAK S.A.	G	COMERCIO AL POR MAYOR Y AL POR MENOR REPARACIÓN DE VEHÍCULOS AUTOMOTORES Y MOTOCICLETAS.	G4649.99	0	0	0	0	0	500,00	0	0	0	0	0	0	0	0	0	0	0	0	0	0	0	0	0	0	0	0	500,00	2061,49	0	0	0	0	0	0	-731,34	0	0	1330,15	0	240,00	0	0	0	240,00	0	0	0	0	0	0	0	0	0	0	0	0	0	2070,15	0	0	0	0	0	0	0	0	0	0	0	0	0	0	0	0	0	0	0	0	0	1185,63	0	0	0	0	0	0	0	0	0	0	0	0	0	0	0	1185,63	0	0	1185,63	892,00	0	0	0	0	0	-7,48	0	0	884,52	2070,15	0	0	0	0	0	0	0	0	0	0	0	0	0	0	0	0	0	0	0	0	0	0	0	0	0	0	0	0	0	0	0	0	0	0	0	0	0	0	0	0	0	0	0	0	0	0	0	0	0	0	0	0	0	0	0	0	0	0	0	0	0	0	0	0	0	0	0	0	0	0	0	0	0	0	0	0	0	0	0	0	0	0	0	0	0	0	0	0	0	0	0	0	0	0	0	0	0	0	0	0	0	0	0	0	0	0	0	0	0	0	0	0	0	0	0	0	0	0	0	0	0	0	0	0	0	0	0	0	0	0	0	0	0	0	0	0	0	0	,01	
2002	69350	0991275436001	ICADE INSTITUTO DE CAPACITACION Y DESARROLLO S.A.	P	ENSEÑANZA.	P8522.01	0	0	0	0	0	200,00	0	0	0	0	0	0	0	0	0	0	0	0	0	0	0	0	0	0	0	0	200,00	0	0	0	0	0	0	0	0	0	0	0	0	0	0	0	0	0	0	0	0	0	0	0	0	0	0	0	0	0	0	200,00	0	0	0	0	0	0	0	0	0	0	0	0	0	0	0	0	0	0	0	0	0	0	0	0	0	0	0	0	0	0	0	0	0	0	0	0	0	0	0	0	0	200,00	0	0	0	0	0	0	0	0	200,00	200,00	0	0	0	0	0	0	0	0	0	0	0	0	0	0	0	0	0	0	0	0	0	0	0	0	0	0	0	0	0	0	0	0	0	0	0	0	0	0	0	0	0	0	0	0	0	0	0	0	0	0	0	0	0	0	0	0	0	0	0	0	0	0	0	0	0	0	0	0	0	0	0	0	0	0	0	0	0	0	0	0	0	0	0	0	0	0	0	0	0	0	0	0	0	0	0	0	0	0	0	0	0	0	0	0	0	0	0	0	0	0	0	0	0	0	0	0	0	0	0	0	0	0	0	0	0	0	0	0	0	0	0	0	0	0	0	0	0	0	0	
2002	69888	0991283188001	RANSERT S.A.	L	ACTIVIDADES INMOBILIARIAS.	L6810.01	0	0	0	0	0	51,95	0	0	0	0	0	0	0	205,06	0	0	0	0	0	0	0	0	0	0	0	0	257,01	2823,50	0	0	0	0	0	0	0	0	0	2823,50	0	137,33	0	0	-92,69	44,64	0	0	0	0	0	0	0	0	0	0	0	0	0	3125,15	0	0	78,55	0	0	0	2222,98	0	4,50	0	0	0	0	0	0	0	0	0	2306,03	0	0	0	0	0	0	3077,47	0	0	0	0	0	0	0	0	0	0	0	3077,47	0	0	5383,50	800,00	0	0	36,71	0	30,00	-3125,06	0	0	-2258,35	3125,15	0	0	0	0	0	0	0	0	0	0	0	0	0	0	0	0	0	0	0	0	0	0	0	0	0	0	0	0	0	0	0	0	0	0	0	0	0	0	0	0	0	0	0	0	0	0	0	0	0	0	0	0	0	0	0	0	0	0	0	0	0	0	0	0	0	0	0	0	0	0	0	0	0	0	0	0	0	0	0	0	0	0	0	0	0	0	0	0	0	0	0	0	0	0	0	0	0	0	0	0	0	0	0	0	0	0	0	0	0	0	0	0	0	0	0	0	0	0	0	0	0	0	0	0	0	0	0	0	0	0	0	0	0	0	0	0	0	0	,01	
2002	70110	0991290095001	REPRESENTACIONES MODERNAS REPMO S.A.	A	AGRICULTURA, GANADERÍA,  SILVICULTURA Y PESCA.	A0150.00	0	0	0	0	0	50,00	0	0	0	0	0	0	0	0	0	0	0	0	0	0	0	0	0	0	0	0	50,00	0	0	0	0	0	0	0	0	0	0	0	0	0	0	0	0	0	0	0	0	0	0	0	0	0	0	0	0	150,00	150,00	200,00	0	0	0	0	0	0	0	0	0	0	0	0	0	0	0	0	0	0	0	0	0	0	0	0	0	0	0	0	0	0	0	0	0	0	0	0	0	0	0	0	0	200,00	0	0	0	0	0	0	0	0	200,00	200,00	0	0	0	0	0	0	0	0	0	0	0	0	0	0	0	0	0	0	0	0	0	0	0	0	0	0	0	0	0	0	0	0	0	0	0	0	0	0	0	0	0	0	0	0	0	0	0	0	0	0	0	0	0	0	0	0	0	0	0	0	0	0	0	0	0	0	0	0	0	0	0	0	0	0	0	0	0	0	0	0	0	0	0	0	0	0	0	0	0	0	0	0	0	0	0	0	0	0	0	0	0	0	0	0	0	0	0	0	0	0	0	0	0	0	0	0	0	0	0	0	0	0	0	0	0	0	0	0	0	0	0	0	0	0	0	0	0	0	0	
2002	70136	0991291032001	REPRESENTACIONES AGRICOLAS Y QUIMICAS R&F AGRIQUIM S.A.	G	COMERCIO AL POR MAYOR Y AL POR MENOR REPARACIÓN DE VEHÍCULOS AUTOMOTORES Y MOTOCICLETAS.	G4669.11	0	0	0	0	0	0	0	0	0	0	0	0	0	0	0	0	1289,52	0	0	0	0	0	0	0	0	0	1289,52	0	0	0	0	0	0	0	0	0	0	0	0	0	146,00	0	0	146,00	0	0	0	0	0	0	0	0	0	0	0	0	0	1435,52	635,52	0	0	0	0	0	0	0	0	0	0	0	0	0	0	0	0	0	635,52	0	0	0	0	0	0	0	0	0	0	0	0	0	0	0	0	0	0	0	0	0	635,52	800,00	0	0	0	0	0	0	0	0	800,00	1435,52	0	0	0	0	0	0	0	0	0	0	0	0	0	0	0	0	0	0	0	0	0	0	0	0	0	0	0	0	0	0	0	0	0	0	0	0	0	0	0	0	0	0	0	0	0	0	0	0	0	0	0	0	0	0	0	0	0	0	0	0	0	0	0	0	0	0	0	0	0	0	0	0	0	0	0	0	0	0	0	0	0	0	0	0	0	0	0	0	0	0	0	0	0	0	0	0	0	0	0	0	0	0	0	0	0	0	0	0	0	0	0	0	0	0	0	0	0	0	0	0	0	0	0	0	0	0	0	0	0	0	0	0	0	0	0	0	0	0	,01	
2002	70704	0991296204001	INDUSTRIA DE CHOCOLATES GRUPO LACTA (INLACTA) S.A.	G	COMERCIO AL POR MAYOR Y AL POR MENOR REPARACIÓN DE VEHÍCULOS AUTOMOTORES Y MOTOCICLETAS.	G4630.93	0	0	0	0	0	0	0	0	0	0	0	0	0	0	0	0	0	0	0	0	0	0	0	0	0	0	0	166375,83	0	0	0	0	0	0	-1386,47	0	0	164989,36	0	100,00	0	0	0	100,00	0	0	0	0	0	0	5000,00	0	0	0	0	0	5000,00	170089,36	0	0	0	0	0	0	0	0	0	0	0	0	0	0	0	0	0	0	0	0	0	0	0	0	0	169527,05	0	0	0	0	0	0	0	0	0	0	0	169527,05	0	0	169527,05	400,00	0	0	0	0	162,31	0	0	0	562,31	170089,36	0	0	0	0	0	0	0	0	0	0	0	0	0	0	0	0	0	0	0	0	0	0	0	0	0	0	0	0	0	0	0	0	0	0	0	0	0	0	0	0	0	0	0	0	0	0	0	0	0	0	0	0	0	0	0	0	0	0	0	0	0	0	0	0	0	0	0	0	0	0	0	0	0	0	0	0	0	0	0	0	0	0	0	0	0	0	0	0	0	0	0	0	0	0	0	0	0	0	0	0	0	0	0	0	0	0	0	0	0	0	0	0	0	0	0	0	0	0	0	0	0	0	0	0	0	0	0	0	0	0	0	0	0	0	0	0	0	0	0	
2002	70808	0991296654001	VIVANCO S.A.	A	AGRICULTURA, GANADERÍA,  SILVICULTURA Y PESCA.	A0111.13	0	0	0	0	0	200,00	0	0	0	0	0	0	0	0	0	0	0	0	0	0	0	0	0	0	0	0	200,00	0	0	0	0	0	0	0	0	0	0	0	0	0	0	0	0	0	0	3205,60	0	0	0	0	0	0	0	0	0	0	3205,60	3405,60	0	0	0	0	0	0	0	0	0	0	0	0	0	0	0	0	0	0	0	0	0	0	0	0	0	3205,60	0	0	0	0	0	0	0	0	0	0	0	3205,60	0	0	3205,60	200,00	0	0	0	0	0	0	0	0	200,00	3405,60	0	0	0	0	0	0	0	0	0	0	0	0	0	0	0	0	0	0	0	0	0	0	0	0	0	0	0	0	0	0	0	0	0	0	0	0	0	0	0	0	0	0	0	0	0	0	0	0	0	0	0	0	0	0	0	0	0	0	0	0	0	0	0	0	0	0	0	0	0	0	0	0	0	0	0	0	0	0	0	0	0	0	0	0	0	0	0	0	0	0	0	0	0	0	0	0	0	0	0	0	0	0	0	0	0	0	0	0	0	0	0	0	0	0	0	0	0	0	0	0	0	0	0	0	0	0	0	0	0	0	0	0	0	0	0	0	0	0	,01	
2002	72440	0991320113001	BRADESCORP S.A.	A	AGRICULTURA, GANADERÍA,  SILVICULTURA Y PESCA.	A0150.00	0	0	0	0	0	0	0	0	0	0	0	0	0	0	0	0	0	0	0	0	0	0	0	0	0	0	0	0	0	0	10063,53	0	12176,00	1557,44	0	871,21	0	24668,18	0	208,00	0	764,70	0	972,70	0	0	0	0	0	0	0	0	0	0	0	0	0	25640,88	0	0	0	0	0	0	0	0	0	0	0	0	0	0	0	0	0	0	0	0	0	0	0	0	0	0	0	13530,31	0	0	0	0	0	0	0	0	0	13530,31	0	0	13530,31	200,00	0	0	1315,60	10594,97	0	0	0	0	12110,57	25640,88	0	0	0	0	0	0	0	0	0	0	0	0	0	0	0	0	0	0	0	0	0	0	0	0	0	0	0	0	0	0	0	0	0	0	0	0	0	0	0	0	0	0	0	0	0	0	0	0	0	0	0	0	0	0	0	0	0	0	0	0	0	0	0	0	0	0	0	0	0	0	0	0	0	0	0	0	0	0	0	0	0	0	0	0	0	0	0	0	0	0	0	0	0	0	0	0	0	0	0	0	0	0	0	0	0	0	0	0	0	0	0	0	0	0	0	0	0	0	0	0	0	0	0	0	0	0	0	0	0	0	0	0	0	0	0	0	0	0	0	
2002	72585	0991328181001	COMPANIA ANONIMA NAVIERA ACOLAMMAR	G	COMERCIO AL POR MAYOR Y AL POR MENOR REPARACIÓN DE VEHÍCULOS AUTOMOTORES Y MOTOCICLETAS.	G4690.00	0	0	0	0	0	16,41	0	0	0	0	0	0	0	0	0	0	0	0	0	0	0	0	0	0	0	0	16,41	0	0	0	0	0	0	0	0	0	0	0	240,00	0	0	0	0	240,00	0	0	0	0	0	0	0	0	0	0	0	0	0	256,41	0	0	0	0	0	0	0	0	0	0	0	0	0	0	0	0	0	0	0	0	0	0	0	0	0	0	0	0	0	0	0	0	0	0	0	0	0	0	0	0	0	256,41	0	0	0	0	0	0	0	0	256,41	256,41	0	0	0	0	0	0	0	0	0	0	0	0	0	0	0	0	0	0	0	0	0	0	0	0	0	0	0	0	0	0	0	0	0	0	0	0	0	0	0	0	0	0	0	0	0	0	0	0	0	0	0	0	0	0	0	0	0	0	0	0	0	0	0	0	0	0	0	0	0	0	0	0	0	0	0	0	0	0	0	0	0	0	0	0	0	0	0	0	0	0	0	0	0	0	0	0	0	0	0	0	0	0	0	0	0	0	0	0	0	0	0	0	0	0	0	0	0	0	0	0	0	0	0	0	0	0	0	0	0	0	0	0	0	0	0	0	0	0	0	
2002	72964	0991326839001	MONTEMONT S.A.	L	ACTIVIDADES INMOBILIARIAS.	L6810.01	0	0	0	0	0	25,00	0	0	0	0	0	0	0	0	0	0	0	0	0	0	0	0	0	0	0	0	25,00	0	0	1080,00	0	0	0	0	0	0	0	1080,00	234,00	1352,06	0	0	0	1586,06	0	0	0	0	0	0	0	0	0	0	0	0	0	2691,06	0	0	0	0	0	0	0	0	0	0	0	0	39,17	0	0	0	0	0	39,17	0	0	0	0	0	0	0	0	606,04	0	0	0	0	0	0	0	0	0	606,04	0	0	645,21	800,00	0	1200,00	0	0	16,90	0	28,95	0	2045,85	2691,06	0	1800,00	0	0	0	0	0	0	0	0	0	0	0	0	1800,00	0	0	0	0	0	0	0	0	0	0	0	0	0	0	0	0	0	0	0	0	0	0	0	0	0	0	0	0	0	0	0	0	0	0	0	0	0	0	0	0	0	0	0	0	0	0	0	0	0	0	0	0	0	0	0	0	0	0	0	218,97	0	0	321,80	0	0	60,00	0	118,50	0	0	0	0	0	0	1051,78	0	0	0	0	0	0	0	0	0	0	0	0	0	0	0	0	0	0	1373,58	397,47	1771,05	28,95	0	0	0	0	0	0	0	0	0	0	0	0	0	28,95	0	0	28,95	7,24	0	0	0	0	0	0	7,24	0	0	
2002	73218	0991331514001	LOVI S.A.	L	ACTIVIDADES INMOBILIARIAS.	L6810.01	0	0	0	0	0	200,00	0	0	0	0	0	0	0	0	0	0	0	0	0	0	0	0	0	0	0	0	200,00	0	0	0	0	0	0	0	0	0	0	0	0	0	0	0	0	0	0	0	0	0	0	0	0	0	0	0	0	0	0	200,00	0	0	0	0	0	0	0	0	0	0	0	0	0	0	0	0	0	0	0	0	0	0	0	0	0	0	0	0	0	0	0	0	0	0	0	0	0	0	0	0	0	200,00	0	0	0	0	0	0	0	0	200,00	200,00	0	0	0	0	0	0	0	0	0	0	0	0	0	0	0	0	0	0	0	0	0	0	0	0	0	0	0	0	0	0	0	0	0	0	0	0	0	0	0	0	0	0	0	0	0	0	0	0	0	0	0	0	0	0	0	0	0	0	0	0	0	0	0	0	0	0	0	0	0	0	0	0	0	0	0	0	0	0	0	0	0	0	0	0	0	0	0	0	0	0	0	0	0	0	0	0	0	0	0	0	0	0	0	0	0	0	0	0	0	0	0	0	0	0	0	0	0	0	0	0	0	0	0	0	0	0	0	0	0	0	0	0	0	0	0	0	0	0	0	
2002	73788	0991314512001	TRANSPORTES Y NAVES PESQUERAS C.A. TRANSNAPESCA	C	INDUSTRIAS MANUFACTURERAS.	C1020.04	0	0	0	0	0	1250,00	0	750,00	0	0	0	0	0	0	0	0	0	0	0	0	0	0	0	0	0	0	2000,00	0	0	0	0	0	0	0	0	0	0	0	0	0	0	0	0	0	0	0	0	0	0	0	0	0	0	0	0	0	0	2000,00	0	0	0	0	0	0	0	0	0	0	0	0	0	0	0	0	0	0	0	0	0	0	0	0	0	0	0	0	0	0	0	0	0	0	0	0	0	0	0	0	0	2000,00	0	0	0	0	0	0	0	0	2000,00	2000,00	0	0	0	0	0	0	0	0	0	0	0	0	0	0	0	0	0	0	0	0	0	0	0	0	0	0	0	0	0	0	0	0	0	0	0	0	0	0	0	0	0	0	0	0	0	0	0	0	0	0	0	0	0	0	0	0	0	0	0	0	0	0	0	0	0	0	0	0	0	0	0	0	0	0	0	0	0	0	0	0	0	0	0	0	0	0	0	0	0	0	0	0	0	0	0	0	0	0	0	0	0	0	0	0	0	0	0	0	0	0	0	0	0	0	0	0	0	0	0	0	0	0	0	0	0	0	0	0	0	0	0	0	0	0	0	0	0	0	0	
2002	74014	0991354425001	ARPAL S.A.	N	ACTIVIDADES DE SERVICIOS ADMINISTRATIVOS Y DE APOYO.	N7730.1	0	0	0	0	0	200,00	0	0	0	0	0	0	0	0	0	0	0	0	0	0	0	0	0	0	0	0	200,00	0	0	0	0	0	0	0	0	0	0	0	0	0	0	0	0	0	0	0	0	0	0	0	0	0	0	0	0	0	0	200,00	0	0	0	0	0	0	0	0	0	0	0	0	0	0	0	0	0	0	0	0	0	0	0	0	0	0	0	0	0	0	0	0	0	0	0	0	0	0	0	0	0	200,00	0	0	0	0	0	0	0	0	200,00	200,00	0	0	0	0	0	0	0	0	0	0	0	0	0	0	0	0	0	0	0	0	0	0	0	0	0	0	0	0	0	0	0	0	0	0	0	0	0	0	0	0	0	0	0	0	0	0	0	0	0	0	0	0	0	0	0	0	0	0	0	0	0	0	0	0	0	0	0	0	0	0	0	0	0	0	0	0	0	0	0	0	0	0	0	0	0	0	0	0	0	0	0	0	0	0	0	0	0	0	0	0	0	0	0	0	0	0	0	0	0	0	0	0	0	0	0	0	0	0	0	0	0	0	0	0	0	0	0	0	0	0	0	0	0	0	0	0	0	0	,01	
2002	74057	0991328254001	UNISOMERIN S.A.	G	COMERCIO AL POR MAYOR Y AL POR MENOR REPARACIÓN DE VEHÍCULOS AUTOMOTORES Y MOTOCICLETAS.	G4669.12	0	0	0	0	0	0	0	597185,00	0	0	0	0	0	0	2093,00	-597200,00	0	0	0	0	0	0	0	0	0	0	2078,00	0	0	0	0	0	0	0	0	0	0	0	0	0	0	0	0	0	0	0	0	0	0	0	0	0	0	0	0	0	0	2078,00	0	0	0	0	0	0	0	0	0	0	0	0	0	0	0	0	0	7814,00	7814,00	0	0	0	0	0	0	0	0	0	0	0	0	0	0	0	0	0	0	0	0	0	7814,00	200,00	0	0	0	599371,00	0	-4806,00	0	-600501,00	-5736,00	2078,00	0	0	0	0	0	0	0	0	0	0	0	0	0	0	0	0	0	0	0	0	0	0	0	0	0	0	0	0	0	0	0	0	0	0	0	0	0	0	0	0	0	0	0	0	0	0	0	0	0	0	0	0	0	0	0	0	0	0	0	0	0	0	0	0	0	0	0	0	0	0	0	0	0	0	0	0	0	0	0	0	0	0	0	0	0	0	0	0	0	0	0	0	0	0	0	0	0	0	0	0	0	0	0	0	0	0	0	0	0	0	0	0	0	0	0	0	0	0	0	0	0	0	0	0	0	0	0	0	0	0	0	0	0	0	0	0	0	0	0	
2002	74816	2090004339001	HORTALIZAS DE GALAPAGOS HORTALGASA S.A.	A	AGRICULTURA, GANADERÍA,  SILVICULTURA Y PESCA.	A0113.12	0	0	0	0	0	800,00	0	0	0	0	0	0	0	0	0	0	0	0	0	0	0	0	0	0	0	0	800,00	0	0	0	0	0	0	0	0	0	0	0	0	0	0	0	0	0	0	0	0	0	0	0	0	0	0	0	0	0	0	800,00	0	0	0	0	0	0	0	0	0	0	0	0	0	0	0	0	0	0	0	0	0	0	0	0	0	0	0	0	0	0	0	0	0	0	0	0	0	0	0	0	0	800,00	0	0	0	0	0	0	0	0	800,00	800,00	0	0	0	0	0	0	0	0	0	0	0	0	0	0	0	0	0	0	0	0	0	0	0	0	0	0	0	0	0	0	0	0	0	0	0	0	0	0	0	0	0	0	0	0	0	0	0	0	0	0	0	0	0	0	0	0	0	0	0	0	0	0	0	0	0	0	0	0	0	0	0	0	0	0	0	0	0	0	0	0	0	0	0	0	0	0	0	0	0	0	0	0	0	0	0	0	0	0	0	0	0	0	0	0	0	0	0	0	0	0	0	0	0	0	0	0	0	0	0	0	0	0	0	0	0	0	0	0	0	0	0	0	0	0	0	0	0	0	0	
2002	75298	0991362770001	MACUGRU S.A.	G	COMERCIO AL POR MAYOR Y AL POR MENOR REPARACIÓN DE VEHÍCULOS AUTOMOTORES Y MOTOCICLETAS.	G4659.93	0	0	0	0	0	718,52	0	0	0	1000,00	0	0	0	0	0	0	0	0	0	0	0	0	0	0	0	0	1718,52	0	0	0	0	0	0	0	0	0	0	0	0	0	0	200,00	-103,31	96,69	0	0	0	0	0	0	0	0	0	0	0	0	0	1815,21	0	0	0	0	0	0	0	0	0	0	0	0	0	0	0	0	0	0	0	0	0	0	0	0	0	0	0	0	0	0	0	0	0	0	0	0	0	0	0	0	0	1000,00	0	0	0	0	815,21	0	0	0	1815,21	1815,21	0	0	0	0	0	0	0	0	0	0	0	0	0	0	0	0	0	0	0	0	0	0	0	0	0	0	0	0	0	0	0	0	0	0	0	0	0	0	0	0	0	0	0	0	0	0	0	0	0	0	0	0	0	0	0	0	0	0	0	0	0	0	0	0	0	0	0	0	0	0	0	0	0	0	0	0	0	0	0	0	0	0	0	0	0	0	0	0	0	0	0	0	0	0	0	0	0	0	0	0	0	0	0	0	0	0	0	0	0	0	0	0	0	0	0	0	0	0	0	0	0	0	0	0	0	0	0	0	0	0	0	0	0	0	0	0	0	0	,01	
2002	75383	0991344535001	DUPLIDOLAR S.A.	G	COMERCIO AL POR MAYOR Y AL POR MENOR REPARACIÓN DE VEHÍCULOS AUTOMOTORES Y MOTOCICLETAS.	G4620.22	0	0	0	0	0	332,00	0	0	0	0	0	0	0	0	0	0	0	0	0	0	0	0	0	0	0	0	332,00	5788,00	0	0	0	0	0	0	0	0	0	5788,00	0	80,00	0	0	0	80,00	0	0	0	0	0	0	0	0	0	0	0	0	0	6200,00	0	0	0	0	0	0	0	0	0	0	0	0	0	0	0	0	0	0	0	0	0	0	0	0	0	6000,00	0	0	0	0	0	0	0	0	0	0	0	6000,00	0	0	6000,00	200,00	0	0	0	0	0	0	0	0	200,00	6200,00	0	0	0	0	0	0	0	0	0	0	0	0	0	0	0	0	0	0	0	0	0	0	0	0	0	0	0	0	0	0	0	0	0	0	0	0	0	0	0	0	0	0	0	0	0	0	0	0	0	0	0	0	0	0	0	0	0	0	0	0	0	0	0	0	0	0	0	0	0	0	0	0	0	0	0	0	0	0	0	0	0	0	0	0	0	0	0	0	0	0	0	0	0	0	0	0	0	0	0	0	0	0	0	0	0	0	0	0	0	0	0	0	0	0	0	0	0	0	0	0	0	0	0	0	0	0	0	0	0	0	0	0	0	0	0	0	0	0	,01	
2002	76060	0991391894001	WENG SENG S.A.	F	CONSTRUCCIÓN.	F4100.10	0	0	0	0	0	0	0	0	0	0	0	69,87	0	0	0	0	0	0	0	0	0	0	0	0	0	0	69,87	0	0	0	0	0	0	0	0	0	0	0	0	61,20	0	0	-24,48	36,72	0	0	0	0	0	0	0	0	0	0	0	0	0	106,59	0	0	0	0	0	0	0	0	0	0	0	0	0	0	0	0	0	0	0	0	0	0	0	0	0	0	0	0	0	0	0	0	0	0	0	0	0	0	0	0	0	200,00	0	0	0	66,87	0	-160,28	0	0	106,59	106,59	0	0	0	0	0	0	0	0	0	0	0	0	0	0	0	0	0	0	0	0	0	0	0	0	0	0	0	0	0	0	0	0	0	0	0	0	0	0	0	0	0	0	0	0	0	0	0	0	0	0	0	0	0	0	0	0	0	0	0	0	0	0	0	0	0	0	0	0	0	0	0	0	0	0	0	0	0	0	0	0	0	0	0	0	0	0	0	0	0	0	0	0	0	0	0	0	0	0	0	0	0	0	0	0	0	0	0	0	0	0	0	0	0	0	0	0	0	0	0	0	0	0	0	0	0	0	0	0	0	0	0	0	0	0	0	0	0	0	,01	
2002	76291	0991378413001	FITANTE S.A.	G	COMERCIO AL POR MAYOR Y AL POR MENOR REPARACIÓN DE VEHÍCULOS AUTOMOTORES Y MOTOCICLETAS.	G4649.22	0	0	0	0	0	111,07	0	0	0	0	0	0	0	0	0	0	0	0	0	0	0	0	0	0	0	0	111,07	1949,92	0	0	0	0	8134,60	0	-8898,35	649,97	0	1836,14	0	0	0	0	0	0	0	0	0	0	0	0	0	0	0	0	0	0	0	1947,21	0	0	0	0	0	0	0	0	0	0	0	0	90,14	0	0	0	1400,00	0	1490,14	0	0	0	0	0	0	0	0	0	0	0	0	0	0	0	0	0	0	0	0	0	1490,14	200,00	0	2400,00	0	8139,18	0	-9903,49	0	-378,62	457,07	1947,21	0	0	0	0	0	0	0	0	0	0	0	0	0	0	0	0	0	0	0	0	0	0	0	0	0	0	0	0	0	0	0	0	0	0	0	0	0	0	0	0	0	0	0	0	0	0	0	0	0	0	0	0	0	0	0	0	0	0	0	0	0	0	0	0	0	0	0	0	0	0	0	0	0	0	0	0	0	0	0	0	0	0	0	0	0	0	0	0	0	0	0	0	0	0	0	0	0	0	0	0	0	0	0	0	0	0	0	0	0	0	0	0	0	0	0	0	0	0	0	0	0	0	0	0	0	0	0	0	0	0	0	0	0	0	0	0	0	0	,01	
2002	76986	0991386300001	SEAFRESH S.A.	A	AGRICULTURA, GANADERÍA,  SILVICULTURA Y PESCA.	A0321.02	0	0	0	0	0	437,25	0	1500,00	0	0	0	0	0	0	0	0	0	2844,37	0	0	0	0	0	0	0	0	4781,62	0	0	0	0	22566,89	0	0	-18655,42	0	0	3911,47	0	156,73	0	0	0	156,73	0	0	0	0	0	0	0	0	0	0	0	0	0	8849,82	722,47	0	0	0	0	0	0	0	0	0	0	0	0	0	0	0	789,64	0	1512,11	0	0	0	0	0	0	7012,09	0	0	0	0	0	0	0	0	0	0	0	7012,09	0	0	8524,20	200,00	0	0	0	0	0	0	125,62	0	325,62	8849,82	0	0	0	0	0	1500,00	0	0	0	0	0	0	0	0	1500,00	0	0	0	0	0	0	0	0	0	0	0	0	0	0	0	0	0	0	0	0	0	0	0	0	0	0	0	0	0	0	0	0	0	0	0	0	0	0	0	0	0	0	0	0	0	0	0	0	0	0	0	0	0	0	0	0	0	0	0	0	0	0	0	0	0	0	0	0	0	0	0	0	0	722,47	0	0	0	0	0	0	0	651,91	0	0	0	0	0	0	0	0	0	0	0	0	1374,38	1374,38	125,62	0	0	0	0	0	0	0	0	0	0	0	0	0	125,62	0	0	125,62	31,41	0	0	0	0	0	0	31,41	0	125,62	
2002	77282	0991380213001	PRODUCTIVITY S.A.	J	INFORMACIÓN Y COMUNICACIÓN.	J6201.02	0	0	0	0	0	12,05	0	0	0	0	0	0	0	150,00	0	0	0	0	0	0	0	0	0	0	0	0	162,05	0	0	0	0	0	0	0	0	0	0	0	0	0	0	0	0	0	0	0	0	0	0	0	0	0	0	0	0	0	0	162,05	0	0	0	0	0	0	0	0	0	0	0	0	0	0	0	0	0	0	0	0	0	0	0	0	0	0	0	0	0	0	0	0	0	0	0	0	0	0	0	0	0	200,00	0	0	0	0	0	-37,95	0	0	162,05	162,05	0	0	0	0	0	0	0	0	0	0	0	0	0	0	0	0	0	0	0	0	0	0	0	0	0	0	0	0	0	0	0	0	0	0	0	0	0	0	0	0	0	0	0	0	0	0	0	0	0	0	0	0	0	0	0	0	0	0	0	0	0	0	0	0	0	0	0	0	0	0	0	0	0	0	0	0	0	0	0	0	0	0	0	0	0	0	0	0	0	0	0	0	0	0	0	0	0	0	0	0	0	0	0	0	0	0	0	0	0	0	0	0	0	0	0	0	0	0	0	0	0	0	0	0	0	0	0	0	0	0	0	0	0	0	0	0	0	0	0	
2002	77458	0991401466001	GHIBKA S.A.	A	AGRICULTURA, GANADERÍA,  SILVICULTURA Y PESCA.	A0311.01	0	0	0	0	0	0	0	0	0	0	0	0	0	0	0	0	0	0	0	0	0	0	0	0	0	0	0	258320,68	0	0	366,83	0	0	0	-12924,07	0	0	245763,44	0	30719,42	0	0	-3071,94	27647,48	0	0	0	0	0	0	0	0	0	0	0	0	0	273410,92	0	0	55456,39	0	140853,60	0	0	0	0	0	6,34	0	0	0	0	0	0	0	196316,33	0	0	0	0	0	0	0	0	0	0	0	0	0	0	0	0	0	0	0	0	0	196316,33	200,00	0	0	0	76042,38	852,21	0	0	0	77094,59	273410,92	0	0	0	0	0	0	0	0	0	0	0	0	0	0	0	0	0	0	0	0	0	0	0	0	0	0	0	0	0	0	0	0	0	0	0	0	0	0	0	0	0	0	0	0	0	0	0	0	0	0	0	0	0	0	0	0	0	0	0	0	0	0	0	0	0	0	0	0	0	0	0	0	0	0	0	0	0	0	0	0	0	0	0	0	0	0	0	0	0	0	0	0	0	0	0	0	0	0	0	0	0	0	0	0	0	0	0	0	0	0	0	0	0	0	0	0	0	0	0	0	0	0	0	0	0	0	0	0	0	0	0	0	0	0	0	0	0	0	,01	
2002	78139	0991406255001	ESTORINI S.A.	G	COMERCIO AL POR MAYOR Y AL POR MENOR REPARACIÓN DE VEHÍCULOS AUTOMOTORES Y MOTOCICLETAS.	G4649.22	0	0	0	0	0	127,29	0	0	0	0	0	0	0	0	0	0	0	0	0	0	0	0	0	0	0	0	127,29	2599,46	0	0	0	0	0	0	-349,60	0	0	2249,86	0	1115,41	0	0	-408,50	706,91	0	0	0	0	0	0	0	0	1474,98	0	0	0	1474,98	4559,04	0	0	0	0	0	0	0	0	0	0	0	0	0	0	0	0	0	0	0	0	0	0	0	0	0	0	0	0	0	0	0	0	0	0	0	0	0	0	0	0	0	800,00	0	0	0	2762,49	996,55	0	0	0	4559,04	4559,04	0	0	0	0	0	0	0	0	0	0	0	0	0	0	0	0	0	0	0	0	0	0	0	0	0	0	0	0	0	0	0	0	0	0	0	0	0	0	0	0	0	0	0	0	0	0	0	0	0	0	0	0	0	0	0	0	0	0	0	0	0	0	0	0	0	0	0	0	0	0	0	0	0	0	0	0	0	0	0	0	0	0	0	0	0	0	0	0	0	0	0	0	0	0	0	0	0	0	0	0	0	0	0	0	0	0	0	0	0	0	0	0	0	0	0	0	0	0	0	0	0	0	0	0	0	0	0	0	0	0	0	0	0	0	0	0	0	0	,01	
2002	78402	0991409327001	STAKE TRADE S.A.	M	ACTIVIDADES PROFESIONALES, CIENTÍFICAS Y TÉCNICAS.	M6920.01	0	0	0	0	0	200,00	0	0	0	0	0	0	0	0	0	0	0	0	0	0	0	0	0	0	0	0	200,00	0	4000,00	0	0	0	0	0	-983,33	0	0	3016,67	0	0	0	0	0	0	0	0	0	0	0	0	0	0	0	0	0	0	0	3216,67	0	0	0	0	0	0	0	0	0	0	0	0	0	0	0	0	0	0	0	0	0	0	0	0	0	3016,67	0	0	0	0	0	0	0	0	0	0	0	3016,67	0	0	3016,67	200,00	0	0	0	0	0	0	0	0	200,00	3216,67	0	0	0	0	0	200,00	0	0	0	0	0	0	0	0	200,00	0	0	0	0	0	0	0	0	0	0	0	0	0	0	0	0	0	0	0	0	0	0	0	0	0	0	0	0	0	0	0	0	0	0	0	0	0	0	0	0	0	0	0	0	0	0	0	0	0	0	0	0	0	0	0	0	0	0	0	0	0	0	0	0	0	0	0	0	0	0	0	0	0	0	0	0	0	200,00	0	0	0	0	0	0	0	0	0	0	0	0	0	0	0	0	200,00	200,00	0	0	0	0	0	0	0	0	0	0	0	0	0	0	0	0	0	0	0	0	0	0	0	0	0	0	0	0	
2002	79552	0991421742001	GRUPO PEDIATRICO ASOCIADO S.A. GRUPED	Q	ACTIVIDADES DE ATENCIÓN DE LA SALUD HUMANA Y DE ASISTENCIA SOCIAL.	Q8610.01	0	0	0	0	0	240,00	0	0	0	0	0	0	0	0	0	0	0	0	0	0	0	0	0	0	0	0	240,00	0	0	0	0	0	0	0	0	0	0	0	0	0	0	0	0	0	0	0	0	0	0	0	0	0	0	0	0	0	0	240,00	0	0	0	0	0	0	0	0	0	0	0	0	0	0	0	0	0	0	0	0	0	0	0	0	0	0	0	0	0	0	0	0	0	0	0	0	0	0	0	0	0	240,00	0	0	0	0	0	0	0	0	240,00	240,00	0	0	0	0	0	0	0	0	0	0	0	0	0	0	0	0	0	0	0	0	0	0	0	0	0	0	0	0	0	0	0	0	0	0	0	0	0	0	0	0	0	0	0	0	0	0	0	0	0	0	0	0	0	0	0	0	0	0	0	0	0	0	0	0	0	0	0	0	0	0	0	0	0	0	0	0	0	0	0	0	0	0	0	0	0	0	0	0	0	0	0	0	0	0	0	0	0	0	0	0	0	0	0	0	0	0	0	0	0	0	0	0	0	0	0	0	0	0	0	0	0	0	0	0	0	0	0	0	0	0	0	0	0	0	0	0	0	0	0	
2002	79557	0991421963001	ECUAPREDIOS S.A.	G	COMERCIO AL POR MAYOR Y AL POR MENOR REPARACIÓN DE VEHÍCULOS AUTOMOTORES Y MOTOCICLETAS.	G4659.93	0	0	0	0	0	0	0	0	0	0	0	0	0	0	0	0	0	0	0	0	0	0	0	0	0	0	0	4453,98	0	0	0	0	0	0	0	0	0	4453,98	0	0	0	334,52	0	334,52	0	0	0	0	0	0	0	0	0	0	0	0	0	4788,50	0	0	0	0	0	0	0	0	0	0	0	0	0	0	0	0	0	0	0	0	0	0	0	0	0	134,52	0	0	0	0	0	0	0	0	0	0	0	134,52	0	0	134,52	200,00	0	4453,98	0	0	0	0	0	0	4653,98	4788,50	0	0	0	0	0	0	0	0	0	0	0	0	0	0	0	0	0	0	0	0	0	0	0	0	0	0	0	0	0	0	0	0	0	0	0	0	0	0	0	0	0	0	0	0	0	0	0	0	0	0	0	0	0	0	0	0	0	0	0	0	0	0	0	0	0	0	0	0	0	0	0	0	0	0	0	0	0	0	0	0	0	0	0	0	0	0	0	0	0	0	0	0	0	0	0	0	0	0	0	0	0	0	0	0	0	0	0	0	0	0	0	0	0	0	0	0	0	0	0	0	0	0	0	0	0	0	0	0	0	0	0	0	0	0	0	0	0	0	0	
2002	81561	0991448381001	GLANDAP S.A.	C	INDUSTRIAS MANUFACTURERAS.	C2022.01	0	0	0	0	0	8,49	0	0	0	0	0	0	0	0	0	0	0	0	0	0	0	0	0	0	0	0	8,49	0	0	8047,18	0	0	0	0	-1372,64	0	0	6674,54	0	978,47	0	0	-333,80	644,67	0	0	0	0	0	0	0	0	0	0	0	0	0	7327,70	0	0	0	0	0	0	0	0	0	0	0	0	0	0	0	0	0	0	0	0	0	2707,19	0	0	0	0	0	0	0	0	0	0	0	0	0	0	0	2707,19	0	0	2707,19	800,00	-600,00	0	0	5314,72	0	-394,00	0	-500,21	4620,51	7327,70	0	0	0	0	0	0	0	0	0	0	0	0	0	0	0	0	0	0	0	0	0	0	0	0	0	0	0	0	0	0	0	0	0	0	0	0	0	0	0	0	0	0	0	0	0	0	0	0	0	0	0	0	0	0	0	0	0	0	0	0	0	0	0	0	0	0	0	0	0	0	0	0	0	0	0	0	0	0	0	0	0	0	0	0	0	0	0	0	0	0	0	0	0	0	0	0	402,36	0	97,85	0	0	0	0	0	0	0	0	0	0	500,21	500,21	0	-500,21	0	0	0	0	0	0	0	0	0	0	0	0	0	-500,21	0	0	0	0	0	0	0	0	0	0	0	0	
2002	82883	0991462120001	DORLAPES S.A.	L	ACTIVIDADES INMOBILIARIAS.	L6810.01	0	0	0	0	0	200,00	0	0	0	0	0	0	0	0	0	0	0	0	0	0	0	0	0	0	0	0	200,00	0	0	0	0	0	0	0	0	0	0	0	0	0	0	0	0	0	0	0	0	0	0	0	0	0	0	0	0	0	0	200,00	0	0	0	0	0	0	0	0	0	0	0	0	0	0	0	0	0	0	0	0	0	0	0	0	0	0	0	0	0	0	0	0	0	0	0	0	0	0	0	0	0	800,00	-600,00	0	0	0	0	0	0	0	200,00	200,00	0	0	0	0	0	0	0	0	0	0	0	0	0	0	0	0	0	0	0	0	0	0	0	0	0	0	0	0	0	0	0	0	0	0	0	0	0	0	0	0	0	0	0	0	0	0	0	0	0	0	0	0	0	0	0	0	0	0	0	0	0	0	0	0	0	0	0	0	0	0	0	0	0	0	0	0	0	0	0	0	0	0	0	0	0	0	0	0	0	0	0	0	0	0	0	0	0	0	0	0	0	0	0	0	0	0	0	0	0	0	0	0	0	0	0	0	0	0	0	0	0	0	0	0	0	0	0	0	0	0	0	0	0	0	0	0	0	0	,01	
2002	83224	0991468978001	LUPOVICO S.A.	G	COMERCIO AL POR MAYOR Y AL POR MENOR REPARACIÓN DE VEHÍCULOS AUTOMOTORES Y MOTOCICLETAS.	G4649.22	0	0	0	0	0	0	0	0	0	0	0	0	0	0	0	0	0	0	0	0	0	0	0	0	0	0	0	0	0	0	0	0	0	0	0	3900,00	0	3900,00	0	0	0	0	0	0	0	0	0	0	0	0	0	0	0	0	0	0	0	3900,00	0	0	0	0	0	0	0	0	0	0	0	0	0	0	0	0	0	0	0	0	0	0	0	0	0	3100,00	0	0	0	0	0	0	0	0	0	0	0	3100,00	0	0	3100,00	200,00	0	600,00	0	0	0	0	0	0	800,00	3900,00	0	0	0	0	0	0	0	0	0	0	0	0	0	0	0	0	0	0	0	0	0	0	0	0	0	0	0	0	0	0	0	0	0	0	0	0	0	0	0	0	0	0	0	0	0	0	0	0	0	0	0	0	0	0	0	0	0	0	0	0	0	0	0	0	0	0	0	0	0	0	0	0	0	0	0	0	0	0	0	0	0	0	0	0	0	0	0	0	0	0	0	0	0	0	0	0	0	0	0	0	0	0	0	0	0	0	0	0	0	0	0	0	0	0	0	0	0	0	0	0	0	0	0	0	0	0	0	0	0	0	0	0	0	0	0	0	0	0	0	
2002	83858	0991475877001	FINPUSA S.A.	A	AGRICULTURA, GANADERÍA,  SILVICULTURA Y PESCA.	A0122.01	0	0	0	0	0	200,00	0	0	0	0	0	0	0	0	0	0	0	0	0	0	0	0	0	0	0	0	200,00	0	0	0	0	0	0	0	0	200,40	0	200,40	0	0	0	0	0	0	0	0	0	0	0	0	0	0	0	0	0	0	0	400,40	0	0	0	0	0	0	200,40	0	0	0	0	0	0	0	0	0	0	0	200,40	0	0	0	0	0	0	0	0	0	0	0	0	0	0	0	0	0	0	0	0	0	200,40	200,00	0	0	0	0	0	0	0	0	200,00	400,40	0	0	0	0	0	0	0	0	0	0	0	0	0	0	0	0	0	0	0	0	0	0	0	0	0	0	0	0	0	0	0	0	0	0	0	0	0	0	0	0	0	0	0	0	0	0	0	0	0	0	0	0	0	0	0	0	0	0	0	0	0	0	0	0	0	0	0	0	0	0	0	0	0	0	0	0	0	0	0	0	0	0	0	0	0	0	0	0	0	0	0	0	0	0	0	0	0	0	0	0	0	0	0	0	0	0	0	0	0	0	0	0	0	0	0	0	0	0	0	0	0	0	0	0	0	0	0	0	0	0	0	0	0	0	0	0	0	0	,01	
2002	84272	0991507469001	MIMIGEN S.A.	L	ACTIVIDADES INMOBILIARIAS.	L6820.01	0	0	0	0	0	0	0	0	0	0	0	0	0	0	0	0	0	0	0	0	0	0	0	0	0	0	0	8000,00	0	0	0	0	0	0	0	0	0	8000,00	0	0	0	0	0	0	0	0	0	0	0	0	0	0	0	0	0	0	0	8000,00	0	0	0	0	0	0	0	0	7200,00	0	0	0	0	0	0	0	0	0	7200,00	0	0	0	0	0	0	0	0	0	0	0	0	0	0	0	0	0	0	0	0	0	7200,00	800,00	0	0	0	0	0	0	0	0	800,00	8000,00	0	0	0	0	0	0	0	0	0	0	0	0	0	0	0	0	0	0	0	0	0	0	0	0	0	0	0	0	0	0	0	0	0	0	0	0	0	0	0	0	0	0	0	0	0	0	0	0	0	0	0	0	0	0	0	0	0	0	0	0	0	0	0	0	0	0	0	0	0	0	0	0	0	0	0	0	0	0	0	0	0	0	0	0	0	0	0	0	0	0	0	0	0	0	0	0	0	0	0	0	0	0	0	0	0	0	0	0	0	0	0	0	0	0	0	0	0	0	0	0	0	0	0	0	0	0	0	0	0	0	0	0	0	0	0	0	0	0	0	
2002	84387	0991501630001	DATAQUANTUM C.A.	H	TRANSPORTE Y ALMACENAMIENTO.	H4923.01	0	0	0	0	0	100,00	0	0	0	0	0	0	0	0	0	0	0	0	0	0	0	0	0	0	0	0	100,00	0	0	0	0	0	0	0	0	0	0	0	0	100,00	0	0	0	100,00	0	0	0	0	0	0	0	0	0	0	0	0	0	200,00	0	0	0	0	0	0	0	0	0	0	0	0	0	0	0	0	0	0	0	0	0	0	0	0	0	0	0	0	0	0	0	0	0	0	0	0	0	0	0	0	0	200,00	0	0	0	0	0	0	0	0	200,00	200,00	0	0	0	0	0	0	0	0	0	0	0	0	0	0	0	0	0	0	0	0	0	0	0	0	0	0	0	0	0	0	0	0	0	0	0	0	0	0	0	0	0	0	0	0	0	0	0	0	0	0	0	0	0	0	0	0	0	0	0	0	0	0	0	0	0	0	0	0	0	0	0	0	0	0	0	0	0	0	0	0	0	0	0	0	0	0	0	0	0	0	0	0	0	0	0	0	0	0	0	0	0	0	0	0	0	0	0	0	0	0	0	0	0	0	0	0	0	0	0	0	0	0	0	0	0	0	0	0	0	0	0	0	0	0	0	0	0	0	,01	
2002	84447	0991509178001	NOLIT S.A.	A	AGRICULTURA, GANADERÍA,  SILVICULTURA Y PESCA.	A0111.13	0	0	0	0	0	0	200,00	0	0	0	0	0	0	0	0	0	0	0	0	0	0	0	0	0	0	0	200,00	0	0	0	0	0	0	0	0	0	0	0	0	0	0	0	0	0	0	0	0	0	0	0	0	0	0	0	0	0	0	200,00	0	0	0	0	0	0	0	0	0	0	0	0	0	0	0	0	0	0	0	0	0	0	0	0	0	0	0	0	0	0	0	0	0	0	0	0	0	0	0	0	0	200,00	0	0	0	0	0	0	0	0	200,00	200,00	0	0	0	0	0	0	0	0	0	0	0	0	0	0	0	0	0	0	0	0	0	0	0	0	0	0	0	0	0	0	0	0	0	0	0	0	0	0	0	0	0	0	0	0	0	0	0	0	0	0	0	0	0	0	0	0	0	0	0	0	0	0	0	0	0	0	0	0	0	0	0	0	0	0	0	0	0	0	0	0	0	0	0	0	0	0	0	0	0	0	0	0	0	0	0	0	0	0	0	0	0	0	0	0	0	0	0	0	0	0	0	0	0	0	0	0	0	0	0	0	0	0	0	0	0	0	0	0	0	0	0	0	0	0	0	0	0	0	,01	
2002	86251	1791402189001	BACKINTER S.A.	C	INDUSTRIAS MANUFACTURERAS.	C2220.12	0	0	0	0	0	5,00	0	0	0	0	0	0	0	0	0	0	0	0	0	0	0	0	0	0	0	0	5,00	0	0	0	0	0	0	0	0	43271,22	0	43271,22	0	0	0	0	0	0	0	0	0	0	0	0	0	0	0	0	0	0	0	43276,22	0	0	0	0	0	0	43076,22	0	0	0	0	0	0	0	0	0	0	0	43076,22	0	0	0	0	0	0	0	0	0	0	0	0	0	0	0	0	0	0	0	0	0	43076,22	200,00	0	0	0	0	0	0	0	0	200,00	43276,22	0	0	0	0	0	0	0	0	0	0	0	0	0	0	0	0	0	0	0	0	0	0	0	0	0	0	0	0	0	0	0	0	0	0	0	0	0	0	0	0	0	0	0	0	0	0	0	0	0	0	0	0	0	0	0	0	0	0	0	0	0	0	0	0	0	0	0	0	0	0	0	0	0	0	0	0	0	0	0	0	0	0	0	0	0	0	0	0	0	0	0	0	0	0	0	0	0	0	0	0	0	0	0	0	0	0	0	0	0	0	0	0	0	0	0	0	0	0	0	0	0	0	0	0	0	0	0	0	0	0	0	0	0	0	0	0	0	0	0	
2002	88945	1791730704001	AZUR S.A.	G	COMERCIO AL POR MAYOR Y AL POR MENOR REPARACIÓN DE VEHÍCULOS AUTOMOTORES Y MOTOCICLETAS.	G4610.05	0	0	0	0	0	0	0	800,00	0	0	0	0	0	0	0	0	0	0	0	0	0	0	0	0	0	0	800,00	6000,00	0	0	0	0	0	0	-3500,00	70000,00	0	72500,00	0	0	0	0	0	0	0	0	0	0	0	0	0	0	0	0	0	0	0	73300,00	0	0	0	0	0	0	0	0	0	0	0	0	0	0	0	0	0	0	0	0	0	0	0	0	0	0	0	0	0	0	0	0	0	0	0	0	0	0	0	0	0	800,00	0	76000,00	0	0	0	0	0	-3500,00	73300,00	73300,00	0	0	0	0	0	0	0	0	0	0	0	0	0	0	0	0	0	0	0	0	0	0	0	0	0	0	0	0	0	0	0	0	0	0	0	0	0	0	0	0	0	0	0	0	0	0	0	0	0	0	0	0	0	0	0	0	0	0	0	0	0	3500,00	0	0	0	0	0	0	0	0	0	0	0	0	0	0	0	0	0	0	0	0	0	0	0	0	0	0	0	0	0	0	0	0	0	0	0	0	0	0	0	0	0	0	0	0	0	0	3500,00	0	3500,00	0	-3500,00	0	0	0	0	0	0	0	0	0	0	0	0	0	-3500,00	0	0	0	0	0	0	0	0	0	0	0	0	
2002	89878	1791752538001	ARTHERMS S.A	L	ACTIVIDADES INMOBILIARIAS.	L6810.01	0	0	0	0	0	451,35	0	0	0	0	0	0	0	13121,48	0	0	0	0	0	0	0	51881,54	0	0	0	4180,00	69634,37	0	0	0	0	0	0	0	0	0	0	0	0	6402,68	55101,28	0	0	61503,96	0	0	0	0	0	0	0	0	167863,89	0	0	0	167863,89	299002,22	0	0	0	0	0	0	0	0	0	0	0	0	0	0	0	0	0	6107,90	6107,90	0	0	0	0	0	0	0	0	0	0	290894,32	0	0	0	0	0	0	0	290894,32	0	0	297002,22	2000,00	0	0	0	0	0	0	0	0	2000,00	299002,22	0	0	0	0	0	0	0	0	0	0	0	0	0	0	0	0	0	0	0	0	0	0	0	0	0	0	0	0	0	0	0	0	0	0	0	0	0	0	0	0	0	0	0	0	0	0	0	0	0	0	0	0	0	0	0	0	0	0	0	0	0	0	0	0	0	0	0	0	0	0	0	0	0	0	0	0	0	0	0	0	0	0	0	0	0	0	0	0	0	0	0	0	0	0	0	0	0	0	0	0	0	0	0	0	0	0	0	0	0	0	0	0	0	0	0	0	0	0	0	0	0	0	0	0	0	0	0	0	0	0	0	0	0	0	0	0	0	0	0	
2002	89955	1091702114001	NS NORTH SERVICES SERVICIOS INTEGRADOS CIA. LTDA.	M	ACTIVIDADES PROFESIONALES, CIENTÍFICAS Y TÉCNICAS.	M7020.04	0	0	0	0	0	70,00	0	0	0	0	0	0	0	23,06	0	0	6,94	0	0	0	0	0	0	0	0	0	100,00	0	0	0	0	400,00	0	0	0	0	0	400,00	0	0	0	0	0	0	0	0	0	0	0	0	0	0	0	0	0	0	0	500,00	62,01	0	0	0	0	0	0	0	0	0	0	0	0	0	0	0	0	0	62,01	0	0	0	0	0	0	0	0	0	0	0	0	0	0	0	0	0	0	0	0	0	62,01	400,00	0	0	0	0	0	0	37,99	0	437,99	500,00	4152,91	0	0	0	0	0	1170,00	0	0	0	0	0	0	0	5322,91	0	0	0	0	0	0	0	0	0	0	0	4084,92	0	0	0	0	0	0	0	0	0	0	0	0	0	0	0	0	0	0	0	0	0	0	0	0	0	0	0	0	0	0	0	0	0	0	0	0	240,00	0	0	0	0	960,00	0	0	0	0	0	0	0	0	0	0	0	0	0	0	0	0	0	0	0	0	0	0	0	0	0	0	0	0	0	0	0	0	0	0	0	0	0	0	0	4324,92	960,00	5284,92	37,99	0	0	0	0	0	0	0	0	0	0	0	0	0	37,99	0	0	37,99	9,50	0	0	0	0	0	0	9,50	0	0	
2002	91671	1791804015001	SOUTHERN AIR INC.	H	TRANSPORTE Y ALMACENAMIENTO.	H5120.01	0	0	0	0	0	0	0	0	0	0	0	0	0	0	0	0	0	0	0	0	0	0	0	0	0	0	0	0	0	0	0	0	0	0	0	0	0	0	0	0	0	0	0	0	0	0	0	0	0	0	0	18000,00	0	0	0	0	18000,00	18000,00	0	0	0	0	0	0	0	0	0	0	0	0	0	0	0	0	0	0	0	0	0	0	0	0	0	0	0	0	0	0	0	0	0	0	0	0	0	0	0	0	0	18000,00	0	0	0	0	0	0	0	0	18000,00	18000,00	0	0	0	0	0	0	0	0	0	0	0	0	0	0	0	0	0	0	0	0	0	0	0	0	0	0	0	0	0	0	0	0	0	0	0	0	0	0	0	0	0	0	0	0	0	0	0	0	0	0	0	0	0	0	0	0	0	0	0	0	0	0	0	0	0	0	0	0	0	0	0	0	0	0	0	0	0	0	0	0	0	0	0	0	0	0	0	0	0	0	0	0	0	0	0	0	0	0	0	0	0	0	0	0	0	0	0	0	0	0	0	0	0	0	0	0	0	0	0	0	0	0	0	0	0	0	0	0	0	0	0	0	0	0	0	0	0	0	0	
2002	91753	1791806077001	ECUADOR GOLF & GALAPAGOS VOYAGES S.A. EGEVSA	N	ACTIVIDADES DE SERVICIOS ADMINISTRATIVOS Y DE APOYO.	N7912.00	0	0	0	0	0	0	0	0	0	0	0	0	0	600,00	0	0	0	0	0	0	0	0	0	0	0	0	600,00	0	0	0	0	0	0	0	0	0	0	0	2211,30	13940,55	0	0	-3190,37	12961,48	0	0	0	0	0	0	0	0	0	0	0	0	0	13561,48	1750,79	0	0	0	0	0	0	0	0	0	0	0	20,40	0	0	0	0	0	1771,19	0	0	0	0	0	0	0	0	0	0	0	0	0	0	0	0	0	0	0	0	0	1771,19	800,00	-600,00	14990,17	0	0	0	0	0	-3399,88	11790,29	13561,48	0	0	0	0	0	0	0	0	0	0	0	0	0	0	0	0	0	0	0	0	0	0	0	0	0	0	0	0	0	0	0	0	0	0	0	0	0	0	0	0	0	0	0	0	0	0	0	0	0	0	0	0	0	0	0	0	0	0	0	0	0	0	0	0	0	0	0	0	0	0	0	0	0	0	0	0	0	0	0	0	0	0	0	0	0	0	0	0	0	0	0	0	0	0	0	0	0	0	0	0	0	0	0	0	0	0	0	0	0	0	0	0	0	0	0	0	0	0	0	0	0	0	0	0	0	0	0	0	0	0	0	0	0	0	0	0	0	0	,01	
2002	93830	1791859197001	INMOBILIARIA V&Z CIA. LTDA.	L	ACTIVIDADES INMOBILIARIAS.	L6810.01	0	0	0	0	0	2000,00	0	0	0	0	0	0	0	0	0	0	0	0	0	0	0	0	0	0	0	0	2000,00	0	0	0	0	0	0	0	0	0	0	0	0	0	0	0	0	0	0	0	0	0	0	0	0	0	0	0	0	0	0	2000,00	0	0	0	0	0	0	0	0	0	0	0	0	0	0	0	0	0	0	0	0	0	0	0	0	0	0	0	0	0	0	0	0	0	0	0	0	0	0	0	0	0	2000,00	0	0	0	0	0	0	0	0	2000,00	2000,00	0	0	0	0	0	0	0	0	0	0	0	0	0	0	0	0	0	0	0	0	0	0	0	0	0	0	0	0	0	0	0	0	0	0	0	0	0	0	0	0	0	0	0	0	0	0	0	0	0	0	0	0	0	0	0	0	0	0	0	0	0	0	0	0	0	0	0	0	0	0	0	0	0	0	0	0	0	0	0	0	0	0	0	0	0	0	0	0	0	0	0	0	0	0	0	0	0	0	0	0	0	0	0	0	0	0	0	0	0	0	0	0	0	0	0	0	0	0	0	0	0	0	0	0	0	0	0	0	0	0	0	0	0	0	0	0	0	0	0	
2002	98504	0991516336001	IBIZACORP S.A.	L	ACTIVIDADES INMOBILIARIAS.	L6810.01	0	0	0	0	0	22,22	0	0	0	0	0	0	0	0	0	0	49,92	0	0	0	0	0	0	0	0	0	72,14	1980,40	0	0	0	0	0	0	-99,02	417,49	0	2298,87	0	666,27	0	0	-133,25	533,02	0	0	0	0	0	0	0	0	0	0	0	0	0	2904,03	0	0	0	0	0	0	0	0	0	0	0	0	38,45	0	0	0	0	0	38,45	0	0	0	0	2676,99	0	0	0	0	0	0	0	0	0	0	0	0	0	2676,99	0	0	2715,44	800,00	0	0	0	568,73	0	-764,14	0	-416,00	188,59	2904,03	0	0	0	0	0	0	0	0	0	0	0	0	0	0	0	0	0	0	0	0	0	0	0	0	0	0	0	0	0	0	0	0	0	0	0	0	0	0	0	0	0	0	0	0	0	0	0	0	0	0	0	0	0	0	0	0	0	0	0	0	0	0	0	0	0	0	0	0	0	0	0	0	0	0	0	0	0	0	0	0	0	0	0	0	0	0	0	0	0	0	0	0	0	0	0	0	0	0	0	0	0	0	0	0	0	0	0	0	0	0	0	0	0	0	0	0	0	0	0	0	0	0	0	0	0	0	0	0	0	0	0	0	0	0	0	0	0	0	0	
2002	99015	0991520635001	POLMAGO S.A.	G	COMERCIO AL POR MAYOR Y AL POR MENOR REPARACIÓN DE VEHÍCULOS AUTOMOTORES Y MOTOCICLETAS.	G4663.13	0	0	0	0	0	800,00	0	0	0	0	0	0	0	0	0	0	0	0	0	0	0	0	0	0	0	0	800,00	0	0	0	0	0	0	0	0	0	0	0	0	0	0	0	0	0	0	0	0	0	0	0	0	0	0	0	0	0	0	800,00	0	0	0	0	0	0	0	0	0	0	0	0	0	0	0	0	0	0	0	0	0	0	0	0	0	0	0	0	0	0	0	0	0	0	0	0	0	0	0	0	0	800,00	0	0	0	0	0	0	0	0	800,00	800,00	0	0	0	0	0	0	0	0	0	0	0	0	0	0	0	0	0	0	0	0	0	0	0	0	0	0	0	0	0	0	0	0	0	0	0	0	0	0	0	0	0	0	0	0	0	0	0	0	0	0	0	0	0	0	0	0	0	0	0	0	0	0	0	0	0	0	0	0	0	0	0	0	0	0	0	0	0	0	0	0	0	0	0	0	0	0	0	0	0	0	0	0	0	0	0	0	0	0	0	0	0	0	0	0	0	0	0	0	0	0	0	0	0	0	0	0	0	0	0	0	0	0	0	0	0	0	0	0	0	0	0	0	0	0	0	0	0	0	,01	
2002	99162	0991522182001	TRIMOCORP S.A.	G	COMERCIO AL POR MAYOR Y AL POR MENOR REPARACIÓN DE VEHÍCULOS AUTOMOTORES Y MOTOCICLETAS.	G4649.22	0	0	0	0	0	0	0	0	0	0	0	0	0	0	0	0	0	0	0	0	0	0	0	0	0	0	0	44458,71	0	0	0	0	0	0	0	0	0	44458,71	0	9205,84	0	0	0	9205,84	0	0	0	0	0	0	0	0	0	0	0	0	0	53664,55	0	0	0	0	0	0	0	0	0	0	0	0	0	0	0	0	0	0	0	0	0	0	0	0	0	53556,15	0	0	0	0	0	0	0	0	0	0	0	53556,15	0	0	53556,15	200,00	-150,00	0	0	0	58,40	0	0	0	108,40	53664,55	0	0	0	0	0	0	0	0	0	0	0	0	0	0	0	0	0	0	0	0	0	0	0	0	0	0	0	0	0	0	0	0	0	0	0	0	0	0	0	0	0	0	0	0	0	0	0	0	0	0	0	0	0	0	0	0	0	0	0	0	0	0	0	0	0	0	0	0	0	0	0	0	0	0	0	0	0	0	0	0	0	0	0	0	0	0	0	0	0	0	0	0	0	0	0	0	0	0	0	0	0	0	0	0	0	0	0	0	0	0	0	0	0	0	0	0	0	0	0	0	0	0	0	0	0	0	0	0	0	0	0	0	0	0	0	0	0	0	0	
2002	99334	0992103868001	MIKELME S.A.	A	AGRICULTURA, GANADERÍA,  SILVICULTURA Y PESCA.	A0161.01	0	0	0	0	0	0	0	0	0	0	0	600,00	0	0	0	0	0	0	0	0	0	0	0	0	0	0	600,00	0	0	0	0	0	0	0	-5,62	0	0	-5,62	0	224,69	0	0	0	224,69	0	0	0	0	0	0	0	0	0	0	0	0	0	819,07	0	0	0	0	0	0	0	0	0	0	0	0	0	0	0	0	0	0	0	0	0	0	0	0	0	0	0	0	0	0	0	0	0	0	0	0	0	0	0	0	0	800,00	0	0	0	25,63	0	0	0	-6,56	819,07	819,07	0	0	0	0	0	0	0	0	0	0	0	0	0	0	0	0	0	0	0	0	0	0	0	0	0	0	0	0	0	0	0	0	0	0	0	0	0	0	0	0	0	0	0	0	0	0	0	0	0	0	0	0	0	0	0	0	0	0	0	0	0	0	0	0	0	0	0	0	0	0	0	0	0	0	0	0	0	0	0	0	0	0	0	0	0	0	0	0	0	0	0	0	0	0	0	0	0	0	0	0	0	0	0	0	0	0	0	0	0	0	0	0	0	0	0	0	0	0	0	0	0	0	0	0	0	0	0	0	0	0	0	0	0	0	0	0	0	0	0	
2002	99445	0992106042001	OGALCORP S.A.	G	COMERCIO AL POR MAYOR Y AL POR MENOR REPARACIÓN DE VEHÍCULOS AUTOMOTORES Y MOTOCICLETAS.	G4649.22	0	0	0	0	0	800,00	0	0	0	0	0	0	0	0	0	0	0	0	0	0	0	0	0	0	0	0	800,00	0	0	0	0	0	0	0	0	0	0	0	0	0	0	0	0	0	0	0	0	0	0	0	0	0	0	0	0	0	0	800,00	0	0	0	0	0	0	0	0	0	0	0	0	0	0	0	0	0	0	0	0	0	0	0	0	0	0	0	0	0	0	0	0	0	0	0	0	0	0	0	0	0	800,00	0	0	0	0	0	0	0	0	800,00	800,00	0	0	0	0	0	0	0	0	0	0	0	0	0	0	0	0	0	0	0	0	0	0	0	0	0	0	0	0	0	0	0	0	0	0	0	0	0	0	0	0	0	0	0	0	0	0	0	0	0	0	0	0	0	0	0	0	0	0	0	0	0	0	0	0	0	0	0	0	0	0	0	0	0	0	0	0	0	0	0	0	0	0	0	0	0	0	0	0	0	0	0	0	0	0	0	0	0	0	0	0	0	0	0	0	0	0	0	0	0	0	0	0	0	0	0	0	0	0	0	0	0	0	0	0	0	0	0	0	0	0	0	0	0	0	0	0	0	0	,01	
2002	99499	0992105771001	HILLERLIS S.A.	L	ACTIVIDADES INMOBILIARIAS.	L6810.01	0	0	0	0	0	800,00	0	0	0	0	0	0	0	0	0	0	0	0	0	0	0	0	0	0	0	0	800,00	0	0	0	0	0	0	0	0	0	0	0	0	0	0	0	0	0	0	0	0	0	0	0	0	0	0	0	0	0	0	800,00	0	0	0	0	0	0	0	0	0	0	0	0	0	0	0	0	0	0	0	0	0	0	0	0	0	0	0	0	0	0	0	0	0	0	0	0	0	0	0	0	0	800,00	0	0	0	0	0	0	0	0	800,00	800,00	0	0	0	0	0	0	0	0	0	0	0	0	0	0	0	0	0	0	0	0	0	0	0	0	0	0	0	0	0	0	0	0	0	0	0	0	0	0	0	0	0	0	0	0	0	0	0	0	0	0	0	0	0	0	0	0	0	0	0	0	0	0	0	0	0	0	0	0	0	0	0	0	0	0	0	0	0	0	0	0	0	0	0	0	0	0	0	0	0	0	0	0	0	0	0	0	0	0	0	0	0	0	0	0	0	0	0	0	0	0	0	0	0	0	0	0	0	0	0	0	0	0	0	0	0	0	0	0	0	0	0	0	0	0	0	0	0	0	0	
2002	99610	0992107227001	SISTEMAS ABIERTOS, OPENSIS S.A.	G	COMERCIO AL POR MAYOR Y AL POR MENOR REPARACIÓN DE VEHÍCULOS AUTOMOTORES Y MOTOCICLETAS.	G4651.01	0	0	0	0	0	2000,00	0	0	0	0	0	0	0	0	0	0	0	0	0	0	0	0	0	0	0	0	2000,00	0	0	0	0	0	0	0	0	0	0	0	0	0	0	0	0	0	0	0	0	0	0	0	0	0	0	0	0	0	0	2000,00	0	0	0	0	0	0	0	0	0	0	0	0	0	0	0	0	0	0	0	0	0	0	0	0	0	0	0	0	0	0	0	0	0	0	0	0	0	0	0	0	0	2000,00	0	0	0	0	0	0	0	0	2000,00	2000,00	0	0	0	0	0	0	0	0	0	0	0	0	0	0	0	0	0	0	0	0	0	0	0	0	0	0	0	0	0	0	0	0	0	0	0	0	0	0	0	0	0	0	0	0	0	0	0	0	0	0	0	0	0	0	0	0	0	0	0	0	0	0	0	0	0	0	0	0	0	0	0	0	0	0	0	0	0	0	0	0	0	0	0	0	0	0	0	0	0	0	0	0	0	0	0	0	0	0	0	0	0	0	0	0	0	0	0	0	0	0	0	0	0	0	0	0	0	0	0	0	0	0	0	0	0	0	0	0	0	0	0	0	0	0	0	0	0	0	0	
2002	99837	0992110058001	LERAMA S.A.	G	COMERCIO AL POR MAYOR Y AL POR MENOR REPARACIÓN DE VEHÍCULOS AUTOMOTORES Y MOTOCICLETAS.	G4690.00	0	0	0	0	0	200,00	0	0	0	0	0	0	0	0	0	0	0	0	0	0	0	0	0	0	0	0	200,00	0	0	0	0	0	0	0	0	0	0	0	0	0	0	0	0	0	0	0	0	0	0	0	0	0	0	0	0	0	0	200,00	0	0	0	0	0	0	0	0	0	0	0	0	0	0	0	0	0	0	0	0	0	0	0	0	0	0	0	0	0	0	0	0	0	0	0	0	0	0	0	0	0	200,00	0	0	0	0	0	0	0	0	200,00	200,00	0	0	0	0	0	0	0	0	0	0	0	0	0	0	0	0	0	0	0	0	0	0	0	0	0	0	0	0	0	0	0	0	0	0	0	0	0	0	0	0	0	0	0	0	0	0	0	0	0	0	0	0	0	0	0	0	0	0	0	0	0	0	0	0	0	0	0	0	0	0	0	0	0	0	0	0	0	0	0	0	0	0	0	0	0	0	0	0	0	0	0	0	0	0	0	0	0	0	0	0	0	0	0	0	0	0	0	0	0	0	0	0	0	0	0	0	0	0	0	0	0	0	0	0	0	0	0	0	0	0	0	0	0	0	0	0	0	0	,01	
2002	99964	0992131667001	COMPAÑIA FRIGORIFICA PESQUERA C.A. COFRIPESCA	C	INDUSTRIAS MANUFACTURERAS.	C1020.04	0	0	0	0	0	381,97	0	0	0	0	0	0	0	0	0	0	0	0	0	0	0	0	0	0	,33	413,80	796,10	0	0	0	0	0	0	0	0	0	0	0	0	9027,26	0	0	0	9027,26	0	0	0	0	0	0	0	0	0	0	0	0	0	9823,36	20,42	0	0	0	0	0	0	0	13,57	0	0	0	0	0	0	0	0	0	33,99	8521,49	0	0	0	0	0	0	0	0	0	0	0	0	0	0	0	0	0	8521,49	0	0	8555,48	800,00	0	0	0	0	467,88	0	0	0	1267,88	9823,36	0	0	0	0	0	0	0	0	0	0	0	0	0	0	0	0	0	0	0	0	0	0	0	0	0	0	0	0	0	0	0	0	0	0	0	0	0	0	0	0	0	0	0	0	0	0	0	0	0	0	0	0	0	0	0	0	0	0	0	0	0	0	0	0	0	0	0	0	0	0	0	0	0	0	0	0	0	0	0	0	0	0	0	0	0	0	0	0	0	0	0	0	0	0	0	0	0	0	0	0	0	0	0	0	0	0	0	0	0	0	0	0	0	0	0	0	0	0	0	0	0	0	0	0	0	0	0	0	0	0	0	0	0	0	0	0	0	0	,01	
2002	100012	0992109882001	JARIZ S.A.	G	COMERCIO AL POR MAYOR Y AL POR MENOR REPARACIÓN DE VEHÍCULOS AUTOMOTORES Y MOTOCICLETAS.	G4651.01	0	0	0	0	0	800,00	0	0	0	0	0	0	0	0	0	0	0	0	0	0	0	0	0	0	0	0	800,00	6979,40	0	0	0	0	0	0	0	0	0	6979,40	0	0	0	0	0	0	0	0	0	0	0	0	0	0	0	0	0	0	0	7779,40	0	0	0	0	0	0	0	0	0	0	0	0	0	0	0	0	0	0	0	0	0	0	0	0	0	0	0	6979,40	0	0	0	0	0	0	0	0	0	6979,40	0	0	6979,40	800,00	0	0	0	0	0	0	0	0	800,00	7779,40	0	0	0	0	0	0	0	0	0	0	0	0	0	0	0	0	0	0	0	0	0	0	0	0	0	0	0	0	0	0	0	0	0	0	0	0	0	0	0	0	0	0	0	0	0	0	0	0	0	0	0	0	0	0	0	0	0	0	0	0	0	0	0	0	0	0	0	0	0	0	0	0	0	0	0	0	0	0	0	0	0	0	0	0	0	0	0	0	0	0	0	0	0	0	0	0	0	0	0	0	0	0	0	0	0	0	0	0	0	0	0	0	0	0	0	0	0	0	0	0	0	0	0	0	0	0	0	0	0	0	0	0	0	0	0	0	0	0	0	
2002	100044	2091710091001	AQUATOURS CIA. LTDA.	H	TRANSPORTE Y ALMACENAMIENTO.	H5110.02	0	0	0	0	0	109,03	0	0	0	0	0	0	0	0	0	0	0	0	0	0	0	0	0	0	0	0	109,03	0	0	0	957,44	0	0	0	-243,47	0	0	713,97	0	0	0	0	0	0	0	0	0	0	0	0	0	0	0	0	0	0	0	823,00	0	0	0	0	0	0	0	0	0	0	0	0	0	0	0	0	0	0	0	0	0	0	0	0	0	0	0	0	0	0	0	0	0	0	0	0	0	0	0	0	0	823,00	0	0	0	0	0	0	0	0	823,00	823,00	0	0	0	0	0	95,74	0	0	0	0	0	0	0	0	95,74	0	0	0	0	0	0	0	0	0	0	0	0	0	0	0	0	0	0	0	0	0	0	0	0	0	0	0	0	0	0	0	0	0	0	0	0	0	0	0	0	0	0	0	0	0	0	0	0	0	0	0	0	0	0	0	0	0	0	0	0	0	0	0	0	0	0	0	0	0	0	0	0	0	0	0	0	0	0	0	0	0	95,74	0	0	0	0	0	0	0	0	0	0	0	0	95,74	95,74	0	0	0	0	0	0	0	0	0	0	0	0	0	0	0	0	0	0	0	0	0	0	0	0	0	0	0	0	
2002	100757	0992157577001	PEREALAN INTERNACIONAL S.A.	H	TRANSPORTE Y ALMACENAMIENTO.	H5229.03	0	0	0	0	0	0	0	0	0	0	0	0	0	0	0	0	313,23	0	108,00	0	0	0	0	0	0	0	421,23	0	0	0	0	0	0	0	0	0	0	0	88,00	0	0	4700,00	-8,03	4779,97	0	0	0	0	0	0	0	0	0	0	0	0	0	5201,20	0	0	0	0	0	0	0	0	4124,99	0	0	0	0	0	243,76	0	6,18	0	4374,93	0	0	0	0	0	0	0	0	0	0	0	0	0	0	0	0	0	0	0	0	0	4374,93	800,00	0	0	0	0	26,27	0	0	0	826,27	5201,20	1110,00	0	0	0	0	0	,15	0	0	0	0	0	0	0	1110,15	0	0	0	0	0	0	0	0	0	0	0	0	0	0	0	0	0	0	0	0	0	0	0	0	0	0	0	0	0	0	0	0	0	0	0	0	0	0	0	0	0	0	0	0	0	0	0	0	410,00	88,57	0	0	0	0	0	0	0	0	0	611,58	0	0	0	0	0	0	0	0	0	0	0	0	0	0	0	0	0	0	0	0	0	0	0	0	0	0	0	0	0	0	0	0	0	410,00	700,15	1110,15	0	0	0	0	0	0	0	0	0	0	0	0	0	0	0	0	0	0	0	0	0	0	0	0	0	0	0	0	
2002	101345	0992134836001	INESPEARE S.A.	N	ACTIVIDADES DE SERVICIOS ADMINISTRATIVOS Y DE APOYO.	N8129.12	0	0	0	0	0	1000,00	0	0	0	0	0	0	0	0	0	0	0	0	0	0	0	0	0	0	0	0	1000,00	0	0	0	0	0	0	0	0	0	0	0	0	0	0	0	0	0	0	0	0	0	0	0	0	0	0	0	0	0	0	1000,00	0	0	0	0	0	0	0	0	0	0	0	0	0	0	0	0	0	0	0	0	0	0	0	0	0	0	0	0	0	0	0	0	0	0	0	0	0	0	0	0	0	1000,00	0	0	0	0	0	0	0	0	1000,00	1000,00	0	0	0	0	0	0	0	0	0	0	0	0	0	0	0	0	0	0	0	0	0	0	0	0	0	0	0	0	0	0	0	0	0	0	0	0	0	0	0	0	0	0	0	0	0	0	0	0	0	0	0	0	0	0	0	0	0	0	0	0	0	0	0	0	0	0	0	0	0	0	0	0	0	0	0	0	0	0	0	0	0	0	0	0	0	0	0	0	0	0	0	0	0	0	0	0	0	0	0	0	0	0	0	0	0	0	0	0	0	0	0	0	0	0	0	0	0	0	0	0	0	0	0	0	0	0	0	0	0	0	0	0	0	0	0	0	0	0	,01	
2002	101390	0992129158001	SANTIFER S.A.	G	COMERCIO AL POR MAYOR Y AL POR MENOR REPARACIÓN DE VEHÍCULOS AUTOMOTORES Y MOTOCICLETAS.	G4649.22	0	0	0	0	0	0	0	0	0	0	0	600,00	0	0	0	0	0	0	0	0	0	0	0	0	0	0	600,00	0	0	0	0	0	0	0	0	0	0	0	0	200,00	0	0	0	200,00	0	0	0	0	0	0	0	0	0	0	0	0	0	800,00	0	0	0	0	0	0	0	0	0	0	0	0	0	0	0	0	0	0	0	0	0	0	0	0	0	0	0	0	0	0	0	0	0	0	0	0	0	0	0	0	0	800,00	0	0	0	0	0	0	0	0	800,00	800,00	0	0	0	0	0	0	0	0	0	0	0	0	0	0	0	0	0	0	0	0	0	0	0	0	0	0	0	0	0	0	0	0	0	0	0	0	0	0	0	0	0	0	0	0	0	0	0	0	0	0	0	0	0	0	0	0	0	0	0	0	0	0	0	0	0	0	0	0	0	0	0	0	0	0	0	0	0	0	0	0	0	0	0	0	0	0	0	0	0	0	0	0	0	0	0	0	0	0	0	0	0	0	0	0	0	0	0	0	0	0	0	0	0	0	0	0	0	0	0	0	0	0	0	0	0	0	0	0	0	0	0	0	0	0	0	0	0	0	,01	
2002	101414	0992135336001	IMJEP S.A.	N	ACTIVIDADES DE SERVICIOS ADMINISTRATIVOS Y DE APOYO.	N7730.15	0	0	0	0	0	0	0	0	0	0	0	0	0	0	0	0	0	0	0	0	0	0	0	0	0	0	0	0	0	800,00	0	0	0	0	-160,00	0	0	640,00	0	250,00	0	0	-50,00	200,00	0	0	0	0	0	0	0	0	0	0	0	0	0	840,00	0	0	250,00	0	0	0	0	0	0	0	0	0	0	0	0	0	0	0	250,00	0	0	0	0	0	0	0	0	0	0	0	0	0	0	0	0	0	0	0	0	0	250,00	800,00	0	0	0	0	0	-105,00	0	-105,00	590,00	840,00	0	0	0	0	0	0	0	0	0	0	0	0	0	0	0	0	0	0	0	0	0	0	0	0	0	0	0	0	0	0	0	0	0	0	0	0	0	0	0	0	0	0	0	0	0	0	0	0	0	0	0	0	0	0	0	0	0	0	0	0	0	0	0	0	0	0	0	0	0	0	0	0	0	0	0	0	0	0	0	0	0	0	0	0	0	0	0	0	0	0	0	0	0	0	0	0	80,00	0	25,00	0	0	0	0	0	0	0	0	0	0	105,00	105,00	0	-105,00	0	0	0	0	0	0	0	0	0	0	0	0	0	-105,00	0	0	0	0	0	0	0	0	0	0	0	,01	
2002	101821	0992139102001	COMPAÑIA DE TRANSPORTE NUEVAUNION S.A.	H	TRANSPORTE Y ALMACENAMIENTO.	H4921.01	0	0	0	0	0	800,00	0	0	0	0	0	0	0	0	0	0	0	0	0	0	0	0	0	0	0	0	800,00	0	0	0	0	0	0	0	0	0	0	0	0	0	0	0	0	0	0	0	0	0	0	0	0	0	0	0	0	0	0	800,00	0	0	0	0	0	0	0	0	0	0	0	0	0	0	0	0	0	0	0	0	0	0	0	0	0	0	0	0	0	0	0	0	0	0	0	0	0	0	0	0	0	800,00	0	0	0	0	0	0	0	0	800,00	800,00	0	0	0	0	0	0	0	0	0	0	0	0	0	0	0	0	0	0	0	0	0	0	0	0	0	0	0	0	0	0	0	0	0	0	0	0	0	0	0	0	0	0	0	0	0	0	0	0	0	0	0	0	0	0	0	0	0	0	0	0	0	0	0	0	0	0	0	0	0	0	0	0	0	0	0	0	0	0	0	0	0	0	0	0	0	0	0	0	0	0	0	0	0	0	0	0	0	0	0	0	0	0	0	0	0	0	0	0	0	0	0	0	0	0	0	0	0	0	0	0	0	0	0	0	0	0	0	0	0	0	0	0	0	0	0	0	0	0	0	
2002	102437	0992142936001	DIREC-LEGAL SERVICIOS LEGALES DIRECTOS S.A.	M	ACTIVIDADES PROFESIONALES, CIENTÍFICAS Y TÉCNICAS.	M6910.09	0	0	0	0	0	0	0	500,00	0	0	0	0	0	0	0	0	0	0	0	0	0	0	0	0	0	0	500,00	0	0	0	0	0	0	0	0	0	0	0	0	300,00	0	0	0	300,00	0	0	0	0	0	0	0	0	0	0	0	0	0	800,00	0	0	0	0	0	0	0	0	0	0	0	0	0	0	0	0	0	0	0	0	0	0	0	0	0	0	0	0	0	0	0	0	0	0	0	0	0	0	0	0	0	800,00	0	0	0	0	0	0	0	0	800,00	800,00	0	0	0	0	0	0	0	0	0	0	0	0	0	0	0	0	0	0	0	0	0	0	0	0	0	0	0	0	0	0	0	0	0	0	0	0	0	0	0	0	0	0	0	0	0	0	0	0	0	0	0	0	0	0	0	0	0	0	0	0	0	0	0	0	0	0	0	0	0	0	0	0	0	0	0	0	0	0	0	0	0	0	0	0	0	0	0	0	0	0	0	0	0	0	0	0	0	0	0	0	0	0	0	0	0	0	0	0	0	0	0	0	0	0	0	0	0	0	0	0	0	0	0	0	0	0	0	0	0	0	0	0	0	0	0	0	0	0	0	
2002	102813	0992671815001	COMMUTRAVEL CIA. LTDA.	N	ACTIVIDADES DE SERVICIOS ADMINISTRATIVOS Y DE APOYO.	N7911.00	0	0	0	0	0	400,00	0	0	0	0	0	0	0	0	0	0	0	0	0	0	0	0	0	0	0	0	400,00	0	0	0	0	0	0	0	0	0	0	0	0	0	0	0	0	0	0	0	0	0	0	0	0	0	0	0	0	0	0	400,00	0	0	0	0	0	0	0	0	0	0	0	0	0	0	0	0	0	0	0	0	0	0	0	0	0	0	0	0	0	0	0	0	0	0	0	0	0	0	0	0	0	400,00	0	0	0	0	0	0	0	0	400,00	400,00	0	0	0	0	0	0	0	0	0	0	0	0	0	0	0	0	0	0	0	0	0	0	0	0	0	0	0	0	0	0	0	0	0	0	0	0	0	0	0	0	0	0	0	0	0	0	0	0	0	0	0	0	0	0	0	0	0	0	0	0	0	0	0	0	0	0	0	0	0	0	0	0	0	0	0	0	0	0	0	0	0	0	0	0	0	0	0	0	0	0	0	0	0	0	0	0	0	0	0	0	0	0	0	0	0	0	0	0	0	0	0	0	0	0	0	0	0	0	0	0	0	0	0	0	0	0	0	0	0	0	0	0	0	0	0	0	0	0	,01	
2002	103165	0992148810001	EXIGRUP S.A.	L	ACTIVIDADES INMOBILIARIAS.	L6810.01	0	0	0	0	0	18200,00	0	0	0	0	0	0	0	0	0	0	0	0	0	0	0	40085,53	0	0	0	0	58285,53	0	0	0	0	0	0	0	0	0	0	0	0	0	0	0	0	0	0	0	0	0	0	0	0	0	0	0	0	0	0	58285,53	0	0	0	0	0	0	0	0	0	0	0	0	0	0	0	0	0	0	0	0	0	0	0	0	0	40085,53	0	0	0	0	0	0	0	0	0	0	0	40085,53	0	0	40085,53	18200,00	0	0	0	0	0	0	0	0	18200,00	58285,53	0	0	0	0	0	0	0	0	0	0	0	0	0	0	0	0	0	0	0	0	0	0	0	0	0	0	0	0	0	0	0	0	0	0	0	0	0	0	0	0	0	0	0	0	0	0	0	0	0	0	0	0	0	0	0	0	0	0	0	0	0	0	0	0	0	0	0	0	0	0	0	0	0	0	0	0	0	0	0	0	0	0	0	0	0	0	0	0	0	0	0	0	0	0	0	0	0	0	0	0	0	0	0	0	0	0	0	0	0	0	0	0	0	0	0	0	0	0	0	0	0	0	0	0	0	0	0	0	0	0	0	0	0	0	0	0	0	0	,01	
2002	103202	0992149515001	VERSATECNIC S.A.	A	AGRICULTURA, GANADERÍA,  SILVICULTURA Y PESCA.	A0150.00	0	0	0	0	0	0	0	0	0	0	0	0	0	0	0	0	0	0	0	0	0	0	0	0	0	0	0	0	0	0	0	0	0	0	0	0	0	0	0	0	0	0	0	0	800,00	0	0	0	0	0	0	0	0	0	0	0	800,00	800,00	0	0	0	0	0	0	0	0	0	0	0	0	0	0	0	0	0	0	0	0	0	0	0	0	0	0	0	0	0	0	0	0	0	0	0	0	0	0	0	0	0	800,00	0	0	0	0	0	0	0	0	800,00	800,00	0	0	0	0	0	0	0	0	0	0	0	0	0	0	0	0	0	0	0	0	0	0	0	0	0	0	0	0	0	0	0	0	0	0	0	0	0	0	0	0	0	0	0	0	0	0	0	0	0	0	0	0	0	0	0	0	0	0	0	0	0	0	0	0	0	0	0	0	0	0	0	0	0	0	0	0	0	0	0	0	0	0	0	0	0	0	0	0	0	0	0	0	0	0	0	0	0	0	0	0	0	0	0	0	0	0	0	0	0	0	0	0	0	0	0	0	0	0	0	0	0	0	0	0	0	0	0	0	0	0	0	0	0	0	0	0	0	0	,01	
2002	103288	0992149728001	SERVICIOS MARITIMOS Y PORTUARIOS SERPORARI C. LTDA.	H	TRANSPORTE Y ALMACENAMIENTO.	H5224.00	0	0	0	0	0	800,00	0	0	0	0	0	0	0	0	0	0	0	0	0	0	0	0	0	0	0	0	800,00	0	0	0	0	0	0	0	0	0	0	0	0	0	0	0	0	0	0	0	0	0	0	0	0	0	0	0	0	0	0	800,00	0	0	0	0	0	0	0	0	0	0	0	0	0	0	0	0	0	0	0	0	0	0	0	0	0	0	0	0	0	0	0	0	0	0	0	0	0	0	0	0	0	800,00	0	0	0	0	0	0	0	0	800,00	800,00	0	0	0	0	0	0	0	0	0	0	0	0	0	0	0	0	0	0	0	0	0	0	0	0	0	0	0	0	0	0	0	0	0	0	0	0	0	0	0	0	0	0	0	0	0	0	0	0	0	0	0	0	0	0	0	0	0	0	0	0	0	0	0	0	0	0	0	0	0	0	0	0	0	0	0	0	0	0	0	0	0	0	0	0	0	0	0	0	0	0	0	0	0	0	0	0	0	0	0	0	0	0	0	0	0	0	0	0	0	0	0	0	0	0	0	0	0	0	0	0	0	0	0	0	0	0	0	0	0	0	0	0	0	0	0	0	0	0	,01	
2002	103512	0992151935001	EXPORDISPENSA S.A.	A	AGRICULTURA, GANADERÍA,  SILVICULTURA Y PESCA.	A0150.00	0	0	0	0	0	0	0	0	0	0	0	0	0	0	0	0	0	0	0	0	0	0	0	0	0	0	0	21750,35	0	0	0	0	0	0	0	0	0	21750,35	0	800,00	0	0	0	800,00	0	0	0	0	0	0	0	0	0	0	0	0	0	22550,35	0	0	0	0	0	0	0	0	0	0	0	0	0	0	0	0	0	0	0	0	0	0	0	0	0	21750,35	0	0	0	0	0	0	0	0	0	0	0	21750,35	0	0	21750,35	800,00	0	0	0	0	0	0	0	0	800,00	22550,35	0	0	0	0	0	0	0	0	0	0	0	0	0	0	0	0	0	0	0	0	0	0	0	0	0	0	0	0	0	0	0	0	0	0	0	0	0	0	0	0	0	0	0	0	0	0	0	0	0	0	0	0	0	0	0	0	0	0	0	0	0	0	0	0	0	0	0	0	0	0	0	0	0	0	0	0	0	0	0	0	0	0	0	0	0	0	0	0	0	0	0	0	0	0	0	0	0	0	0	0	0	0	0	0	0	0	0	0	0	0	0	0	0	0	0	0	0	0	0	0	0	0	0	0	0	0	0	0	0	0	0	0	0	0	0	0	0	0	,01	
2002	103687	0992183535001	MARUPAZA C. LTDA.	G	COMERCIO AL POR MAYOR Y AL POR MENOR REPARACIÓN DE VEHÍCULOS AUTOMOTORES Y MOTOCICLETAS.	G4690.00	0	0	0	0	0	5000,00	0	0	0	0	0	0	0	0	0	0	0	0	0	0	0	0	0	0	0	0	5000,00	0	0	0	0	0	0	0	0	0	0	0	0	0	0	0	0	0	0	0	0	0	0	0	0	0	0	0	0	0	0	5000,00	0	0	0	0	0	0	0	0	0	0	0	0	0	0	0	0	0	0	0	0	0	0	0	0	0	0	0	0	0	0	0	0	0	0	0	0	0	0	0	0	0	5000,00	0	0	0	0	0	0	0	0	5000,00	5000,00	0	0	0	0	0	0	0	0	0	0	0	0	0	0	0	0	0	0	0	0	0	0	0	0	0	0	0	0	0	0	0	0	0	0	0	0	0	0	0	0	0	0	0	0	0	0	0	0	0	0	0	0	0	0	0	0	0	0	0	0	0	0	0	0	0	0	0	0	0	0	0	0	0	0	0	0	0	0	0	0	0	0	0	0	0	0	0	0	0	0	0	0	0	0	0	0	0	0	0	0	0	0	0	0	0	0	0	0	0	0	0	0	0	0	0	0	0	0	0	0	0	0	0	0	0	0	0	0	0	0	0	0	0	0	0	0	0	0	,01	
2002	103778	0992155744001	MISSONCE S.A.	A	AGRICULTURA, GANADERÍA,  SILVICULTURA Y PESCA.	A0150.00	0	0	0	0	0	800,00	0	0	0	0	0	0	0	0	0	0	0	0	0	0	0	0	0	0	0	0	800,00	0	0	0	0	0	0	0	0	0	0	0	0	0	0	0	0	0	0	0	0	0	0	0	0	0	0	0	0	0	0	800,00	0	0	0	0	0	0	0	0	0	0	0	0	0	0	0	0	0	0	0	0	0	0	0	0	0	0	0	0	0	0	0	0	0	0	0	0	0	0	0	0	0	800,00	0	0	0	0	0	0	0	0	800,00	800,00	0	0	0	0	0	0	0	0	0	0	0	0	0	0	0	0	0	0	0	0	0	0	0	0	0	0	0	0	0	0	0	0	0	0	0	0	0	0	0	0	0	0	0	0	0	0	0	0	0	0	0	0	0	0	0	0	0	0	0	0	0	0	0	0	0	0	0	0	0	0	0	0	0	0	0	0	0	0	0	0	0	0	0	0	0	0	0	0	0	0	0	0	0	0	0	0	0	0	0	0	0	0	0	0	0	0	0	0	0	0	0	0	0	0	0	0	0	0	0	0	0	0	0	0	0	0	0	0	0	0	0	0	0	0	0	0	0	0	,01	
2002	103792	0992790687001	MISSPRIMERA S.A.	A	AGRICULTURA, GANADERÍA,  SILVICULTURA Y PESCA.	A0150.00	0	0	0	0	0	800,00	0	0	0	0	0	0	0	0	0	0	0	0	0	0	0	0	0	0	0	0	800,00	0	0	0	0	0	0	0	0	0	0	0	0	0	0	0	0	0	0	0	0	0	0	0	0	0	0	0	0	0	0	800,00	0	0	0	0	0	0	0	0	0	0	0	0	0	0	0	0	0	0	0	0	0	0	0	0	0	0	0	0	0	0	0	0	0	0	0	0	0	0	0	0	0	800,00	0	0	0	0	0	0	0	0	800,00	800,00	0	0	0	0	0	0	0	0	0	0	0	0	0	0	0	0	0	0	0	0	0	0	0	0	0	0	0	0	0	0	0	0	0	0	0	0	0	0	0	0	0	0	0	0	0	0	0	0	0	0	0	0	0	0	0	0	0	0	0	0	0	0	0	0	0	0	0	0	0	0	0	0	0	0	0	0	0	0	0	0	0	0	0	0	0	0	0	0	0	0	0	0	0	0	0	0	0	0	0	0	0	0	0	0	0	0	0	0	0	0	0	0	0	0	0	0	0	0	0	0	0	0	0	0	0	0	0	0	0	0	0	0	0	0	0	0	0	0	0	
2002	103829	0992156503001	DISTRIBUIDORA FARMACEUTICA QUITO FARMAQUITO S.A.	C	INDUSTRIAS MANUFACTURERAS.	C2021.02	0	0	0	0	0	0	0	0	0	0	0	0	0	0	0	0	0	0	0	0	0	0	0	0	0	0	0	0	0	0	0	0	0	0	0	0	0	0	0	0	0	0	0	0	0	0	0	0	0	0	8000,00	0	0	0	0	0	8000,00	8000,00	0	0	0	0	0	0	0	0	0	0	0	0	0	0	0	0	0	0	0	0	0	0	0	0	0	0	0	0	0	0	0	0	0	0	0	0	0	0	0	0	0	8000,00	0	0	0	0	0	0	0	0	8000,00	8000,00	0	0	0	0	0	0	0	0	0	0	0	0	0	0	0	0	0	0	0	0	0	0	0	0	0	0	0	0	0	0	0	0	0	0	0	0	0	0	0	0	0	0	0	0	0	0	0	0	0	0	0	0	0	0	0	0	0	0	0	0	0	0	0	0	0	0	0	0	0	0	0	0	0	0	0	0	0	0	0	0	0	0	0	0	0	0	0	0	0	0	0	0	0	0	0	0	0	0	0	0	0	0	0	0	0	0	0	0	0	0	0	0	0	0	0	0	0	0	0	0	0	0	0	0	0	0	0	0	0	0	0	0	0	0	0	0	0	0	,01	
2002	103851	0992155868001	MISSNUEVE S.A.	A	AGRICULTURA, GANADERÍA,  SILVICULTURA Y PESCA.	A0150.00	0	0	0	0	0	800,00	0	0	0	0	0	0	0	0	0	0	0	0	0	0	0	0	0	0	0	0	800,00	0	0	0	0	0	0	0	0	0	0	0	0	0	0	0	0	0	0	0	0	0	0	0	0	0	0	0	0	0	0	800,00	0	0	0	0	0	0	0	0	0	0	0	0	0	0	0	0	0	0	0	0	0	0	0	0	0	0	0	0	0	0	0	0	0	0	0	0	0	0	0	0	0	800,00	0	0	0	0	0	0	0	0	800,00	800,00	0	0	0	0	0	0	0	0	0	0	0	0	0	0	0	0	0	0	0	0	0	0	0	0	0	0	0	0	0	0	0	0	0	0	0	0	0	0	0	0	0	0	0	0	0	0	0	0	0	0	0	0	0	0	0	0	0	0	0	0	0	0	0	0	0	0	0	0	0	0	0	0	0	0	0	0	0	0	0	0	0	0	0	0	0	0	0	0	0	0	0	0	0	0	0	0	0	0	0	0	0	0	0	0	0	0	0	0	0	0	0	0	0	0	0	0	0	0	0	0	0	0	0	0	0	0	0	0	0	0	0	0	0	0	0	0	0	0	,01	
2002	103861	0992165073001	MISSOCHO S.A.	A	AGRICULTURA, GANADERÍA,  SILVICULTURA Y PESCA.	A0150.00	0	0	0	0	0	800,00	0	0	0	0	0	0	0	0	0	0	0	0	0	0	0	0	0	0	0	0	800,00	0	0	0	0	0	0	0	0	0	0	0	0	0	0	0	0	0	0	0	0	0	0	0	0	0	0	0	0	0	0	800,00	0	0	0	0	0	0	0	0	0	0	0	0	0	0	0	0	0	0	0	0	0	0	0	0	0	0	0	0	0	0	0	0	0	0	0	0	0	0	0	0	0	800,00	0	0	0	0	0	0	0	0	800,00	800,00	0	0	0	0	0	0	0	0	0	0	0	0	0	0	0	0	0	0	0	0	0	0	0	0	0	0	0	0	0	0	0	0	0	0	0	0	0	0	0	0	0	0	0	0	0	0	0	0	0	0	0	0	0	0	0	0	0	0	0	0	0	0	0	0	0	0	0	0	0	0	0	0	0	0	0	0	0	0	0	0	0	0	0	0	0	0	0	0	0	0	0	0	0	0	0	0	0	0	0	0	0	0	0	0	0	0	0	0	0	0	0	0	0	0	0	0	0	0	0	0	0	0	0	0	0	0	0	0	0	0	0	0	0	0	0	0	0	0	,01	
2002	103863	0992165421001	MISSDIEZ S.A.	A	AGRICULTURA, GANADERÍA,  SILVICULTURA Y PESCA.	A0150.00	0	0	0	0	0	800,00	0	0	0	0	0	0	0	0	0	0	0	0	0	0	0	0	0	0	0	0	800,00	0	0	0	0	0	0	0	0	0	0	0	0	0	0	0	0	0	0	0	0	0	0	0	0	0	0	0	0	0	0	800,00	0	0	0	0	0	0	0	0	0	0	0	0	0	0	0	0	0	0	0	0	0	0	0	0	0	0	0	0	0	0	0	0	0	0	0	0	0	0	0	0	0	800,00	0	0	0	0	0	0	0	0	800,00	800,00	0	0	0	0	0	0	0	0	0	0	0	0	0	0	0	0	0	0	0	0	0	0	0	0	0	0	0	0	0	0	0	0	0	0	0	0	0	0	0	0	0	0	0	0	0	0	0	0	0	0	0	0	0	0	0	0	0	0	0	0	0	0	0	0	0	0	0	0	0	0	0	0	0	0	0	0	0	0	0	0	0	0	0	0	0	0	0	0	0	0	0	0	0	0	0	0	0	0	0	0	0	0	0	0	0	0	0	0	0	0	0	0	0	0	0	0	0	0	0	0	0	0	0	0	0	0	0	0	0	0	0	0	0	0	0	0	0	0	,01	
2002	103880	0992165456001	INMOBILIARIA CISNEROS ESPINOZA S.A.	I	ACTIVIDADES DE ALOJAMIENTO Y DE SERVICIO DE COMIDAS.	I5510.01	0	0	0	0	0	120,00	0	0	0	280,00	0	0	0	0	0	0	0	0	0	0	0	0	0	0	0	0	400,00	0	0	0	0	0	0	0	0	0	0	0	0	400,00	0	0	0	400,00	0	0	0	0	0	0	0	0	0	0	0	0	0	800,00	0	0	0	0	0	0	0	0	0	0	0	0	0	0	0	0	0	0	0	0	0	0	0	0	0	0	0	0	0	0	0	0	0	0	0	0	0	0	0	0	0	800,00	0	0	0	0	0	0	0	0	800,00	800,00	0	0	0	0	0	0	0	0	0	0	0	0	0	0	0	0	0	0	0	0	0	0	0	0	0	0	0	0	0	0	0	0	0	0	0	0	0	0	0	0	0	0	0	0	0	0	0	0	0	0	0	0	0	0	0	0	0	0	0	0	0	0	0	0	0	0	0	0	0	0	0	0	0	0	0	0	0	0	0	0	0	0	0	0	0	0	0	0	0	0	0	0	0	0	0	0	0	0	0	0	0	0	0	0	0	0	0	0	0	0	0	0	0	0	0	0	0	0	0	0	0	0	0	0	0	0	0	0	0	0	0	0	0	0	0	0	0	0	,01	
2002	103905	0992185325001	SOCIEDAD AGRICOLA SAN ISIDRO LABRADOR S.A. SASIELSA	A	AGRICULTURA, GANADERÍA,  SILVICULTURA Y PESCA.	A0150.00	0	0	0	0	0	200,00	0	0	0	0	0	600,00	0	0	0	0	0	0	0	0	0	0	0	0	0	0	800,00	0	0	0	0	0	0	0	0	0	0	0	0	0	0	0	0	0	0	0	0	0	0	0	0	0	0	0	0	0	0	800,00	0	0	0	0	0	0	0	0	0	0	0	0	0	0	0	0	0	0	0	0	0	0	0	0	0	0	0	0	0	0	0	0	0	0	0	0	0	0	0	0	0	800,00	0	0	0	0	0	0	0	0	800,00	800,00	0	0	0	0	0	0	0	0	0	0	0	0	0	0	0	0	0	0	0	0	0	0	0	0	0	0	0	0	0	0	0	0	0	0	0	0	0	0	0	0	0	0	0	0	0	0	0	0	0	0	0	0	0	0	0	0	0	0	0	0	0	0	0	0	0	0	0	0	0	0	0	0	0	0	0	0	0	0	0	0	0	0	0	0	0	0	0	0	0	0	0	0	0	0	0	0	0	0	0	0	0	0	0	0	0	0	0	0	0	0	0	0	0	0	0	0	0	0	0	0	0	0	0	0	0	0	0	0	0	0	0	0	0	0	0	0	0	0	,01	
2002	103928	0992156643001	MISSDECIMOSEGUNDA S.A.	A	AGRICULTURA, GANADERÍA,  SILVICULTURA Y PESCA.	A0150.00	0	0	0	0	0	800,00	0	0	0	0	0	0	0	0	0	0	0	0	0	0	0	0	0	0	0	0	800,00	0	0	0	0	0	0	0	0	0	0	0	0	0	0	0	0	0	0	0	0	0	0	0	0	0	0	0	0	0	0	800,00	0	0	0	0	0	0	0	0	0	0	0	0	0	0	0	0	0	0	0	0	0	0	0	0	0	0	0	0	0	0	0	0	0	0	0	0	0	0	0	0	0	800,00	0	0	0	0	0	0	0	0	800,00	800,00	0	0	0	0	0	0	0	0	0	0	0	0	0	0	0	0	0	0	0	0	0	0	0	0	0	0	0	0	0	0	0	0	0	0	0	0	0	0	0	0	0	0	0	0	0	0	0	0	0	0	0	0	0	0	0	0	0	0	0	0	0	0	0	0	0	0	0	0	0	0	0	0	0	0	0	0	0	0	0	0	0	0	0	0	0	0	0	0	0	0	0	0	0	0	0	0	0	0	0	0	0	0	0	0	0	0	0	0	0	0	0	0	0	0	0	0	0	0	0	0	0	0	0	0	0	0	0	0	0	0	0	0	0	0	0	0	0	0	,01	
2002	103932	0992166274001	MISSQUINCE S.A.	A	AGRICULTURA, GANADERÍA,  SILVICULTURA Y PESCA.	A0150.00	0	0	0	0	0	800,00	0	0	0	0	0	0	0	0	0	0	0	0	0	0	0	0	0	0	0	0	800,00	0	0	0	0	0	0	0	0	0	0	0	0	0	0	0	0	0	0	0	0	0	0	0	0	0	0	0	0	0	0	800,00	0	0	0	0	0	0	0	0	0	0	0	0	0	0	0	0	0	0	0	0	0	0	0	0	0	0	0	0	0	0	0	0	0	0	0	0	0	0	0	0	0	800,00	0	0	0	0	0	0	0	0	800,00	800,00	0	0	0	0	0	0	0	0	0	0	0	0	0	0	0	0	0	0	0	0	0	0	0	0	0	0	0	0	0	0	0	0	0	0	0	0	0	0	0	0	0	0	0	0	0	0	0	0	0	0	0	0	0	0	0	0	0	0	0	0	0	0	0	0	0	0	0	0	0	0	0	0	0	0	0	0	0	0	0	0	0	0	0	0	0	0	0	0	0	0	0	0	0	0	0	0	0	0	0	0	0	0	0	0	0	0	0	0	0	0	0	0	0	0	0	0	0	0	0	0	0	0	0	0	0	0	0	0	0	0	0	0	0	0	0	0	0	0	,01	
2002	103936	0992165081001	MISSCUATRO S.A.	A	AGRICULTURA, GANADERÍA,  SILVICULTURA Y PESCA.	A0150.00	0	0	0	0	0	800,00	0	0	0	0	0	0	0	0	0	0	0	0	0	0	0	0	0	0	0	0	800,00	0	0	0	0	0	0	0	0	0	0	0	0	0	0	0	0	0	0	0	0	0	0	0	0	0	0	0	0	0	0	800,00	0	0	0	0	0	0	0	0	0	0	0	0	0	0	0	0	0	0	0	0	0	0	0	0	0	0	0	0	0	0	0	0	0	0	0	0	0	0	0	0	0	800,00	0	0	0	0	0	0	0	0	800,00	800,00	0	0	0	0	0	0	0	0	0	0	0	0	0	0	0	0	0	0	0	0	0	0	0	0	0	0	0	0	0	0	0	0	0	0	0	0	0	0	0	0	0	0	0	0	0	0	0	0	0	0	0	0	0	0	0	0	0	0	0	0	0	0	0	0	0	0	0	0	0	0	0	0	0	0	0	0	0	0	0	0	0	0	0	0	0	0	0	0	0	0	0	0	0	0	0	0	0	0	0	0	0	0	0	0	0	0	0	0	0	0	0	0	0	0	0	0	0	0	0	0	0	0	0	0	0	0	0	0	0	0	0	0	0	0	0	0	0	0	0	
2002	103940	0992165510001	MISSCINCO S.A.	A	AGRICULTURA, GANADERÍA,  SILVICULTURA Y PESCA.	A0150.00	0	0	0	0	0	800,00	0	0	0	0	0	0	0	0	0	0	0	0	0	0	0	0	0	0	0	0	800,00	0	0	0	0	0	0	0	0	0	0	0	0	0	0	0	0	0	0	0	0	0	0	0	0	0	0	0	0	0	0	800,00	0	0	0	0	0	0	0	0	0	0	0	0	0	0	0	0	0	0	0	0	0	0	0	0	0	0	0	0	0	0	0	0	0	0	0	0	0	0	0	0	0	800,00	0	0	0	0	0	0	0	0	800,00	800,00	0	0	0	0	0	0	0	0	0	0	0	0	0	0	0	0	0	0	0	0	0	0	0	0	0	0	0	0	0	0	0	0	0	0	0	0	0	0	0	0	0	0	0	0	0	0	0	0	0	0	0	0	0	0	0	0	0	0	0	0	0	0	0	0	0	0	0	0	0	0	0	0	0	0	0	0	0	0	0	0	0	0	0	0	0	0	0	0	0	0	0	0	0	0	0	0	0	0	0	0	0	0	0	0	0	0	0	0	0	0	0	0	0	0	0	0	0	0	0	0	0	0	0	0	0	0	0	0	0	0	0	0	0	0	0	0	0	0	,01	
2002	104055	0992166401001	EXPORTADORA E IMPORTADORA TECNOLOGIA E INFORMATICA S.A. (TECINFOSA)	G	COMERCIO AL POR MAYOR Y AL POR MENOR REPARACIÓN DE VEHÍCULOS AUTOMOTORES Y MOTOCICLETAS.	G4651.02	0	0	0	0	0	200,00	0	0	0	0	0	600,00	0	0	0	0	0	0	0	0	0	0	0	0	0	0	800,00	0	0	0	0	0	0	0	0	0	0	0	0	0	0	0	0	0	0	0	0	0	0	0	0	0	0	0	0	0	0	800,00	0	0	0	0	0	0	0	0	0	0	0	0	0	0	0	0	0	0	0	0	0	0	0	0	0	0	0	0	0	0	0	0	0	0	0	0	0	0	0	0	0	800,00	0	0	0	0	0	0	0	0	800,00	800,00	0	0	0	0	0	0	0	0	0	0	0	0	0	0	0	0	0	0	0	0	0	0	0	0	0	0	0	0	0	0	0	0	0	0	0	0	0	0	0	0	0	0	0	0	0	0	0	0	0	0	0	0	0	0	0	0	0	0	0	0	0	0	0	0	0	0	0	0	0	0	0	0	0	0	0	0	0	0	0	0	0	0	0	0	0	0	0	0	0	0	0	0	0	0	0	0	0	0	0	0	0	0	0	0	0	0	0	0	0	0	0	0	0	0	0	0	0	0	0	0	0	0	0	0	0	0	0	0	0	0	0	0	0	0	0	0	0	0	0	
2002	104440	0992199229001	CENASUR S.A.	M	ACTIVIDADES PROFESIONALES, CIENTÍFICAS Y TÉCNICAS.	M7020.04	0	0	0	0	0	0	0	0	0	0	0	0	0	750,00	0	0	0	0	0	0	0	0	0	0	0	0	750,00	0	0	0	0	0	0	0	0	0	0	0	0	64,00	0	0	0	64,00	0	12267,48	0	0	0	0	0	0	0	0	0	0	12267,48	13081,48	0	0	0	0	0	0	0	0	0	0	12281,48	0	0	0	0	0	0	0	12281,48	0	0	0	0	0	0	0	0	0	0	0	0	0	0	0	0	0	0	0	0	0	12281,48	800,00	0	0	0	0	0	0	0	0	800,00	13081,48	0	0	0	0	0	0	0	0	0	0	0	0	0	0	0	0	0	0	0	0	0	0	0	0	0	0	0	0	0	0	0	0	0	0	0	0	0	0	0	0	0	0	0	0	0	0	0	0	0	0	0	0	0	0	0	0	0	0	0	0	0	0	0	0	0	0	0	0	0	0	0	0	0	0	0	0	0	0	0	0	0	0	0	0	0	0	0	0	0	0	0	0	0	0	0	0	0	0	0	0	0	0	0	0	0	0	0	0	0	0	0	0	0	0	0	0	0	0	0	0	0	0	0	0	0	0	0	0	0	0	0	0	0	0	0	0	0	0	0	
2002	104516	0992202165001	BALMERA S.A.	G	COMERCIO AL POR MAYOR Y AL POR MENOR REPARACIÓN DE VEHÍCULOS AUTOMOTORES Y MOTOCICLETAS.	G4669.22	0	0	0	0	0	0	0	0	0	0	0	0	0	0	0	0	0	0	0	0	0	0	0	0	0	0	0	0	0	0	0	0	0	0	0	0	0	0	0	800,00	0	0	0	800,00	0	0	0	0	0	0	0	0	0	0	0	0	0	800,00	0	0	0	0	0	0	0	0	0	0	0	0	0	0	0	0	0	0	0	0	0	0	0	0	0	0	0	0	0	0	0	0	0	0	0	0	0	0	0	0	0	800,00	0	0	0	0	0	0	0	0	800,00	800,00	0	0	0	0	0	0	0	0	0	0	0	0	0	0	0	0	0	0	0	0	0	0	0	0	0	0	0	0	0	0	0	0	0	0	0	0	0	0	0	0	0	0	0	0	0	0	0	0	0	0	0	0	0	0	0	0	0	0	0	0	0	0	0	0	0	0	0	0	0	0	0	0	0	0	0	0	0	0	0	0	0	0	0	0	0	0	0	0	0	0	0	0	0	0	0	0	0	0	0	0	0	0	0	0	0	0	0	0	0	0	0	0	0	0	0	0	0	0	0	0	0	0	0	0	0	0	0	0	0	0	0	0	0	0	0	0	0	0	0	
2002	104675	0992101083001	DISFARMIL S.A.	G	COMERCIO AL POR MAYOR Y AL POR MENOR REPARACIÓN DE VEHÍCULOS AUTOMOTORES Y MOTOCICLETAS.	G4669.11	0	0	0	0	0	200,00	0	0	0	0	0	0	0	0	0	0	0	0	0	0	0	0	0	0	0	0	200,00	0	0	0	0	0	0	0	0	0	0	0	0	0	0	0	0	0	0	0	0	0	0	0	0	0	0	0	0	0	0	200,00	0	0	0	0	0	0	0	0	0	0	0	0	0	0	0	0	0	0	0	0	0	0	0	0	0	0	0	0	0	0	0	0	0	0	0	0	0	0	0	0	0	200,00	0	0	0	0	0	0	0	0	200,00	200,00	0	0	0	0	0	0	0	0	0	0	0	0	0	0	0	0	0	0	0	0	0	0	0	0	0	0	0	0	0	0	0	0	0	0	0	0	0	0	0	0	0	0	0	0	0	0	0	0	0	0	0	0	0	0	0	0	0	0	0	0	0	0	0	0	0	0	0	0	0	0	0	0	0	0	0	0	0	0	0	0	0	0	0	0	0	0	0	0	0	0	0	0	0	0	0	0	0	0	0	0	0	0	0	0	0	0	0	0	0	0	0	0	0	0	0	0	0	0	0	0	0	0	0	0	0	0	0	0	0	0	0	0	0	0	0	0	0	0	0	
2002	104821	0992187395001	FRUTERA DEL PACIFICO S.A. PACIFRUIT	A	AGRICULTURA, GANADERÍA,  SILVICULTURA Y PESCA.	A0123.01	0	0	0	0	0	643,49	0	0	0	0	0	0	0	0	0	0	0	0	0	0	0	0	0	0	0	0	643,49	0	0	0	166500,00	0	0	0	-15672,50	0	0	150827,50	0	0	0	0	0	0	0	0	0	0	0	0	0	0	0	0	0	0	0	151470,99	31241,98	0	0	0	0	0	59400,00	60000,00	0	0	0	0	10,96	3,44	0	0	0	0	150656,38	0	0	0	0	0	0	0	0	0	0	0	0	0	0	0	0	0	0	0	0	0	150656,38	800,00	0	0	0	0	0	0	14,61	0	814,61	151470,99	0	290117,90	0	0	0	0	0	0	0	0	0	0	0	0	290117,90	0	211821,67	0	0	0	0	0	0	0	0	0	0	0	23499,06	8454,20	0	0	0	0	0	0	0	0	0	0	8747,26	0	9872,50	0	0	0	0	0	0	0	0	0	0	0	0	0	0	0	0	0	0	0	0	0	0	0	0	0	0	0	0	0	0	0	0	0	0	0	0	0	0	0	0	0	0	0	0	545,05	1288,25	3840,24	0	0	0	15672,50	0	0	0	0	0	6354,25	0	0	0	0	0	0	0	0	279807,48	10287,50	290094,98	22,92	0	-3,44	0	0	0	0	0	0	0	0	0	0	0	19,48	0	0	19,48	4,87	0	0	0	0	0	0	4,87	0	0	
2002	104940	0992205490001	ININCORP S.A.	C	INDUSTRIAS MANUFACTURERAS.	C1020.04	0	0	0	0	0	0	0	0	0	0	0	0	0	600,00	0	0	0	0	0	0	0	0	0	0	0	0	600,00	0	0	0	0	0	0	0	0	0	0	0	0	214,88	0	0	0	214,88	0	0	0	0	0	0	0	0	0	0	0	0	0	814,88	0	0	0	0	0	0	0	0	0	0	0	0	0	0	0	0	0	0	0	0	0	0	0	0	0	0	0	0	0	0	0	0	0	0	0	0	0	0	0	14,88	14,88	800,00	0	0	0	0	0	0	0	0	800,00	814,88	0	0	0	0	0	0	0	0	0	0	0	0	0	0	0	0	0	0	0	0	0	0	0	0	0	0	0	0	0	0	0	0	0	0	0	0	0	0	0	0	0	0	0	0	0	0	0	0	0	0	0	0	0	0	0	0	0	0	0	0	0	0	0	0	0	0	0	0	0	0	0	0	0	0	0	0	0	0	0	0	0	0	0	0	0	0	0	0	0	0	0	0	0	0	0	0	0	0	0	0	0	0	0	0	0	0	0	0	0	0	0	0	0	0	0	0	0	0	0	0	0	0	0	0	0	0	0	0	0	0	0	0	0	0	0	0	0	0	0	
2002	105024	2091700177001	BIOLOGICAL EXPEDITION GALAPAGOS BX GALAPAGOS C.A.	N	ACTIVIDADES DE SERVICIOS ADMINISTRATIVOS Y DE APOYO.	N7990.04	0	0	0	0	0	200,00	0	0	0	0	0	0	0	0	0	0	0	0	0	0	0	0	0	0	0	0	200,00	0	0	0	0	0	0	0	0	0	0	0	0	0	0	0	0	0	0	0	0	0	0	0	0	0	0	0	0	0	0	200,00	0	0	0	0	0	0	0	0	0	0	0	0	0	0	0	0	0	0	0	0	0	0	0	0	0	0	0	0	0	0	0	0	0	0	0	0	0	0	0	0	0	800,00	-600,00	0	0	0	0	0	0	0	200,00	200,00	0	0	0	0	0	0	0	0	0	0	0	0	0	0	0	0	0	0	0	0	0	0	0	0	0	0	0	0	0	0	0	0	0	0	0	0	0	0	0	0	0	0	0	0	0	0	0	0	0	0	0	0	0	0	0	0	0	0	0	0	0	0	0	0	0	0	0	0	0	0	0	0	0	0	0	0	0	0	0	0	0	0	0	0	0	0	0	0	0	0	0	0	0	0	0	0	0	0	0	0	0	0	0	0	0	0	0	0	0	0	0	0	0	0	0	0	0	0	0	0	0	0	0	0	0	0	0	0	0	0	0	0	0	0	0	0	0	0	,01	
2002	105247	0992208112001	ZEVILSA S.A.	M	ACTIVIDADES PROFESIONALES, CIENTÍFICAS Y TÉCNICAS.	M6910.02	0	0	0	0	0	200,00	0	0	0	0	0	0	0	0	0	0	0	0	0	0	0	0	0	0	0	0	200,00	0	0	0	0	0	0	0	0	0	0	0	0	600,00	0	0	0	600,00	0	0	0	0	0	0	0	0	0	0	0	0	0	800,00	0	0	0	0	0	0	0	0	0	0	0	0	0	0	0	0	0	0	0	0	0	0	0	0	0	0	0	0	0	0	0	0	0	0	0	0	0	0	0	0	0	800,00	0	0	0	0	0	0	0	0	800,00	800,00	0	0	0	0	0	0	0	0	0	0	0	0	0	0	0	0	0	0	0	0	0	0	0	0	0	0	0	0	0	0	0	0	0	0	0	0	0	0	0	0	0	0	0	0	0	0	0	0	0	0	0	0	0	0	0	0	0	0	0	0	0	0	0	0	0	0	0	0	0	0	0	0	0	0	0	0	0	0	0	0	0	0	0	0	0	0	0	0	0	0	0	0	0	0	0	0	0	0	0	0	0	0	0	0	0	0	0	0	0	0	0	0	0	0	0	0	0	0	0	0	0	0	0	0	0	0	0	0	0	0	0	0	0	0	0	0	0	0	0	
2002	105928	0992183780001	INMOBILIARIA ENRIMADA S.A.	F	CONSTRUCCIÓN.	F4100.10	0	0	0	0	0	20,00	0	0	0	0	0	0	0	0	0	0	0	0	0	0	0	0	0	0	0	0	20,00	180,00	0	0	600,00	0	0	0	0	0	0	780,00	0	0	0	120,00	0	120,00	0	0	114,00	0	0	0	6,00	0	0	0	0	0	120,00	1040,00	0	0	0	0	0	0	0	0	0	0	0	0	0	0	0	0	0	0	0	0	0	0	0	0	0	0	0	0	240,00	0	0	0	0	0	0	0	0	240,00	0	0	240,00	200,00	0	600,00	0	0	0	0	0	0	800,00	1040,00	0	0	0	0	0	0	0	0	0	0	0	0	0	0	0	0	0	0	0	0	0	0	0	0	0	0	0	0	0	0	0	0	0	0	0	0	0	0	0	0	0	0	0	0	0	0	0	0	0	0	0	0	0	0	0	0	0	0	0	0	0	0	0	0	0	0	0	0	0	0	0	0	0	0	0	0	0	0	0	0	0	0	0	0	0	0	0	0	0	0	0	0	0	0	0	0	0	0	0	0	0	0	0	0	0	0	0	0	0	0	0	0	0	0	0	0	0	0	0	0	0	0	0	0	0	0	0	0	0	0	0	0	0	0	0	0	0	0	0	
2002	105996	0992157194001	TURISMO DEL PACIFICO SUR S.A. CIATURPA	H	TRANSPORTE Y ALMACENAMIENTO.	H5110.02	0	0	0	0	0	0	0	0	0	0	0	200,00	0	0	0	0	0	0	0	0	0	0	0	0	0	0	200,00	0	0	0	0	0	0	0	0	0	0	0	0	0	0	0	0	0	0	0	0	0	0	0	0	0	0	0	0	0	0	200,00	0	0	0	0	0	0	0	0	0	0	0	0	0	0	0	0	0	0	0	0	0	0	0	0	0	0	0	0	0	0	0	0	0	0	0	0	0	0	0	0	0	200,00	0	0	0	0	0	0	0	0	200,00	200,00	0	0	0	0	0	0	0	0	0	0	0	0	0	0	0	0	0	0	0	0	0	0	0	0	0	0	0	0	0	0	0	0	0	0	0	0	0	0	0	0	0	0	0	0	0	0	0	0	0	0	0	0	0	0	0	0	0	0	0	0	0	0	0	0	0	0	0	0	0	0	0	0	0	0	0	0	0	0	0	0	0	0	0	0	0	0	0	0	0	0	0	0	0	0	0	0	0	0	0	0	0	0	0	0	0	0	0	0	0	0	0	0	0	0	0	0	0	0	0	0	0	0	0	0	0	0	0	0	0	0	0	0	0	0	0	0	0	0	0	
2002	106184	0992217413001	EXMORT S.A.	L	ACTIVIDADES INMOBILIARIAS.	L6810.01	0	0	0	0	0	800,00	0	0	0	0	0	0	0	0	0	0	0	0	0	0	0	0	0	0	0	0	800,00	0	0	0	0	0	0	0	0	0	0	0	0	0	0	0	0	0	0	0	0	0	0	0	0	0	0	0	0	0	0	800,00	0	0	0	0	0	0	0	0	0	0	0	0	0	0	0	0	0	0	0	0	0	0	0	0	0	0	0	0	0	0	0	0	0	0	0	0	0	0	0	0	0	800,00	0	0	0	0	0	0	0	0	800,00	800,00	0	0	0	0	0	0	0	0	0	0	0	0	0	0	0	0	0	0	0	0	0	0	0	0	0	0	0	0	0	0	0	0	0	0	0	0	0	0	0	0	0	0	0	0	0	0	0	0	0	0	0	0	0	0	0	0	0	0	0	0	0	0	0	0	0	0	0	0	0	0	0	0	0	0	0	0	0	0	0	0	0	0	0	0	0	0	0	0	0	0	0	0	0	0	0	0	0	0	0	0	0	0	0	0	0	0	0	0	0	0	0	0	0	0	0	0	0	0	0	0	0	0	0	0	0	0	0	0	0	0	0	0	0	0	0	0	0	0	0	
2002	106823	0992228806001	CORRECTORES ORGANICOS Y AGRICOLAS VERA SALAS S.A. COR.VE.SA	G	COMERCIO AL POR MAYOR Y AL POR MENOR REPARACIÓN DE VEHÍCULOS AUTOMOTORES Y MOTOCICLETAS.	G4669.12	0	0	0	0	0	800,00	0	0	0	0	0	0	0	0	0	0	0	0	0	0	0	0	0	0	0	0	800,00	0	0	0	0	0	0	0	0	0	0	0	0	0	0	0	0	0	0	0	0	0	0	0	0	0	0	0	0	0	0	800,00	0	0	0	0	0	0	0	0	0	0	0	0	0	0	0	0	0	0	0	0	0	0	0	0	0	0	0	0	0	0	0	0	0	0	0	0	0	0	0	0	0	800,00	0	0	0	0	0	0	0	0	800,00	800,00	0	0	0	0	0	0	0	0	0	0	0	0	0	0	0	0	0	0	0	0	0	0	0	0	0	0	0	0	0	0	0	0	0	0	0	0	0	0	0	0	0	0	0	0	0	0	0	0	0	0	0	0	0	0	0	0	0	0	0	0	0	0	0	0	0	0	0	0	0	0	0	0	0	0	0	0	0	0	0	0	0	0	0	0	0	0	0	0	0	0	0	0	0	0	0	0	0	0	0	0	0	0	0	0	0	0	0	0	0	0	0	0	0	0	0	0	0	0	0	0	0	0	0	0	0	0	0	0	0	0	0	0	0	0	0	0	0	0	,01	
2002	106990	0992231173001	MAINPORT S.A.	L	ACTIVIDADES INMOBILIARIAS.	L6810.01	0	0	0	0	0	600,00	200,00	0	0	0	0	0	0	0	0	0	0	0	0	0	0	0	0	0	0	0	800,00	21405,93	0	0	0	0	20109,00	0	0	6612,00	0	48126,93	0	800,00	0	0	0	800,00	0	0	0	0	0	0	0	0	0	0	0	0	0	49726,93	0	0	0	0	0	0	0	0	0	0	0	0	0	0	0	0	0	0	0	0	0	0	0	0	0	0	0	0	0	0	0	0	0	0	0	0	0	0	0	0	0	800,00	0	48926,93	0	0	0	0	0	0	49726,93	49726,93	0	0	0	0	0	0	0	0	0	0	0	0	0	0	0	0	0	0	0	0	0	0	0	0	0	0	0	0	0	0	0	0	0	0	0	0	0	0	0	0	0	0	0	0	0	0	0	0	0	0	0	0	0	0	0	0	0	0	0	0	0	0	0	0	0	0	0	0	0	0	0	0	0	0	0	0	0	0	0	0	0	0	0	0	0	0	0	0	0	0	0	0	0	0	0	0	0	0	0	0	0	0	0	0	0	0	0	0	0	0	0	0	0	0	0	0	0	0	0	0	0	0	0	0	0	0	0	0	0	0	0	0	0	0	0	0	0	0	0	
2002	107114	0992232609001	VUNRER S.A.	L	ACTIVIDADES INMOBILIARIAS.	L6810.01	0	0	0	0	0	200,00	0	0	0	0	0	0	0	0	0	0	0	0	0	0	0	0	0	0	0	0	200,00	0	0	0	0	0	0	0	0	0	0	0	0	600,00	0	0	0	600,00	0	0	0	0	0	0	0	0	0	0	0	0	0	800,00	0	0	0	0	0	0	0	0	0	0	0	0	0	0	0	0	0	0	0	0	0	0	0	0	0	0	0	0	0	0	0	0	0	0	0	0	0	0	0	0	0	800,00	0	0	0	0	0	0	0	0	800,00	800,00	0	0	0	0	0	0	0	0	0	0	0	0	0	0	0	0	0	0	0	0	0	0	0	0	0	0	0	0	0	0	0	0	0	0	0	0	0	0	0	0	0	0	0	0	0	0	0	0	0	0	0	0	0	0	0	0	0	0	0	0	0	0	0	0	0	0	0	0	0	0	0	0	0	0	0	0	0	0	0	0	0	0	0	0	0	0	0	0	0	0	0	0	0	0	0	0	0	0	0	0	0	0	0	0	0	0	0	0	0	0	0	0	0	0	0	0	0	0	0	0	0	0	0	0	0	0	0	0	0	0	0	0	0	0	0	0	0	0	,01	
2002	107280	0992234563001	DRYCAST S.A.	L	ACTIVIDADES INMOBILIARIAS.	L6810.01	0	0	0	0	0	600,00	0	0	0	0	0	0	0	0	0	0	0	0	0	0	0	0	0	0	0	0	600,00	0	0	0	0	0	0	0	0	0	0	0	0	200,00	0	0	0	200,00	0	0	0	0	0	0	0	0	0	0	0	0	0	800,00	0	0	0	0	0	0	0	0	0	0	0	0	0	0	0	0	0	0	0	0	0	0	0	0	0	0	0	0	0	0	0	0	0	0	0	0	0	0	0	0	0	800,00	0	0	0	0	0	0	0	0	800,00	800,00	0	0	0	0	0	0	0	0	0	0	0	0	0	0	0	0	0	0	0	0	0	0	0	0	0	0	0	0	0	0	0	0	0	0	0	0	0	0	0	0	0	0	0	0	0	0	0	0	0	0	0	0	0	0	0	0	0	0	0	0	0	0	0	0	0	0	0	0	0	0	0	0	0	0	0	0	0	0	0	0	0	0	0	0	0	0	0	0	0	0	0	0	0	0	0	0	0	0	0	0	0	0	0	0	0	0	0	0	0	0	0	0	0	0	0	0	0	0	0	0	0	0	0	0	0	0	0	0	0	0	0	0	0	0	0	0	0	0	,01	
2002	107873	0992255897001	ONPACK S.A.	F	CONSTRUCCIÓN.	F4100.20	0	0	0	0	0	200,00	0	0	0	0	0	0	0	0	0	0	0	0	0	0	0	0	0	0	0	0	200,00	0	0	0	345,00	0	0	0	0	0	0	345,00	0	255,00	0	0	0	255,00	0	0	0	0	0	0	0	0	0	0	0	0	0	800,00	0	0	0	0	0	0	0	0	0	0	0	0	0	0	0	0	0	0	0	0	0	0	0	0	0	0	0	0	0	0	0	0	0	0	0	0	0	0	0	0	0	800,00	0	0	0	0	0	0	0	0	800,00	800,00	0	0	0	0	0	0	0	0	0	0	0	0	0	0	0	0	0	0	0	0	0	0	0	0	0	0	0	0	0	0	0	0	0	0	0	0	0	0	0	0	0	0	0	0	0	0	0	0	0	0	0	0	0	0	0	0	0	0	0	0	0	0	0	0	0	0	0	0	0	0	0	0	0	0	0	0	0	0	0	0	0	0	0	0	0	0	0	0	0	0	0	0	0	0	0	0	0	0	0	0	0	0	0	0	0	0	0	0	0	0	0	0	0	0	0	0	0	0	0	0	0	0	0	0	0	0	0	0	0	0	0	0	0	0	0	0	0	0	,01	
2002	108095	0992246588001	INDUSTRIAL BREST S.A. (INBREST)	G	COMERCIO AL POR MAYOR Y AL POR MENOR REPARACIÓN DE VEHÍCULOS AUTOMOTORES Y MOTOCICLETAS.	G4659.23	0	0	0	0	0	0	0	0	0	0	0	0	0	0	0	0	0	0	0	0	0	0	0	0	0	11765,48	11765,48	0	0	12,00	0	0	0	0	0	0	0	12,00	0	1438,31	0	182,16	0	1620,47	0	0	0	0	0	0	0	0	0	0	0	0	0	13397,95	0	0	0	0	0	0	0	0	0	0	0	0	0	0	0	0	0	0	0	0	0	0	0	3305,95	0	0	0	0	0	0	0	0	0	0	0	0	0	3305,95	0	0	3305,95	10092,00	0	0	0	0	0	0	0	0	10092,00	13397,95	0	0	0	0	0	0	0	0	0	0	0	0	0	0	0	0	0	0	0	0	0	0	0	0	0	0	0	0	0	0	0	0	0	0	0	0	0	0	0	0	0	0	0	0	0	0	0	0	0	0	0	0	0	0	0	0	0	0	0	0	0	0	0	0	0	0	0	0	0	0	0	0	0	0	0	0	0	0	0	0	0	0	0	0	0	0	0	0	0	0	0	0	0	0	0	0	0	0	0	0	0	0	0	0	0	0	0	0	0	0	0	0	0	0	0	0	0	0	0	0	0	0	0	0	0	0	0	0	0	0	0	0	0	0	0	0	0	0	0	
2002	108288	0992249137001	TRAVELCLUB S.A.	N	ACTIVIDADES DE SERVICIOS ADMINISTRATIVOS Y DE APOYO.	N7911.00	0	0	0	0	0	1000,00	0	0	0	0	0	0	0	0	0	0	0	0	0	0	0	0	0	0	0	0	0	0	0	0	0	0	0	0	0	0	0	0	0	0	0	0	0	0	0	0	0	0	0	0	0	0	0	0	0	0	0	0	0	0	0	0	0	0	0	0	0	0	0	0	0	0	0	0	0	0	0	0	0	0	0	0	0	0	0	0	0	0	0	0	0	0	0	0	0	0	0	0	0	1000,00	0	0	0	0	0	0	0	0	0	0	0	0	0	0	0	0	0	0	0	0	0	0	0	0	0	0	0	0	0	0	0	0	0	0	0	0	0	0	0	0	0	0	0	0	0	0	0	0	0	0	0	0	0	0	0	0	0	0	0	0	0	0	0	0	0	0	0	0	0	0	0	0	0	0	0	0	0	0	0	0	0	0	0	0	0	0	0	0	0	0	0	0	0	0	0	0	0	0	0	0	0	0	0	0	0	0	0	0	0	0	0	0	0	0	0	0	0	0	0	0	0	0	0	0	0	0	0	0	0	0	0	0	0	0	0	0	0	0	0	0	0	0	0	0	0	0	0	0	,01	
2002	108301	0992247851001	SONOVEL S.A.	N	ACTIVIDADES DE SERVICIOS ADMINISTRATIVOS Y DE APOYO.	N7830.00	0	0	0	0	0	0	0	0	0	0	0	0	0	0	0	0	0	0	0	0	0	0	0	0	0	0	0	0	0	0	0	0	0	0	0	0	0	0	0	800,00	0	0	0	800,00	0	0	0	0	0	0	0	0	0	0	0	0	0	800,00	0	0	0	0	0	0	0	0	0	0	0	0	0	0	0	0	0	0	0	0	0	0	0	0	0	0	0	0	0	0	0	0	0	0	0	0	0	0	0	0	0	800,00	0	0	0	0	0	0	0	0	800,00	800,00	0	0	0	0	0	0	0	0	0	0	0	0	0	0	0	0	0	0	0	0	0	0	0	0	0	0	0	0	0	0	0	0	0	0	0	0	0	0	0	0	0	0	0	0	0	0	0	0	0	0	0	0	0	0	0	0	0	0	0	0	0	0	0	0	0	0	0	0	0	0	0	0	0	0	0	0	0	0	0	0	0	0	0	0	0	0	0	0	0	0	0	0	0	0	0	0	0	0	0	0	0	0	0	0	0	0	0	0	0	0	0	0	0	0	0	0	0	0	0	0	0	0	0	0	0	0	0	0	0	0	0	0	0	0	0	0	0	0	,01	
2002	108682	0992253126001	R.C.L. BIOTECNOLOGIA S.A.	G	COMERCIO AL POR MAYOR Y AL POR MENOR REPARACIÓN DE VEHÍCULOS AUTOMOTORES Y MOTOCICLETAS.	G4649.24	0	0	0	0	0	300,00	0	0	0	0	0	0	0	0	0	0	0	0	0	0	0	0	0	0	0	0	300,00	0	0	0	0	0	0	0	0	0	0	0	0	600,00	0	0	0	600,00	0	0	0	0	0	0	0	0	0	0	0	0	0	900,00	0	0	0	0	0	0	0	0	0	0	0	0	0	0	0	0	0	0	0	0	0	0	0	0	0	0	0	0	0	0	0	0	0	0	0	0	0	0	0	0	0	900,00	0	0	0	0	0	0	0	0	900,00	900,00	0	0	0	0	0	0	0	0	0	0	0	0	0	0	0	0	0	0	0	0	0	0	0	0	0	0	0	0	0	0	0	0	0	0	0	0	0	0	0	0	0	0	0	0	0	0	0	0	0	0	0	0	0	0	0	0	0	0	0	0	0	0	0	0	0	0	0	0	0	0	0	0	0	0	0	0	0	0	0	0	0	0	0	0	0	0	0	0	0	0	0	0	0	0	0	0	0	0	0	0	0	0	0	0	0	0	0	0	0	0	0	0	0	0	0	0	0	0	0	0	0	0	0	0	0	0	0	0	0	0	0	0	0	0	0	0	0	0	,01	
2002	108686	0992254734001	GRANDA EB SEGURIDAD CIA. LTDA.	N	ACTIVIDADES DE SERVICIOS ADMINISTRATIVOS Y DE APOYO.	N8010.03	0	0	0	0	0	801,00	0	0	0	0	0	0	0	801,00	0	0	0	0	0	0	0	0	0	0	0	0	1602,00	0	0	0	0	0	0	0	0	0	0	0	0	0	0	0	0	0	0	0	0	0	0	0	0	0	0	0	0	0	0	1602,00	0	0	0	0	0	0	0	0	0	0	0	0	0	0	0	0	0	0	0	0	0	0	0	0	0	0	0	0	0	0	0	0	0	0	0	0	0	0	0	0	0	1602,00	0	0	0	0	0	0	0	0	1602,00	1602,00	0	0	0	0	0	0	0	0	0	0	0	0	0	0	0	0	0	0	0	0	0	0	0	0	0	0	0	0	0	0	0	0	0	0	0	0	0	0	0	0	0	0	0	0	0	0	0	0	0	0	0	0	0	0	0	0	0	0	0	0	0	0	0	0	0	0	0	0	0	0	0	0	0	0	0	0	0	0	0	0	0	0	0	0	0	0	0	0	0	0	0	0	0	0	0	0	0	0	0	0	0	0	0	0	0	0	0	0	0	0	0	0	0	0	0	0	0	0	0	0	0	0	0	0	0	0	0	0	0	0	0	0	0	0	0	0	0	0	0	
2002	108790	0992255927001	INTERNACIONAL MARKETS ADVISOR, INMARVISOR S.A.	L	ACTIVIDADES INMOBILIARIAS.	L6810.01	0	0	0	0	0	800,00	0	0	0	0	0	0	0	0	0	0	0	0	0	0	0	0	0	0	0	0	800,00	0	0	0	0	0	0	0	0	0	0	0	0	0	0	0	0	0	0	0	0	0	0	0	0	0	0	0	0	0	0	800,00	0	0	0	0	0	0	0	0	0	0	0	0	0	0	0	0	0	0	0	0	0	0	0	0	0	0	0	0	0	0	0	0	0	0	0	0	0	0	0	0	0	800,00	0	0	0	0	0	0	0	0	800,00	800,00	0	0	0	0	0	0	0	0	0	0	0	0	0	0	0	0	0	0	0	0	0	0	0	0	0	0	0	0	0	0	0	0	0	0	0	0	0	0	0	0	0	0	0	0	0	0	0	0	0	0	0	0	0	0	0	0	0	0	0	0	0	0	0	0	0	0	0	0	0	0	0	0	0	0	0	0	0	0	0	0	0	0	0	0	0	0	0	0	0	0	0	0	0	0	0	0	0	0	0	0	0	0	0	0	0	0	0	0	0	0	0	0	0	0	0	0	0	0	0	0	0	0	0	0	0	0	0	0	0	0	0	0	0	0	0	0	0	0	0	
2002	109044	0992258659001	IN.COMUNICATION S.A.	A	AGRICULTURA, GANADERÍA,  SILVICULTURA Y PESCA.	A0150.00	0	0	0	0	0	800,00	0	0	0	0	0	0	0	0	0	0	0	0	0	0	0	0	0	0	0	0	800,00	0	0	0	0	0	0	0	0	0	0	0	0	0	0	0	0	0	0	0	0	0	0	0	0	0	0	0	0	0	0	800,00	0	0	0	0	0	0	0	0	0	0	0	0	0	0	0	0	0	0	0	0	0	0	0	0	0	0	0	0	0	0	0	0	0	0	0	0	0	0	0	0	0	800,00	0	0	0	0	0	0	0	0	800,00	800,00	0	0	0	0	0	0	0	0	0	0	0	0	0	0	0	0	0	0	0	0	0	0	0	0	0	0	0	0	0	0	0	0	0	0	0	0	0	0	0	0	0	0	0	0	0	0	0	0	0	0	0	0	0	0	0	0	0	0	0	0	0	0	0	0	0	0	0	0	0	0	0	0	0	0	0	0	0	0	0	0	0	0	0	0	0	0	0	0	0	0	0	0	0	0	0	0	0	0	0	0	0	0	0	0	0	0	0	0	0	0	0	0	0	0	0	0	0	0	0	0	0	0	0	0	0	0	0	0	0	0	0	0	0	0	0	0	0	0	0	
2002	109288	0992264446001	ALNIHELI S.A.	M	ACTIVIDADES PROFESIONALES, CIENTÍFICAS Y TÉCNICAS.	M6920.03	0	0	0	0	0	800,00	0	0	0	0	0	0	0	0	0	0	0	0	0	0	0	0	0	0	0	0	800,00	0	0	0	0	0	0	0	0	0	0	0	0	0	0	0	0	0	0	0	0	0	0	0	0	0	0	0	0	0	0	800,00	0	0	0	0	0	0	0	0	0	0	0	0	0	0	0	0	0	0	0	0	0	0	0	0	0	0	0	0	0	0	0	0	0	0	0	0	0	0	0	0	0	800,00	0	0	0	0	0	0	0	0	800,00	800,00	0	0	0	0	0	0	0	0	0	0	0	0	0	0	0	0	0	0	0	0	0	0	0	0	0	0	0	0	0	0	0	0	0	0	0	0	0	0	0	0	0	0	0	0	0	0	0	0	0	0	0	0	0	0	0	0	0	0	0	0	0	0	0	0	0	0	0	0	0	0	0	0	0	0	0	0	0	0	0	0	0	0	0	0	0	0	0	0	0	0	0	0	0	0	0	0	0	0	0	0	0	0	0	0	0	0	0	0	0	0	0	0	0	0	0	0	0	0	0	0	0	0	0	0	0	0	0	0	0	0	0	0	0	0	0	0	0	0	0	
2002	109484	0992265116001	SPONSA S.A.	L	ACTIVIDADES INMOBILIARIAS.	L6820.01	0	0	0	0	0	800,00	0	0	0	0	0	0	0	0	0	0	0	0	0	0	0	0	0	0	0	0	800,00	0	0	0	0	0	0	0	0	0	0	0	0	0	0	0	0	0	0	0	0	0	0	0	0	0	0	0	0	0	0	800,00	0	0	0	0	0	0	0	0	0	0	0	0	0	0	0	0	0	0	0	0	0	0	0	0	0	0	0	0	0	0	0	0	0	0	0	0	0	0	0	0	0	800,00	0	0	0	0	0	0	0	0	800,00	800,00	0	0	0	0	0	0	0	0	0	0	0	0	0	0	0	0	0	0	0	0	0	0	0	0	0	0	0	0	0	0	0	0	0	0	0	0	0	0	0	0	0	0	0	0	0	0	0	0	0	0	0	0	0	0	0	0	0	0	0	0	0	0	0	0	0	0	0	0	0	0	0	0	0	0	0	0	0	0	0	0	0	0	0	0	0	0	0	0	0	0	0	0	0	0	0	0	0	0	0	0	0	0	0	0	0	0	0	0	0	0	0	0	0	0	0	0	0	0	0	0	0	0	0	0	0	0	0	0	0	0	0	0	0	0	0	0	0	0	,01	
2002	109683	0992267747001	NHR CARGO S.A.	H	TRANSPORTE Y ALMACENAMIENTO.	H5229.03	0	0	0	0	0	0	0	0	0	0	0	0	0	0	0	0	0	0	0	0	0	0	0	0	0	0	0	0	0	0	0	0	0	0	0	0	0	0	0	800,00	0	0	0	800,00	0	0	0	0	0	0	0	0	0	0	0	0	0	800,00	0	0	0	0	0	0	0	0	0	0	0	0	0	0	0	0	0	0	0	0	0	0	0	0	0	0	0	0	0	0	0	0	0	0	0	0	0	0	0	0	0	800,00	0	0	0	0	0	0	0	0	800,00	800,00	0	0	0	0	0	0	0	0	0	0	0	0	0	0	0	0	0	0	0	0	0	0	0	0	0	0	0	0	0	0	0	0	0	0	0	0	0	0	0	0	0	0	0	0	0	0	0	0	0	0	0	0	0	0	0	0	0	0	0	0	0	0	0	0	0	0	0	0	0	0	0	0	0	0	0	0	0	0	0	0	0	0	0	0	0	0	0	0	0	0	0	0	0	0	0	0	0	0	0	0	0	0	0	0	0	0	0	0	0	0	0	0	0	0	0	0	0	0	0	0	0	0	0	0	0	0	0	0	0	0	0	0	0	0	0	0	0	0	,01	
2002	109908	0992271485001	VALUE BUSINESS S.A. VALUEBUSINESS	H	TRANSPORTE Y ALMACENAMIENTO.	H5229.03	0	0	0	0	0	800,00	0	0	0	0	0	0	0	0	0	0	0	0	0	0	0	0	0	0	0	0	800,00	0	0	0	0	0	0	0	0	0	0	0	0	0	0	0	0	0	0	0	0	0	0	0	0	0	0	0	0	0	0	800,00	0	0	0	0	0	0	0	0	0	0	0	0	0	0	0	0	0	0	0	0	0	0	0	0	0	0	0	0	0	0	0	0	0	0	0	0	0	0	0	0	0	800,00	0	0	0	0	0	0	0	0	800,00	800,00	0	0	0	0	0	0	0	0	0	0	0	0	0	0	0	0	0	0	0	0	0	0	0	0	0	0	0	0	0	0	0	0	0	0	0	0	0	0	0	0	0	0	0	0	0	0	0	0	0	0	0	0	0	0	0	0	0	0	0	0	0	0	0	0	0	0	0	0	0	0	0	0	0	0	0	0	0	0	0	0	0	0	0	0	0	0	0	0	0	0	0	0	0	0	0	0	0	0	0	0	0	0	0	0	0	0	0	0	0	0	0	0	0	0	0	0	0	0	0	0	0	0	0	0	0	0	0	0	0	0	0	0	0	0	0	0	0	0	0	
2002	109936	0992273305001	INMOBILIARIA EDALLE S.A.	L	ACTIVIDADES INMOBILIARIAS.	L6810.01	0	0	0	0	0	2016,89	0	0	0	0	0	0	0	0	0	0	0	0	0	0	0	0	0	0	0	0	2016,89	0	0	0	0	0	0	0	0	0	0	0	0	0	0	0	0	0	0	0	0	0	0	0	0	0	0	0	0	0	0	2016,89	0	0	0	0	0	0	0	0	0	0	0	0	0	0	0	0	0	0	0	0	0	0	0	0	0	0	0	0	0	0	0	0	0	0	0	0	0	0	0	0	0	2000,00	0	0	16,89	0	0	0	0	0	2016,89	2016,89	0	0	0	0	0	0	0	0	0	0	0	0	0	0	0	0	0	0	0	0	0	0	0	0	0	0	0	0	0	0	0	0	0	0	0	0	0	0	0	0	0	0	0	0	0	0	0	0	0	0	0	0	0	0	0	0	0	0	0	0	0	0	0	0	0	0	0	0	0	0	0	0	0	0	0	0	0	0	0	0	0	0	0	0	0	0	0	0	0	0	0	0	0	0	0	0	0	0	0	0	0	0	0	0	0	0	0	0	0	0	0	0	0	0	0	0	0	0	0	0	0	0	0	0	0	0	0	0	0	0	0	0	0	0	0	0	0	0	0	
2002	110074	0992273747001	CONTIFUT S.A.	H	TRANSPORTE Y ALMACENAMIENTO.	H5222.00	0	0	0	0	0	800,00	0	0	0	0	0	0	0	0	0	0	0	0	0	0	0	0	0	0	0	0	800,00	0	0	0	0	0	0	0	0	0	0	0	0	0	0	0	0	0	0	0	0	0	0	0	0	0	0	0	0	0	0	800,00	0	0	0	0	0	0	0	0	0	0	0	0	0	0	0	0	0	0	0	0	0	0	0	0	0	0	0	0	0	0	0	0	0	0	0	0	0	0	0	0	0	800,00	0	0	0	0	0	0	0	0	800,00	800,00	0	0	0	0	0	0	0	0	0	0	0	0	0	0	0	0	0	0	0	0	0	0	0	0	0	0	0	0	0	0	0	0	0	0	0	0	0	0	0	0	0	0	0	0	0	0	0	0	0	0	0	0	0	0	0	0	0	0	0	0	0	0	0	0	0	0	0	0	0	0	0	0	0	0	0	0	0	0	0	0	0	0	0	0	0	0	0	0	0	0	0	0	0	0	0	0	0	0	0	0	0	0	0	0	0	0	0	0	0	0	0	0	0	0	0	0	0	0	0	0	0	0	0	0	0	0	0	0	0	0	0	0	0	0	0	0	0	0	0	
2002	110310	0992281502001	G.P.E. SCHOOL C. LTDA.	P	ENSEÑANZA.	P8549.11	0	0	0	0	0	400,00	0	0	0	0	0	0	0	0	0	0	0	0	0	0	0	0	0	0	0	0	400,00	0	0	0	0	0	0	0	0	0	0	0	0	0	0	0	0	0	0	0	0	0	0	0	0	0	0	0	0	0	0	400,00	0	0	0	0	0	0	0	0	0	0	0	0	0	0	0	0	0	0	0	0	0	0	0	0	0	0	0	0	0	0	0	0	0	0	0	0	0	0	0	0	0	400,00	0	0	0	0	0	0	0	0	400,00	400,00	0	0	0	0	0	0	0	0	0	0	0	0	0	0	0	0	0	0	0	0	0	0	0	0	0	0	0	0	0	0	0	0	0	0	0	0	0	0	0	0	0	0	0	0	0	0	0	0	0	0	0	0	0	0	0	0	0	0	0	0	0	0	0	0	0	0	0	0	0	0	0	0	0	0	0	0	0	0	0	0	0	0	0	0	0	0	0	0	0	0	0	0	0	0	0	0	0	0	0	0	0	0	0	0	0	0	0	0	0	0	0	0	0	0	0	0	0	0	0	0	0	0	0	0	0	0	0	0	0	0	0	0	0	0	0	0	0	0	0	
2002	111370	0992293225001	HELICOPTEROS DEL ECUADOR S.A. HELIPECSA	L	ACTIVIDADES INMOBILIARIAS.	L6810.01	0	0	0	0	0	800,00	0	0	0	0	0	0	0	0	0	0	0	0	0	0	0	0	0	0	0	0	800,00	0	0	0	0	0	0	0	0	0	0	0	0	0	0	0	0	0	0	0	0	0	0	0	0	0	0	0	0	0	0	800,00	0	0	0	0	0	0	0	0	0	0	0	0	0	0	0	0	0	0	0	0	0	0	0	0	0	0	0	0	0	0	0	0	0	0	0	0	0	0	0	0	0	800,00	0	0	0	0	0	0	0	0	800,00	800,00	0	0	0	0	0	0	0	0	0	0	0	0	0	0	0	0	0	0	0	0	0	0	0	0	0	0	0	0	0	0	0	0	0	0	0	0	0	0	0	0	0	0	0	0	0	0	0	0	0	0	0	0	0	0	0	0	0	0	0	0	0	0	0	0	0	0	0	0	0	0	0	0	0	0	0	0	0	0	0	0	0	0	0	0	0	0	0	0	0	0	0	0	0	0	0	0	0	0	0	0	0	0	0	0	0	0	0	0	0	0	0	0	0	0	0	0	0	0	0	0	0	0	0	0	0	0	0	0	0	0	0	0	0	0	0	0	0	0	0	
2002	114597	0992133163001	IMPORTADORA GUILREND S.A.	G	COMERCIO AL POR MAYOR Y AL POR MENOR REPARACIÓN DE VEHÍCULOS AUTOMOTORES Y MOTOCICLETAS.	G4649.11	0	0	0	0	0	200,00	0	0	0	0	0	0	0	0	0	0	0	0	0	0	0	0	0	0	0	0	200,00	0	0	0	0	0	0	0	0	0	0	0	0	0	0	0	0	0	0	0	0	0	0	0	0	0	0	0	0	0	0	200,00	0	0	0	0	0	0	0	0	0	0	0	0	0	0	0	0	0	0	0	0	0	0	0	0	0	0	0	0	0	0	0	0	0	0	0	0	0	0	0	0	0	200,00	0	0	0	0	0	0	0	0	200,00	200,00	0	0	0	0	0	0	0	0	0	0	0	0	0	0	0	0	0	0	0	0	0	0	0	0	0	0	0	0	0	0	0	0	0	0	0	0	0	0	0	0	0	0	0	0	0	0	0	0	0	0	0	0	0	0	0	0	0	0	0	0	0	0	0	0	0	0	0	0	0	0	0	0	0	0	0	0	0	0	0	0	0	0	0	0	0	0	0	0	0	0	0	0	0	0	0	0	0	0	0	0	0	0	0	0	0	0	0	0	0	0	0	0	0	0	0	0	0	0	0	0	0	0	0	0	0	0	0	0	0	0	0	0	0	0	0	0	0	0	0	
2002	114683	0992200995001	SAL DEL PACIFICO S.A. PACIFICSAL	B	EXPLOTACIÓN DE MINAS Y CANTERAS.	B0893.01	0	0	0	0	0	0	0	0	0	0	0	600,00	0	0	0	0	0	0	0	0	0	0	0	0	0	0	600,00	0	0	0	0	0	0	0	0	0	0	0	0	200,00	0	0	0	200,00	0	0	0	0	0	0	0	0	0	0	0	0	0	800,00	0	0	0	0	0	0	0	0	0	0	0	0	0	0	0	0	0	0	0	0	0	0	0	0	0	0	0	0	0	0	0	0	0	0	0	0	0	0	0	0	0	800,00	0	0	0	0	0	0	0	0	800,00	800,00	0	0	0	0	0	0	0	0	0	0	0	0	0	0	0	0	0	0	0	0	0	0	0	0	0	0	0	0	0	0	0	0	0	0	0	0	0	0	0	0	0	0	0	0	0	0	0	0	0	0	0	0	0	0	0	0	0	0	0	0	0	0	0	0	0	0	0	0	0	0	0	0	0	0	0	0	0	0	0	0	0	0	0	0	0	0	0	0	0	0	0	0	0	0	0	0	0	0	0	0	0	0	0	0	0	0	0	0	0	0	0	0	0	0	0	0	0	0	0	0	0	0	0	0	0	0	0	0	0	0	0	0	0	0	0	0	0	0	,01	
