AÑO	EXPEDIENTE	RUC	NOMBRE	RAMA_ACTIVIDAD	DESCRIPCION_RAMA	CIIU	CUENTA_11	CUENTA_12	CUENTA_13	CUENTA_14	CUENTA_15	CUENTA_311	CUENTA_312	CUENTA_313	CUENTA_314	CUENTA_315	CUENTA_316	CUENTA_317	CUENTA_318	CUENTA_319	CUENTA_320	CUENTA_321	CUENTA_323	CUENTA_324	CUENTA_325	CUENTA_326	CUENTA_327	CUENTA_328	CUENTA_329	CUENTA_330	CUENTA_331	CUENTA_332	CUENTA_339	CUENTA_341	CUENTA_342	CUENTA_343	CUENTA_344	CUENTA_345	CUENTA_346	CUENTA_347	CUENTA_348	CUENTA_349	CUENTA_350	CUENTA_369	CUENTA_371	CUENTA_373	CUENTA_375	CUENTA_377	CUENTA_378	CUENTA_379	CUENTA_381	CUENTA_382	CUENTA_383	CUENTA_384	CUENTA_385	CUENTA_386	CUENTA_387	CUENTA_388	CUENTA_389	CUENTA_390	CUENTA_391	CUENTA_392	CUENTA_397	CUENTA_399	CUENTA_411	CUENTA_412	CUENTA_413	CUENTA_414	CUENTA_415	CUENTA_416	CUENTA_417	CUENTA_418	CUENTA_419	CUENTA_420	CUENTA_421	CUENTA_422	CUENTA_423	CUENTA_424	CUENTA_425	CUENTA_426	CUENTA_427	CUENTA_428	CUENTA_439	CUENTA_441	CUENTA_442	CUENTA_443	CUENTA_444	CUENTA_445	CUENTA_446	CUENTA_447	CUENTA_448	CUENTA_449	CUENTA_450	CUENTA_451	CUENTA_452	CUENTA_453	CUENTA_454	CUENTA_455	CUENTA_456	CUENTA_457	CUENTA_458	CUENTA_469	CUENTA_479	CUENTA_489	CUENTA_499	CUENTA_501	CUENTA_503	CUENTA_505	CUENTA_507	CUENTA_509	CUENTA_513	CUENTA_515	CUENTA_517	CUENTA_519	CUENTA_598	CUENTA_599	CUENTA_601	CUENTA_602	CUENTA_603	CUENTA_604	CUENTA_605	CUENTA_606	CUENTA_607	CUENTA_608	CUENTA_609	CUENTA_610	CUENTA_611	CUENTA_612	CUENTA_691	CUENTA_692	CUENTA_699	CUENTA_701	CUENTA_702	CUENTA_703	CUENTA_704	CUENTA_705	CUENTA_706	CUENTA_707	CUENTA_708	CUENTA_709	CUENTA_710	CUENTA_711	CUENTA_712	CUENTA_713	CUENTA_715	CUENTA_716	CUENTA_717	CUENTA_718	CUENTA_719	CUENTA_720	CUENTA_721	CUENTA_722	CUENTA_723	CUENTA_724	CUENTA_725	CUENTA_726	CUENTA_727	CUENTA_728	CUENTA_729	CUENTA_730	CUENTA_731	CUENTA_732	CUENTA_733	CUENTA_734	CUENTA_735	CUENTA_736	CUENTA_737	CUENTA_738	CUENTA_739	CUENTA_740	CUENTA_742	CUENTA_743	CUENTA_744	CUENTA_745	CUENTA_746	CUENTA_747	CUENTA_748	CUENTA_749	CUENTA_750	CUENTA_751	CUENTA_752	CUENTA_753	CUENTA_754	CUENTA_755	CUENTA_756	CUENTA_757	CUENTA_758	CUENTA_759	CUENTA_760	CUENTA_761	CUENTA_762	CUENTA_763	CUENTA_764	CUENTA_765	CUENTA_766	CUENTA_767	CUENTA_768	CUENTA_769	CUENTA_770	CUENTA_771	CUENTA_772	CUENTA_773	CUENTA_774	CUENTA_775	CUENTA_776	CUENTA_777	CUENTA_778	CUENTA_779	CUENTA_780	CUENTA_781	CUENTA_782	CUENTA_783	CUENTA_784	CUENTA_785	CUENTA_786	CUENTA_787	CUENTA_788	CUENTA_789	CUENTA_790	CUENTA_791	CUENTA_792	CUENTA_794	CUENTA_797	CUENTA_798	CUENTA_799	CUENTA_801	CUENTA_802	CUENTA_811	CUENTA_815	CUENTA_820	CUENTA_850	
2002	1457	1790075982001	KENNET CA	A	AGRICULTURA, GANADERÍA,  SILVICULTURA Y PESCA.	A0113.91	0	0	0	0	0	3741,08	1457,96	0	0	95417,46	0	19896,64	0	0	0	-954,17	0	0	97087,18	86914,86	1190,78	64120,20	0	0	16681,28	1053,49	386606,76	288277,16	0	0	211450,01	0	4919,20	57901,50	-402292,32	60213,96	0	220469,51	0	0	810,55	0	0	810,55	0	0	0	0	0	0	0	0	0	0	0	0	0	607886,82	0	0	68966,23	0	5000,00	0	0	0	11022,58	0	4714,92	0	0	0	0	0	0	0	89703,73	0	0	0	0	39450,67	0	0	0	0	0	0	0	0	0	0	135909,18	0	0	175359,85	0	0	265063,58	60640,00	0	0	5284,58	190492,72	47506,63	0	38899,31	0	342823,24	607886,82	158769,96	716691,51	0	0	0	2538,32	5089,29	0	0	0	0	0	0	0	883089,08	0	0	0	0	0	93031,16	278299,52	55815,59	-97087,18	69458,56	-86914,86	71356,93	-64120,20	105157,84	40212,66	76126,67	32038,57	0	0	0	2973,32	0	0	0	8484,00	7478,55	6394,15	12984,73	7374,85	0	3332,02	27812,00	5583,91	0	3469,04	0	29388,00	0	0	0	0	0	0	13150,53	0	0	0	0	0	0	0	11493,35	0	0	0	0	0	0	0	0	0	0	0	0	0	0	0	0	5942,77	2928,54	0	0	2311,48	14706,51	0	0	0	0	44834,35	0	0	4968,78	0	0	14448,56	6218,44	15967,57	12769,26	0	5799,80	0	630592,56	213597,21	844189,77	38899,31	0	-5834,90	33064,41	-8266,10	24798,31	
2002	1915	1090036986001	INGENIO SAN JOSE CA	A	AGRICULTURA, GANADERÍA,  SILVICULTURA Y PESCA.	A0114.00	0	0	0	0	0	0	0	0	0	0	129518,00	0	0	92061,25	0	0	0	3327,85	0	0	0	529957,88	0	0	0	3400,00	758264,98	71304,86	0	0	456729,69	0	25662,01	1843,95	-444286,12	46329,18	0	157583,57	0	0	0	920239,41	-904318,83	15920,58	0	0	0	0	0	0	0	0	0	0	0	5243,52	5243,52	937012,65	0	0	0	0	18139,63	0	0	0	0	0	68021,15	0	0	0	0	0	0	5700,00	91860,78	0	0	0	0	0	0	185430,20	0	0	0	134147,94	0	0	0	0	0	0	0	319578,14	0	0	411438,92	10000,00	0	0	203,35	514642,67	3265,45	0	0	-2537,74	525573,73	937012,65	0	413416,75	15052,00	0	0	4002,38	0	0	0	0	0	0	0	0	432471,13	0	0	0	0	0	0	0	0	0	0	0	524156,27	-535201,40	118674,02	15300,56	16599,25	5979,26	0	0	1927,79	0	0	0	0	0	25484,30	0	544,95	2699,51	0	0	197006,95	859,09	0	0	0	0	0	0	0	0	0	0	0	0	0	0	0	0	0	0	1643,86	0	0	0	0	0	0	0	0	0	0	0	0	0	0	0	0	0	1749,06	0	0	0	0	0	0	0	0	0	0	410,34	0	0	0	0	1199,73	41924,35	3416,91	0	10454,19	0	391526,82	43302,17	434828,99	0	-2357,86	0	-2357,86	0	-2357,86	
2002	4190	0990223521001	INMOBILIARIA URBANA Y AGRICOLA S.A.	L	ACTIVIDADES INMOBILIARIAS.	L6810.01	0	0	0	0	0	467,20	0	0	0	0	0	0	0	0	0	0	0	0	0	0	0	0	0	0	0	0	467,20	0	0	0	0	0	0	0	0	0	0	0	0	0	0	0	0	0	0	0	0	0	0	0	0	0	0	0	0	0	0	467,20	0	0	0	0	0	0	0	0	0	0	0	0	0	0	0	0	0	0	0	0	0	0	0	0	0	0	0	0	0	0	0	0	0	0	0	0	0	0	0	0	0	467,20	0	0	0	0	0	0	0	0	467,20	467,20	0	0	0	0	0	0	0	0	0	0	0	0	0	0	0	0	0	0	0	0	0	0	0	0	0	0	0	0	0	0	0	0	0	0	0	0	0	0	0	0	0	0	0	0	0	0	0	0	0	0	0	0	0	0	0	0	0	0	0	0	0	0	0	0	0	0	0	0	0	0	0	0	0	0	0	0	0	0	0	0	0	0	0	0	0	0	0	0	0	0	0	0	0	0	0	0	0	0	0	0	0	0	0	0	0	0	0	0	0	0	0	0	0	0	0	
2002	4422	0990000611001	LA PORTUGUESA SA	C	INDUSTRIAS MANUFACTURERAS.	C1020.07	0	0	0	0	0	9209,73	0	0	0	426681,65	0	0	0	0	82469,34	0	0	0	796719,43	71561,88	2060,61	298568,01	198213,71	159440,97	0	68339,97	2113265,30	2124844,02	0	0	2420468,57	236867,08	277933,11	9513783,56	-12732142,09	3333772,24	0	5175526,49	0	0	0	95178,50	-1130,43	94048,07	0	22568,73	0	0	0	0	0	0	0	0	0	1311,29	23880,02	7406719,88	313078,89	0	150449,66	0	1087488,07	30501,04	0	0	152733,98	163553,74	0	0	0	0	0	0	78349,32	3250998,25	5227152,95	0	0	0	0	0	0	0	0	0	0	0	0	0	0	0	0	0	0	0	819213,96	0	6046366,91	373069,64	0	0	2029,84	7215472,22	0	0	0	-6230218,73	1360352,97	7406719,88	774673,38	571518,20	1649153,78	0	0	452,15	0	0	0	0	0	0	0	0	2995797,51	748704,53	839605,17	317044,57	0	-796719,43	0	0	0	-796719,43	957718,66	-71561,88	23752,82	-71561,88	130826,99	96609,69	0	0	0	0	0	0	0	0	6469,12	8064,00	628732,64	0	26889,71	74997,05	0	0	14916,64	0	0	0	0	0	0	0	215367,98	0	0	0	0	0	0	0	0	0	0	0	0	0	0	0	0	0	0	0	0	0	0	0	0	0	0	0	0	17655,25	0	0	0	19456,72	55869,46	61574,30	0	0	0	116339,89	0	0	0	0	0	84715,30	85854,62	0	0	0	0	0	2238382,97	556219,52	2794602,49	201195,02	0	0	201195,02	0	201195,02	
2002	4749	0990266476001	GASA S.A	C	INDUSTRIAS MANUFACTURERAS.	C2640.02	0	0	0	0	0	38,14	0	0	38042,42	0	0	0	0	0	0	0	0	0	0	0	0	0	0	0	0	2300,80	40381,36	0	0	0	0	0	0	0	0	0	0	0	0	0	0	0	0	0	0	0	0	0	0	0	0	0	0	0	0	0	0	40381,36	0	0	0	0	0	0	0	0	0	0	0	0	0	0	0	0	0	0	0	0	0	0	0	0	0	0	0	0	0	0	0	0	0	0	0	0	0	0	0	0	0	40000,00	0	0	381,36	0	0	0	0	0	40381,36	40381,36	0	0	0	0	0	0	0	0	0	0	0	0	0	0	0	0	0	0	0	0	0	0	0	0	0	0	0	0	0	0	0	0	0	0	0	0	0	0	0	0	0	0	0	0	0	0	0	0	0	0	0	0	0	0	0	0	0	0	0	0	0	0	0	0	0	0	0	0	0	0	0	0	0	0	0	0	0	0	0	0	0	0	0	0	0	0	0	0	0	0	0	0	0	0	0	0	0	0	0	0	0	0	0	0	0	0	0	0	0	0	0	0	0	0	0	
2002	4891	0990029334001	MINACA MOBILIARIA E INMOBILIARIA ALHAJUELA CA	L	ACTIVIDADES INMOBILIARIAS.	L6810.01	0	0	0	0	0	1717,85	2576,66	0	0	1288,99	0	0	0	0	0	0	0	0	0	0	0	0	0	0	5,08	0	5588,58	7844,18	0	0	0	0	0	0	-2406,52	0	0	5437,66	0	0	0	0	0	0	0	0	0	0	0	0	0	0	0	0	0	0	0	11026,24	0	0	392,19	0	0	0	0	0	0	0	0	0	0	174,43	0	0	0	0	566,62	0	0	0	0	0	0	0	0	0	0	0	0	0	0	0	0	0	0	0	0	0	566,62	896,00	0	314,99	43,81	252,65	8992,72	-126,44	85,89	0	10459,62	11026,24	627,09	0	0	0	1290,81	0	0	0	0	0	0	0	0	0	1917,90	0	0	0	0	0	0	0	0	0	0	0	0	0	0	0	0	0	0	0	0	0	0	0	0	0	0	0	0	0	0	0	0	0	0	0	0	0	0	0	0	0	0	0	0	0	0	0	0	0	0	0	0	0	0	0	0	0	0	0	0	0	0	0	0	0	0	0	0	0	0	0	0	0	0	0	0	0	0	0	0	0	0	0	0	0	0	0	1816,85	0	0	0	0	1816,85	1816,85	101,05	0	0	101,05	0	101,05	
2002	5297	0990193789001	DALIALBO INMOBILIARIA CIVIL SOCIEDAD ANONIMA	L	ACTIVIDADES INMOBILIARIAS.	L6810.01	0	0	0	0	0	74,00	0	0	0	0	0	0	0	0	0	0	0	0	0	0	0	0	0	0	0	0	74,00	0	0	0	171,00	0	0	0	0	0	0	171,00	105,00	0	0	0	0	105,00	0	0	0	0	0	0	0	0	0	0	0	0	0	350,00	0	0	22,00	0	0	0	0	0	0	0	0	0	0	0	0	0	0	0	22,00	0	0	0	0	0	0	0	0	0	0	0	0	0	0	0	0	0	0	0	0	0	22,00	200,00	0	0	0	2,00	0	0	126,00	0	328,00	350,00	0	355,80	0	0	0	0	0	0	0	0	0	0	0	0	355,80	0	0	0	0	0	0	0	0	0	0	0	0	0	0	85,00	0	0	0	0	0	0	0	0	0	0	0	0	0	0	0	0	0	0	0	0	0	0	0	0	0	0	0	0	0	0	0	0	0	0	0	0	0	0	0	0	0	0	0	0	0	0	0	0	0	0	0	0	0	0	0	0	0	0	0	0	0	0	0	0	0	0	0	0	0	0	73,80	0	13,00	0	0	0	0	171,80	171,80	184,00	0	-58,00	126,00	0	126,00	
2002	5476	0990141479001	CYANAMID DE COLOMBIA SA	C	INDUSTRIAS MANUFACTURERAS.	C2100.01	0	0	0	0	0	182277,54	0	0	0	0	0	0	0	0	0	0	0	0	0	0	0	0	0	0	0	0	182277,54	0	0	0	0	0	0	0	0	0	0	0	0	0	0	0	0	0	0	0	0	0	0	0	0	0	0	0	0	0	0	182277,54	0	0	0	0	0	0	0	0	0	0	0	0	0	0	0	0	0	0	0	0	0	0	0	0	0	0	0	0	0	0	0	0	0	0	0	0	0	0	0	0	0	10342,84	0	0	2602,00	0	175074,97	-5992,17	249,90	0	182277,54	182277,54	0	0	0	0	249,90	0	0	0	0	0	0	0	0	0	249,90	0	0	0	0	0	0	0	0	0	0	0	0	0	0	0	0	0	0	0	0	0	0	0	0	0	0	0	0	0	0	0	0	0	0	0	0	0	0	0	0	0	0	0	0	0	0	0	0	0	0	0	0	0	0	0	0	0	0	0	0	0	0	0	0	0	0	0	0	0	0	0	0	0	0	0	0	0	0	0	0	0	0	0	0	0	0	0	0	0	0	0	0	0	0	249,90	0	0	249,90	0	249,90	
2002	5612	0990175195001	COMPANIA DE ECONOMIA MIXTA PRODUCTOS LACTEOS HUANCAVILCA PROLAHUAN	A	AGRICULTURA, GANADERÍA,  SILVICULTURA Y PESCA.	A0141.02	0	0	0	0	0	0	0	0	0	0	0	0	0	0	0	0	0	0	0	0	0	0	0	0	0	0	0	43758,21	0	53,31	1267,59	0	0	0	-5570,29	0	0	39508,82	0	0	0	0	0	0	0	0	0	0	0	0	0	0	0	0	0	0	0	39508,82	0	0	0	0	0	0	0	0	0	0	506,43	0	0	0	0	0	0	33531,75	34038,18	0	0	0	0	0	0	0	0	0	0	0	0	0	0	0	0	0	519,43	519,43	0	0	34557,61	828,80	0	0	0	43663,58	0	-31293,46	0	-8247,71	4951,21	39508,82	0	0	0	0	0	0	0	0	0	0	0	0	0	0	0	0	0	0	0	0	0	0	0	0	0	0	0	0	0	0	0	0	0	0	0	0	0	0	0	0	0	0	0	0	0	0	0	0	0	0	0	0	0	0	0	0	0	0	0	0	0	0	0	0	0	0	0	0	0	0	0	0	0	0	0	0	0	0	0	0	0	0	0	0	0	0	0	0	2862,21	0	0	0	0	0	0	0	2187,91	0	0	0	0	0	3197,59	0	0	0	0	8247,71	8247,71	0	-8247,71	0	-8247,71	0	-8247,71	
2002	6735	1190090023001	JOSE'STOUR CIA. LTDA.	N	ACTIVIDADES DE SERVICIOS ADMINISTRATIVOS Y DE APOYO.	N7912.00	0	0	0	0	0	84,00	0	0	0	0	0	0	0	0	0	0	0	0	0	0	0	0	0	0	0	0	84,00	0	0	0	0	0	0	0	0	0	0	0	0	0	0	0	0	0	0	0	0	0	0	0	0	0	0	0	0	0	0	84,00	0	0	0	0	0	0	0	0	0	0	0	0	0	0	0	0	0	0	0	0	0	0	0	0	0	0	0	0	0	0	0	0	0	0	0	0	0	0	0	0	0	84,00	0	0	0	0	0	0	0	0	84,00	84,00	0	0	0	0	0	0	0	0	0	0	0	0	0	0	0	0	0	0	0	0	0	0	0	0	0	0	0	0	0	0	0	0	0	0	0	0	0	0	0	0	0	0	0	0	0	0	0	0	0	0	0	0	0	0	0	0	0	0	0	0	0	0	0	0	0	0	0	0	0	0	0	0	0	0	0	0	0	0	0	0	0	0	0	0	0	0	0	0	0	0	0	0	0	0	0	0	0	0	0	0	0	0	0	0	0	0	0	0	0	0	0	0	0	0	0	
2002	7303	1791266609001	FORESTACION EL OLIMPO SA	A	AGRICULTURA, GANADERÍA,  SILVICULTURA Y PESCA.	A0210.01	0	0	0	0	0	561,22	0	0	0	387,69	0	0	0	0	0	0	0	0	0	0	0	0	0	0	0	0	948,91	12440,00	0	0	0	328,04	0	29845,08	-328,04	0	0	42285,08	0	0	0	0	0	0	0	0	0	0	0	0	0	0	0	0	0	0	0	43233,99	0	0	0	0	0	0	0	0	0	0	98,07	0	0	0	0	1064,08	1723,51	0	2885,66	0	0	0	0	0	0	15159,89	0	0	0	0	0	0	0	0	0	0	0	15159,89	0	0	18045,55	80,00	0	0	51,36	30069,29	251,41	-5331,25	67,63	0	25188,44	43233,99	0	0	0	0	0	0	0	0	0	0	0	265,00	0	0	265,00	0	0	0	0	0	0	0	0	0	0	0	0	0	0	0	0	0	0	0	0	0	0	0	0	0	0	0	0	0	0	0	0	0	0	0	0	0	0	0	0	0	0	0	0	0	0	0	0	0	0	0	0	0	0	0	0	0	0	0	0	0	0	0	0	0	0	0	0	0	0	0	0	0	98,07	0	0	0	0	0	0	0	99,30	0	0	0	0	0	0	0	0	0	0	197,37	197,37	67,63	0	0	67,63	0	67,63	
2002	8717	0990298319001	BIENES RAICES GLORIA SA	L	ACTIVIDADES INMOBILIARIAS.	L6810.01	0	0	0	0	0	1442,82	0	0	0	0	0	0	0	0	0	0	0	0	0	0	0	0	0	0	0	0	1442,82	16848,36	0	0	0	0	0	0	-9843,92	2791,44	0	9795,88	0	0	0	0	0	0	0	0	0	0	0	0	0	0	0	0	0	0	0	11238,70	0	0	0	0	0	0	0	0	0	0	0	0	0	0	0	0	0	0	0	0	0	0	0	0	0	0	0	0	0	0	0	0	0	0	0	0	0	0	0	0	0	1600,00	0	0	101,64	9537,06	0	0	0	0	11238,70	11238,70	0	0	0	0	0	0	0	0	0	0	0	0	0	0	0	0	0	0	0	0	0	0	0	0	0	0	0	0	0	0	0	0	0	0	0	0	0	0	0	0	0	0	0	0	0	0	0	0	0	0	0	0	0	0	0	0	0	0	0	0	0	0	0	0	0	0	0	0	0	0	0	0	0	0	0	0	0	0	0	0	0	0	0	0	0	0	0	0	0	0	0	0	0	0	0	0	0	0	0	0	0	0	0	0	0	0	0	0	0	0	0	0	0	0	0	
2002	9000	0990317305001	INMOBILIARIA MARGASA CA	L	ACTIVIDADES INMOBILIARIAS.	L6810.01	0	0	0	0	0	6,00	0	57,64	0	0	0	0	0	0	0	0	0	0	0	0	0	0	0	0	0	0	63,64	94,38	0	0	0	0	147,92	0	-163,40	0	0	78,90	0	11,93	0	0	-,22	11,71	0	0	0	0	0	0	0	0	0	0	0	0	0	154,25	57,79	0	0	0	0	0	0	0	0	0	4,23	0	0	0	0	0	0	0	62,02	0	0	0	0	0	0	0	0	0	0	0	0	0	0	0	0	0	0	0	0	0	62,02	80,00	0	0	,44	27,63	0	-15,84	0	0	92,23	154,25	0	0	0	0	0	0	0	0	0	0	0	0	0	0	0	0	0	0	0	0	0	0	0	0	0	0	0	0	0	0	0	0	0	0	0	0	0	0	0	0	0	0	0	0	0	0	0	0	0	0	0	0	0	0	0	0	0	0	0	0	0	0	0	0	0	0	0	0	0	0	0	0	0	0	0	0	0	0	0	0	0	0	0	0	0	0	0	0	0	0	0	0	0	0	0	0	0	0	0	0	0	0	0	0	0	0	0	0	0	0	0	0	0	0	0	
2002	9063	0990320918001	INCOSA INMOBILIARIA COLON S.A.	L	ACTIVIDADES INMOBILIARIAS.	L6810.01	0	0	0	0	0	79,30	0	0	,58	0	0	0	0	0	0	0	0	0	0	0	0	0	0	0	0	0	79,88	0	0	0	0	0	0	0	0	269,90	0	269,90	0	0	0	0	0	0	0	0	0	0	0	0	0	0	0	0	0	0	0	349,78	137,60	0	0	0	0	0	0	0	0	0	0	0	0	0	0	0	0	0	137,60	0	0	0	0	0	0	0	0	0	0	0	0	0	0	0	0	0	0	0	0	0	137,60	40,00	0	0	,08	17,82	262,08	-107,80	0	0	212,18	349,78	0	0	0	0	0	0	0	0	0	0	0	0	0	0	0	0	0	0	0	0	0	0	0	0	0	0	0	0	0	0	0	0	0	0	0	0	0	0	0	0	0	0	0	0	0	0	0	0	0	0	0	0	0	0	0	0	0	0	0	0	0	0	0	0	0	0	0	0	0	0	0	0	0	0	0	0	0	0	0	0	0	0	0	0	0	0	0	0	0	0	0	0	0	0	0	0	0	0	0	0	0	0	0	0	0	0	0	0	0	0	0	0	0	0	0	
2002	9691	0990367612001	OCCIDENTAL INMOBILIARIA OCIDEN SA	L	ACTIVIDADES INMOBILIARIAS.	L6810.01	0	0	0	0	0	42,00	0	0	0	0	0	0	0	0	0	0	0	0	0	0	0	0	0	0	0	0	42,00	15506,54	0	0	0	0	0	0	-9355,09	0	0	6151,45	0	0	0	1749,88	0	1749,88	0	0	0	0	0	0	0	0	0	0	0	0	0	7943,33	0	0	0	0	0	0	267,62	0	0	0	0	0	0	0	0	0	0	0	267,62	0	0	0	0	0	0	0	0	0	0	0	0	0	0	0	0	0	0	0	0	0	267,62	220,00	0	580,00	0	7340,01	0	-464,30	0	0	7675,71	7943,33	0	0	0	0	0	0	0	0	0	0	0	0	0	0	0	0	0	0	0	0	0	0	0	0	0	0	0	0	0	0	0	0	0	0	0	0	0	0	0	0	0	0	0	0	0	0	0	0	0	0	0	0	0	0	0	0	0	0	0	0	0	0	0	0	0	0	0	0	0	0	0	0	0	0	0	0	0	0	0	0	0	0	0	0	0	0	0	0	0	0	0	0	0	0	0	0	0	0	0	0	0	0	0	0	0	0	0	0	0	0	0	0	0	0	0	
2002	9766	0990366764001	INMOBILIARIA VALENCIA ARDITTO CA	L	ACTIVIDADES INMOBILIARIAS.	L6810.01	0	0	0	0	0	473,51	0	0	0	0	0	0	0	0	0	0	0	0	0	0	0	0	0	0	0	0	473,51	0	0	1899,43	0	0	0	0	-493,08	0	0	1406,35	0	0	0	0	0	0	0	0	0	0	0	0	0	0	0	0	0	0	0	1879,86	0	0	0	0	0	0	0	0	0	0	0	0	0	0	0	0	0	0	0	0	0	0	0	0	0	0	0	0	0	0	0	0	0	0	0	0	0	0	0	0	0	800,00	0	0	1,43	1059,43	19,00	0	0	0	1879,86	1879,86	0	0	0	0	0	0	0	0	0	0	0	0	0	0	0	0	0	0	0	0	0	0	0	0	0	0	0	0	0	0	0	0	0	0	0	0	0	0	0	0	0	0	0	0	0	0	0	0	0	0	0	0	0	0	0	0	0	0	0	0	0	0	0	0	0	0	0	0	0	0	0	0	0	0	0	0	0	0	0	0	0	0	0	0	0	0	0	0	0	0	0	0	0	0	0	0	0	0	0	0	0	0	0	0	0	0	0	0	0	0	0	0	0	0	0	
2002	9946	0990415242001	NU-GAR S.A.	G	COMERCIO AL POR MAYOR Y AL POR MENOR REPARACIÓN DE VEHÍCULOS AUTOMOTORES Y MOTOCICLETAS.	G4719.00	0	0	0	0	0	2213,42	0	0	0	0	0	0	0	403,20	0	0	0	45,81	0	0	0	0	0	0	0	0	2662,43	4034,60	0	16971,46	0	0	0	0	-12382,59	0	0	8623,47	0	0	0	0	0	0	0	0	0	0	0	0	0	0	0	0	0	0	0	11285,90	0	0	0	0	0	0	0	0	0	0	0	0	48,05	0	0	0	0	0	48,05	0	0	0	0	0	0	0	0	0	0	0	0	0	0	0	0	0	0	0	0	0	48,05	400,00	0	104,00	181,15	10444,55	0	0	108,15	0	11237,85	11285,90	1200,00	1200,00	0	0	0	0	0	0	0	0	0	0	0	0	2400,00	0	0	0	0	0	0	0	0	0	0	0	0	0	0	0	0	0	0	0	0	0	0	0	0	0	0	0	0	0	0	0	0	0	0	0	0	0	0	0	0	0	0	0	0	0	0	0	0	0	0	0	0	0	0	0	0	0	0	0	0	0	0	0	0	0	0	0	0	0	0	0	0	0	986,50	0	0	0	0	0	0	0	848,50	0	0	0	0	0	420,64	0	0	0	0	2255,64	2255,64	144,36	0	0	144,36	-36,05	108,31	
2002	13146	1790212629001	CONTSA EMPRESA CONSTRUCTORA CIA LTDA	F	CONSTRUCCIÓN.	F4100.10	0	0	0	0	0	100,00	0	0	0	0	0	0	0	0	0	0	0	0	0	0	0	0	0	0	0	0	100,00	0	0	0	0	0	0	0	0	0	0	0	0	0	0	0	0	0	0	0	0	0	0	0	0	0	0	0	0	0	0	100,00	0	0	0	0	0	0	0	0	0	0	0	0	0	0	0	0	0	0	0	0	0	0	0	0	0	0	0	0	0	0	0	0	0	0	0	0	0	0	0	0	0	100,00	0	0	0	0	0	0	0	0	100,00	100,00	0	0	0	0	0	0	0	0	0	0	0	0	0	0	0	0	0	0	0	0	0	0	0	0	0	0	0	0	0	0	0	0	0	0	0	0	0	0	0	0	0	0	0	0	0	0	0	0	0	0	0	0	0	0	0	0	0	0	0	0	0	0	0	0	0	0	0	0	0	0	0	0	0	0	0	0	0	0	0	0	0	0	0	0	0	0	0	0	0	0	0	0	0	0	0	0	0	0	0	0	0	0	0	0	0	0	0	0	0	0	0	0	0	0	0	
2002	13258	1890027594001	TENERIA SAN AGUSTIN CIA LTDA	A	AGRICULTURA, GANADERÍA,  SILVICULTURA Y PESCA.	A0149.91	0	0	0	0	0	195,44	0	0	0	7410,32	0	77,20	0	246,58	0	0	0	0	0	0	0	19839,37	0	0	0	0	27768,91	103123,31	0	4496,91	158855,41	246,68	5124,89	0	-235295,57	22167,60	0	58719,23	0	0	0	10308,80	0	10308,80	0	0	0	0	0	0	0	0	0	0	0	0	0	96796,94	0	0	2019,38	0	23919,83	0	0	0	14106,42	0	23849,45	0	26,25	0	0	0	0	0	63921,33	0	0	0	0	22917,28	0	0	0	0	0	0	0	0	0	0	0	0	0	22917,28	0	0	86838,61	400,00	0	19312,59	3043,60	51214,22	130,18	-64142,26	0	0	9958,33	96796,94	0	0	0	0	0	0	0	0	0	0	0	0	0	0	0	0	0	0	0	0	0	0	0	0	0	0	0	0	0	0	0	0	0	0	0	0	0	0	0	0	0	0	0	0	0	0	0	0	0	0	0	0	0	0	0	0	0	0	0	0	0	0	0	0	0	0	0	0	0	0	0	0	0	0	0	0	0	0	0	0	0	0	0	0	0	0	0	0	0	0	0	0	0	0	0	0	0	0	0	0	0	0	0	0	0	0	0	0	0	0	0	0	0	0	0	
2002	14433	1790436241001	DENERSOL DESARROLLO ENERGETICO SOLAR C LTDA	G	COMERCIO AL POR MAYOR Y AL POR MENOR REPARACIÓN DE VEHÍCULOS AUTOMOTORES Y MOTOCICLETAS.	G4630.11	0	0	0	0	0	800,00	0	0	0	0	0	0	0	0	0	0	0	0	0	0	0	0	0	0	0	0	800,00	0	0	0	0	0	0	0	0	0	0	0	0	0	0	0	0	0	0	0	0	0	0	0	0	0	0	0	0	0	0	800,00	0	0	0	0	0	0	0	0	0	0	0	0	0	0	0	0	0	0	0	0	0	0	0	0	0	0	0	0	0	0	0	0	0	0	0	0	0	0	0	0	0	800,00	0	0	0	0	0	0	0	0	800,00	800,00	0	0	0	0	0	0	0	0	0	0	0	0	0	0	0	0	0	0	0	0	0	0	0	0	0	0	0	0	0	0	0	0	0	0	0	0	0	0	0	0	0	0	0	0	0	0	0	0	0	0	0	0	0	0	0	0	0	0	0	0	0	0	0	0	0	0	0	0	0	0	0	0	0	0	0	0	0	0	0	0	0	0	0	0	0	0	0	0	0	0	0	0	0	0	0	0	0	0	0	0	0	0	0	0	0	0	0	0	0	0	0	0	0	0	0	
2002	19087	0990482446001	INDUSTRIAL DON JUAN INDOJUSA SA	A	AGRICULTURA, GANADERÍA,  SILVICULTURA Y PESCA.	A0116.01	0	0	0	0	0	5,42	0	0	0	0	0	0	0	0	0	0	0	0	0	0	0	0	0	0	0	0	5,42	0	0	0	0	0	0	0	-8610,95	13375,37	0	4764,42	0	0	0	0	0	0	0	573,57	0	0	0	0	0	0	0	0	0	0	573,57	5343,41	1428,78	0	0	0	0	0	0	0	0	0	0	0	0	0	0	0	0	0	1428,78	0	0	0	0	0	0	0	0	845,21	0	0	0	0	0	0	0	0	0	845,21	0	0	2273,99	480,00	0	0	32,25	3302,04	0	-744,87	0	0	3069,42	5343,41	0	0	0	0	0	0	0	0	0	0	0	0	0	0	0	0	0	0	0	0	0	0	0	0	0	0	0	0	0	0	0	0	0	0	0	0	0	0	0	0	0	0	0	0	0	0	0	0	0	0	0	0	0	0	0	0	0	0	0	0	0	0	0	0	0	0	0	0	0	0	0	0	0	0	0	0	0	0	0	0	0	0	0	0	0	0	0	0	0	0	0	0	0	0	0	0	0	0	0	0	0	0	0	0	0	0	0	0	0	0	0	0	0	0	0	
2002	19322	0990499810001	INMOBILIARIA VALBA SA	L	ACTIVIDADES INMOBILIARIAS.	L6810.01	0	0	0	0	0	0	0	0	0	0	0	0	0	0	0	0	0	0	0	0	0	0	0	0	0	0	0	650,00	0	0	0	0	0	0	0	150,00	0	800,00	0	0	0	0	0	0	0	0	0	0	0	0	0	0	0	0	0	0	0	800,00	0	0	0	0	0	0	0	0	0	0	0	0	0	0	0	0	0	0	0	0	0	0	0	0	0	0	0	0	0	0	0	0	0	0	0	0	0	0	0	0	0	800,00	0	0	0	0	0	0	0	0	800,00	800,00	0	0	0	0	0	0	0	0	0	0	0	0	0	0	0	0	0	0	0	0	0	0	0	0	0	0	0	0	0	0	0	0	0	0	0	0	0	0	0	0	0	0	0	0	0	0	0	0	0	0	0	0	0	0	0	0	0	0	0	0	0	0	0	0	0	0	0	0	0	0	0	0	0	0	0	0	0	0	0	0	0	0	0	0	0	0	0	0	0	0	0	0	0	0	0	0	0	0	0	0	0	0	0	0	0	0	0	0	0	0	0	0	0	0	0	
2002	19511	0990543178001	SOCIEDAD HIPODROMO MAR BRAVO SA	R	ARTES, ENTRETENIMIENTO Y RECREACIÓN.	R9200.04	0	0	0	0	0	0	0	0	0	0	0	0	0	0	0	0	0	0	0	0	0	0	0	0	0	0	0	5803,32	0	0	0	0	0	0	-1427,66	0	0	4375,66	0	5,10	120,00	0	-4,60	120,50	0	0	0	0	0	0	0	0	0	0	0	2,35	2,35	4498,51	120,00	0	0	0	0	0	0	0	0	0	0	0	0	0	0	0	0	0	120,00	0	0	0	0	0	0	0	0	0	0	0	0	0	0	0	0	0	0	0	0	0	120,00	1408,00	0	144,00	0	13603,20	0	-10676,25	0	-100,44	4378,51	4498,51	0	0	0	0	0	0	0	0	0	0	0	0	0	0	0	0	0	0	0	0	0	0	0	0	0	0	0	0	0	0	0	0	0	0	0	0	0	0	0	0	0	0	0	0	0	0	0	0	0	0	0	0	0	0	0	0	0	0	0	0	0	0	0	0	0	0	0	0	0	0	0	0	0	0	0	0	0	0	0	0	0	0	0	0	0	0	0	0	0	0	0	0	0	0	100,44	0	0	0	0	0	0	0	0	0	0	0	0	100,44	100,44	0	-100,44	0	-100,44	0	-100,44	
2002	19596	0990551715001	INMOBILIARIA XANDU CA	L	ACTIVIDADES INMOBILIARIAS.	L6810.01	0	0	0	0	0	2,78	0	0	0	0	0	0	0	0	0	0	0	0	0	0	0	0	0	0	0	0	2,78	1883,79	4144,88	0	0	0	0	0	-724,07	0	0	5304,60	0	5,54	0	0	-5,54	0	0	0	0	0	0	0	0	0	0	0	0	0	0	5307,38	0	0	168,93	0	0	0	0	0	0	0	0	0	0	0	0	0	0	0	168,93	0	0	0	0	0	0	0	0	0	0	0	0	0	0	0	0	0	0	0	0	0	168,93	400,00	0	0	5174,93	0	0	-229,24	0	-207,24	5138,45	5307,38	0	0	0	0	0	0	0	0	0	0	0	0	0	0	0	0	0	0	0	0	0	0	0	0	0	0	0	0	0	0	0	0	0	0	0	0	0	0	0	0	0	0	0	0	0	0	0	0	0	0	0	0	0	0	0	0	0	0	0	0	0	0	0	0	0	0	0	0	0	0	0	0	0	0	0	0	0	0	0	0	0	0	0	0	0	0	0	0	0	0	0	0	0	0	0	207,24	0	0	0	0	0	0	0	0	0	0	207,24	0	207,24	0	-207,24	0	-207,24	0	-207,24	
2002	19905	0990581843001	INMOSAL SA	L	ACTIVIDADES INMOBILIARIAS.	L6810.01	0	0	0	0	0	601,68	0	0	0	480,00	0	0	0	0	0	0	0	0	0	0	0	0	0	0	0	0	1081,68	398,14	0	3035,01	0	0	0	0	-1302,52	0	0	2130,63	0	0	0	,01	0	,01	0	0	0	0	0	0	0	0	0	0	0	0	0	3212,32	0	0	0	0	0	0	0	0	0	0	0	0	0	0	0	0	0	0	0	0	0	0	0	0	0	0	0	0	0	0	0	0	0	0	0	0	0	0	0	0	0	800,00	0	0	182,32	2041,00	189,00	0	0	0	3212,32	3212,32	0	0	0	0	0	0	0	0	0	0	0	0	0	0	0	0	0	0	0	0	0	0	0	0	0	0	0	0	0	0	0	0	0	0	0	0	0	0	0	0	0	0	0	0	0	0	0	0	0	0	0	0	0	0	0	0	0	0	0	0	0	0	0	0	0	0	0	0	0	0	0	0	0	0	0	0	0	0	0	0	0	0	0	0	0	0	0	0	0	0	0	0	0	0	0	0	0	0	0	0	0	0	0	0	0	0	0	0	0	0	0	0	0	0	0	
2002	20458	0990150389001	INMOBILIARIA COMERCIAL VILLACIS C LTDA	L	ACTIVIDADES INMOBILIARIAS.	L6810.01	0	0	0	0	0	49,60	0	0	0	0	0	0	0	0	0	0	0	0	0	0	0	0	0	0	0	0	49,60	0	0	0	0	0	0	0	0	0	0	0	0	0	0	0	0	0	0	0	0	0	0	0	0	0	0	0	0	0	0	49,60	0	0	0	0	0	0	0	0	0	0	0	0	0	0	0	0	0	0	0	0	0	0	0	0	0	0	0	0	0	0	0	0	0	0	0	0	0	0	0	0	0	49,60	0	0	0	0	0	0	0	0	49,60	49,60	0	0	0	0	0	0	0	0	0	0	0	0	0	0	0	0	0	0	0	0	0	0	0	0	0	0	0	0	0	0	0	0	0	0	0	0	0	0	0	0	0	0	0	0	0	0	0	0	0	0	0	0	0	0	0	0	0	0	0	0	0	0	0	0	0	0	0	0	0	0	0	0	0	0	0	0	0	0	0	0	0	0	0	0	0	0	0	0	0	0	0	0	0	0	0	0	0	0	0	0	0	0	0	0	0	0	0	0	0	0	0	0	0	0	0	
2002	21095	0990150559001	INMOBILIARIA R.M. CIA LTDA	L	ACTIVIDADES INMOBILIARIAS.	L6810.01	0	0	0	0	0	0	0	0	0	0	0	0	0	0	0	0	0	0	0	0	0	0	0	0	0	0	0	2201,42	0	0	0	0	0	0	-611,61	0	0	1589,81	0	0	0	0	0	0	0	0	0	0	0	0	0	0	0	0	0	0	0	1589,81	0	0	0	0	0	0	0	0	0	0	0	0	0	0	0	0	0	0	0	0	0	0	0	0	0	0	0	521,39	0	0	0	0	0	0	0	0	0	521,39	0	0	521,39	200,00	0	0	1,22	867,20	0	0	0	0	1068,42	1589,81	0	0	0	0	0	0	0	0	0	0	0	0	0	0	0	0	0	0	0	0	0	0	0	0	0	0	0	0	0	0	0	0	0	0	0	0	0	0	0	0	0	0	0	0	0	0	0	0	0	0	0	0	0	0	0	0	0	0	0	0	0	0	0	0	0	0	0	0	0	0	0	0	0	0	0	0	0	0	0	0	0	0	0	0	0	0	0	0	0	0	0	0	0	0	0	0	0	0	0	0	0	0	0	0	0	0	0	0	0	0	0	0	0	0	0	
2002	21198	0990214409001	INMOBILIARIA ORDONEZ CIA LTDA	L	ACTIVIDADES INMOBILIARIAS.	L6810.01	0	0	0	0	0	0	0	0	0	0	0	0	0	0	0	0	0	0	0	0	0	0	0	0	0	0	0	2618,60	0	0	0	0	0	0	-725,66	500,00	0	2392,94	0	0	0	0	0	0	0	0	0	0	0	0	0	0	0	0	0	0	0	2392,94	0	0	0	0	0	0	1333,46	0	0	0	0	0	0	0	0	0	0	0	1333,46	0	0	0	0	0	0	0	0	0	0	0	0	0	0	0	0	0	0	0	0	0	1333,46	200,00	0	0	,71	858,77	0	0	0	0	1059,48	2392,94	0	0	0	0	0	0	0	0	0	0	0	0	0	0	0	0	0	0	0	0	0	0	0	0	0	0	0	0	0	0	0	0	0	0	0	0	0	0	0	0	0	0	0	0	0	0	0	0	0	0	0	0	0	0	0	0	0	0	0	0	0	0	0	0	0	0	0	0	0	0	0	0	0	0	0	0	0	0	0	0	0	0	0	0	0	0	0	0	0	0	0	0	0	0	0	0	0	0	0	0	0	0	0	0	0	0	0	0	0	0	0	0	0	0	0	
2002	21718	0990075662001	INMOBILIARIA JANET CIA LTDA	L	ACTIVIDADES INMOBILIARIAS.	L6810.01	0	0	0	0	0	400,00	0	0	0	0	0	0	0	0	0	0	0	0	0	0	0	0	0	0	0	0	400,00	0	0	0	0	0	0	0	0	0	0	0	0	0	0	0	0	0	0	0	0	0	0	0	0	0	0	0	0	0	0	400,00	0	0	0	0	0	0	0	0	0	0	0	0	0	0	0	0	0	0	0	0	0	0	0	0	0	0	0	0	0	0	0	0	0	0	0	0	0	0	0	0	0	400,00	0	0	0	0	0	0	0	0	400,00	400,00	0	0	0	0	0	0	0	0	0	0	0	0	0	0	0	0	0	0	0	0	0	0	0	0	0	0	0	0	0	0	0	0	0	0	0	0	0	0	0	0	0	0	0	0	0	0	0	0	0	0	0	0	0	0	0	0	0	0	0	0	0	0	0	0	0	0	0	0	0	0	0	0	0	0	0	0	0	0	0	0	0	0	0	0	0	0	0	0	0	0	0	0	0	0	0	0	0	0	0	0	0	0	0	0	0	0	0	0	0	0	0	0	0	0	0	
2002	21951	0992245344001	PROMOTORES DE VENTAS DE TIERRAS CIA LTDA PROVENTI	L	ACTIVIDADES INMOBILIARIAS.	L6810.01	0	0	0	0	0	400,00	0	0	0	0	0	0	0	0	0	0	0	0	0	0	0	0	0	0	0	0	400,00	0	0	0	0	0	0	0	0	0	0	0	0	0	0	0	0	0	0	0	0	0	0	0	0	0	0	0	0	0	0	400,00	0	0	0	0	0	0	0	0	0	0	0	0	0	0	0	0	0	0	0	0	0	0	0	0	0	0	0	0	0	0	0	0	0	0	0	0	0	0	0	0	0	400,00	0	0	0	0	0	0	0	0	400,00	400,00	0	0	0	0	0	0	0	0	0	0	0	0	0	0	0	0	0	0	0	0	0	0	0	0	0	0	0	0	0	0	0	0	0	0	0	0	0	0	0	0	0	0	0	0	0	0	0	0	0	0	0	0	0	0	0	0	0	0	0	0	0	0	0	0	0	0	0	0	0	0	0	0	0	0	0	0	0	0	0	0	0	0	0	0	0	0	0	0	0	0	0	0	0	0	0	0	0	0	0	0	0	0	0	0	0	0	0	0	0	0	0	0	0	0	0	
2002	22156	0990225397001	PINTURAMA CIA LTDA	C	INDUSTRIAS MANUFACTURERAS.	C2022.01	0	0	0	0	0	0	0	0	0	0	0	0	0	0	0	0	0	0	0	0	0	0	0	0	0	0	0	8747,28	0	0	0	0	0	0	-5271,36	1000,00	0	4475,92	0	0	0	0	0	0	0	0	0	0	0	0	0	0	0	0	0	0	0	4475,92	0	0	0	0	0	0	0	0	1057,57	0	0	0	0	0	0	0	0	0	1057,57	0	0	0	0	0	0	0	0	0	0	0	0	0	0	0	0	0	0	0	0	0	1057,57	200,00	0	135,77	10,94	3071,64	0	0	0	0	3418,35	4475,92	0	0	0	0	0	0	0	0	0	0	0	0	0	0	0	0	0	0	0	0	0	0	0	0	0	0	0	0	0	0	0	0	0	0	0	0	0	0	0	0	0	0	0	0	0	0	0	0	0	0	0	0	0	0	0	0	0	0	0	0	0	0	0	0	0	0	0	0	0	0	0	0	0	0	0	0	0	0	0	0	0	0	0	0	0	0	0	0	0	0	0	0	0	0	0	0	0	0	0	0	0	0	0	0	0	0	0	0	0	0	0	0	0	0	0	
2002	24575	0990460558001	INMOBILIARIA INILA C LTDA	L	ACTIVIDADES INMOBILIARIAS.	L6820.01	0	0	0	0	0	120,00	0	0	0	0	0	0	0	0	0	0	0	0	0	0	0	0	0	0	0	0	120,00	0	0	0	0	0	0	0	0	0	0	0	0	0	0	0	0	0	0	0	0	0	0	0	0	0	0	0	0	0	0	120,00	0	0	0	0	0	0	0	0	0	0	0	0	0	0	0	0	0	0	0	0	0	0	0	0	0	0	0	0	0	0	0	0	0	0	0	0	0	0	0	0	0	120,00	0	0	0	0	0	0	0	0	120,00	120,00	0	0	0	0	0	0	0	0	0	0	0	0	0	0	0	0	0	0	0	0	0	0	0	0	0	0	0	0	0	0	0	0	0	0	0	0	0	0	0	0	0	0	0	0	0	0	0	0	0	0	0	0	0	0	0	0	0	0	0	0	0	0	0	0	0	0	0	0	0	0	0	0	0	0	0	0	0	0	0	0	0	0	0	0	0	0	0	0	0	0	0	0	0	0	0	0	0	0	0	0	0	0	0	0	0	0	0	0	0	0	0	0	0	0	0	
2002	24830	0990503265001	PROCESAMIENTO Y PRODUCCIONES CINEMATOGRAFICAS KANG CINEVIDEO C LTDA	J	INFORMACIÓN Y COMUNICACIÓN.	J5912.01	0	0	0	0	0	158,16	0	0	0	0	0	0	0	0	0	0	0	0	0	0	0	0	0	0	0	0	158,16	414,46	0	5303,86	0	0	0	0	-4582,51	0	0	1135,81	0	0	0	0	0	0	0	0	0	0	0	0	0	0	0	0	0	0	0	1293,97	0	0	0	0	0	0	0	0	0	0	0	0	0	0	0	0	0	0	0	0	0	0	0	0	0	0	0	0	0	0	0	0	0	0	0	0	0	0	0	0	0	200,00	0	0	1093,97	0	0	0	0	0	1293,97	1293,97	0	0	0	0	0	0	0	0	0	0	0	0	0	0	0	0	0	0	0	0	0	0	0	0	0	0	0	0	0	0	0	0	0	0	0	0	0	0	0	0	0	0	0	0	0	0	0	0	0	0	0	0	0	0	0	0	0	0	0	0	0	0	0	0	0	0	0	0	0	0	0	0	0	0	0	0	0	0	0	0	0	0	0	0	0	0	0	0	0	0	0	0	0	0	0	0	0	0	0	0	0	0	0	0	0	0	0	0	0	0	0	0	0	0	0	
2002	24884	1290037448001	COMPANIA ASOCIADA DE TRANSPORTES INTER PROVINCIALES CATI C LTDA	H	TRANSPORTE Y ALMACENAMIENTO.	H5221.01	0	0	0	0	0	4,80	0	0	0	0	0	0	0	0	0	0	0	0	0	0	0	0	0	0	0	0	4,80	0	0	0	0	0	0	0	0	0	0	0	0	0	0	0	0	0	0	0	0	0	0	0	0	0	0	0	0	0	0	4,80	0	0	0	0	0	0	0	0	0	0	0	0	0	0	0	0	0	0	0	0	0	0	0	0	0	0	0	0	0	0	0	0	0	0	0	0	0	0	0	0	0	4,80	0	0	0	0	0	0	0	0	4,80	4,80	0	0	0	0	0	0	0	0	0	0	0	0	0	0	0	0	0	0	0	0	0	0	0	0	0	0	0	0	0	0	0	0	0	0	0	0	0	0	0	0	0	0	0	0	0	0	0	0	0	0	0	0	0	0	0	0	0	0	0	0	0	0	0	0	0	0	0	0	0	0	0	0	0	0	0	0	0	0	0	0	0	0	0	0	0	0	0	0	0	0	0	0	0	0	0	0	0	0	0	0	0	0	0	0	0	0	0	0	0	0	0	0	0	0	0	
2002	25576	0790061586001	MAR AMOR Y ORO MARAMORO C LTDA	G	COMERCIO AL POR MAYOR Y AL POR MENOR REPARACIÓN DE VEHÍCULOS AUTOMOTORES Y MOTOCICLETAS.	G4630.33	0	0	0	0	0	320,00	0	0	0	0	0	0	0	0	0	0	0	0	0	0	0	0	0	0	0	0	320,00	0	0	0	0	0	0	0	0	0	0	0	0	0	0	0	0	0	0	0	0	0	0	0	0	0	0	0	0	0	0	320,00	0	0	0	0	0	0	0	0	0	0	0	0	0	0	0	0	0	0	0	0	0	0	0	0	0	0	0	0	0	0	0	0	0	0	0	0	0	0	0	0	0	320,00	0	0	0	0	0	0	0	0	320,00	320,00	0	0	0	0	0	0	0	0	0	0	0	0	0	0	0	0	0	0	0	0	0	0	0	0	0	0	0	0	0	0	0	0	0	0	0	0	0	0	0	0	0	0	0	0	0	0	0	0	0	0	0	0	0	0	0	0	0	0	0	0	0	0	0	0	0	0	0	0	0	0	0	0	0	0	0	0	0	0	0	0	0	0	0	0	0	0	0	0	0	0	0	0	0	0	0	0	0	0	0	0	0	0	0	0	0	0	0	0	0	0	0	0	0	0	0	
2002	25958	0990649448001	EMPACADORA CORAL DEL PACIFICO EMCOPAC S.A.	G	COMERCIO AL POR MAYOR Y AL POR MENOR REPARACIÓN DE VEHÍCULOS AUTOMOTORES Y MOTOCICLETAS.	G4630.33	0	0	0	0	0	0	0	0	0	0	0	460,00	0	0	0	0	0	0	0	0	0	0	0	0	0	0	460,00	0	0	0	0	0	0	0	0	0	0	0	0	0	0	0	0	0	0	0	0	0	0	0	0	0	0	0	0	0	0	460,00	0	0	0	0	0	0	0	0	0	0	0	0	0	0	0	0	0	0	0	0	0	0	0	0	0	0	0	0	0	0	0	0	0	0	0	0	0	0	0	0	0	460,00	0	0	0	0	0	0	0	0	460,00	460,00	0	0	0	0	0	0	0	0	0	0	0	0	0	0	0	0	0	0	0	0	0	0	0	0	0	0	0	0	0	0	0	0	0	0	0	0	0	0	0	0	0	0	0	0	0	0	0	0	0	0	0	0	0	0	0	0	0	0	0	0	0	0	0	0	0	0	0	0	0	0	0	0	0	0	0	0	0	0	0	0	0	0	0	0	0	0	0	0	0	0	0	0	0	0	0	0	0	0	0	0	0	0	0	0	0	0	0	0	0	0	0	0	0	0	0	
2002	26253	0990712913001	SEINEL SERVICIOS DE INGENIERIA ELECTRONICA C LTDA	C	INDUSTRIAS MANUFACTURERAS.	C2219.01	0	0	0	0	0	400,00	0	0	0	0	0	0	0	0	0	0	0	0	0	0	0	0	0	0	0	0	400,00	0	0	0	0	0	0	0	0	0	0	0	0	0	0	0	0	0	0	0	0	0	0	0	0	0	0	0	0	0	0	400,00	0	0	0	0	0	0	0	0	0	0	0	0	0	0	0	0	0	0	0	0	0	0	0	0	0	0	0	0	0	0	0	0	0	0	0	0	0	0	0	0	0	400,00	0	0	0	0	0	0	0	0	400,00	400,00	0	0	0	0	0	0	0	0	0	0	0	0	0	0	0	0	0	0	0	0	0	0	0	0	0	0	0	0	0	0	0	0	0	0	0	0	0	0	0	0	0	0	0	0	0	0	0	0	0	0	0	0	0	0	0	0	0	0	0	0	0	0	0	0	0	0	0	0	0	0	0	0	0	0	0	0	0	0	0	0	0	0	0	0	0	0	0	0	0	0	0	0	0	0	0	0	0	0	0	0	0	0	0	0	0	0	0	0	0	0	0	0	0	0	0	
2002	27648	0990943109001	ORSENCOMP ORGANIZACION DE SERVICIOS COMPUTARIZADOS C. LTDA	C	INDUSTRIAS MANUFACTURERAS.	C3320.01	0	0	0	0	0	60,46	0	0	0	0	0	0	0	0	0	0	149,20	0	0	0	0	0	0	0	0	0	209,66	0	0	4858,84	0	0	0	0	-4857,84	0	0	1,00	0	212,89	0	0	-212,89	0	0	0	0	0	0	0	0	0	0	0	0	0	0	210,66	0	0	0	0	0	0	0	0	2998,10	0	0	0	0	0	0	0	0	0	2998,10	0	0	0	0	0	0	0	0	0	0	0	0	0	0	0	0	0	0	0	0	0	2998,10	200,00	0	0	13,49	47,94	0	-3048,87	0	0	-2787,44	210,66	0	0	0	0	0	0	0	0	0	0	0	0	0	0	0	0	0	0	0	0	0	0	0	0	0	0	0	0	0	0	0	0	0	0	0	0	0	0	0	0	0	0	0	0	0	0	0	0	0	0	0	0	0	0	0	0	0	0	0	0	0	0	0	0	0	0	0	0	0	0	0	0	0	0	0	0	0	0	0	0	0	0	0	0	0	0	0	0	0	0	0	0	0	0	0	0	0	0	0	0	0	0	0	0	0	0	0	0	0	0	0	0	0	0	0	
2002	28874	0991307842001	DISEIN DISTRIBUIDORA Y SUMINISTROS ELECTRICOS INDUSTRIALES CIA. LTDA.	G	COMERCIO AL POR MAYOR Y AL POR MENOR REPARACIÓN DE VEHÍCULOS AUTOMOTORES Y MOTOCICLETAS.	G4659.93	0	0	0	0	0	80,00	0	0	0	0	0	0	0	0	0	0	0	0	0	0	0	0	0	0	0	0	80,00	0	0	0	0	0	0	0	0	0	0	0	0	0	0	0	0	0	0	0	0	0	0	0	0	0	0	0	0	0	0	80,00	0	0	0	0	0	0	0	0	0	0	0	0	0	0	0	0	0	0	0	0	0	0	0	0	0	0	0	0	0	0	0	0	0	0	0	0	0	0	0	0	0	80,00	0	0	0	0	0	0	0	0	80,00	80,00	0	0	0	0	0	0	0	0	0	0	0	0	0	0	0	0	0	0	0	0	0	0	0	0	0	0	0	0	0	0	0	0	0	0	0	0	0	0	0	0	0	0	0	0	0	0	0	0	0	0	0	0	0	0	0	0	0	0	0	0	0	0	0	0	0	0	0	0	0	0	0	0	0	0	0	0	0	0	0	0	0	0	0	0	0	0	0	0	0	0	0	0	0	0	0	0	0	0	0	0	0	0	0	0	0	0	0	0	0	0	0	0	0	0	0	
2002	29155	0991368167001	COMPANIA CONSULTORA ARQUITECTONICA E INGENIERIA CIA. LTDA. CONSULTARQ	M	ACTIVIDADES PROFESIONALES, CIENTÍFICAS Y TÉCNICAS.	M7110.11	0	0	0	0	0	791,33	0	0	0	0	0	0	0	938,41	0	0	150,42	0	0	0	0	0	0	0	0	247,34	2127,50	0	0	0	0	0	0	0	0	0	0	0	0	66,00	0	0	0	66,00	0	0	0	0	0	0	0	0	0	0	0	0	0	2193,50	0	0	0	0	0	0	0	0	0	0	0	0	0	0	0	0	0	0	0	0	0	0	0	0	0	0	0	0	0	0	0	0	0	0	0	0	0	0	0	0	0	200,00	0	0	0	0	1993,50	0	0	0	2193,50	2193,50	0	0	0	0	0	0	0	0	0	0	0	0	0	0	0	0	0	0	0	0	0	0	0	0	0	0	0	0	0	0	0	0	0	0	0	0	0	0	0	0	0	0	0	0	0	0	0	0	0	0	0	0	0	0	0	0	0	0	0	0	0	0	0	0	0	0	0	0	0	0	0	0	0	0	0	0	0	0	0	0	0	0	0	0	0	0	0	0	0	0	0	0	0	0	0	0	0	0	0	0	0	0	0	0	0	0	0	0	0	0	0	0	0	0	0	
2002	31774	1190081652001	CONSTRUCTORA INDUSTRIAL AGROPECUARIA FORESTAL CIAFOR CIA. LTDA.	A	AGRICULTURA, GANADERÍA,  SILVICULTURA Y PESCA.	A0141.01	0	0	0	0	0	40,00	0	0	0	0	0	0	0	0	0	0	0	0	0	0	0	0	0	0	0	0	40,00	0	0	0	0	0	0	0	0	80,00	0	80,00	0	0	0	0	0	0	0	0	0	0	0	0	0	0	0	0	0	0	0	120,00	0	0	0	0	0	0	0	0	0	0	0	0	0	0	0	0	0	0	0	0	0	0	0	0	0	0	0	0	0	0	0	0	0	0	0	0	0	0	0	0	0	120,00	0	0	0	0	0	0	0	0	120,00	120,00	0	0	0	0	0	0	0	0	0	0	0	0	0	0	0	0	0	0	0	0	0	0	0	0	0	0	0	0	0	0	0	0	0	0	0	0	0	0	0	0	0	0	0	0	0	0	0	0	0	0	0	0	0	0	0	0	0	0	0	0	0	0	0	0	0	0	0	0	0	0	0	0	0	0	0	0	0	0	0	0	0	0	0	0	0	0	0	0	0	0	0	0	0	0	0	0	0	0	0	0	0	0	0	0	0	0	0	0	0	0	0	0	0	0	0	
2002	32252	0190019365001	GERMAN'STOUR CIA. LTDA.	N	ACTIVIDADES DE SERVICIOS ADMINISTRATIVOS Y DE APOYO.	N7911.00	0	0	0	0	0	400,00	0	0	0	0	0	0	0	0	0	0	0	0	0	0	0	0	0	0	0	0	400,00	0	0	0	0	0	0	0	0	0	0	0	0	0	0	0	0	0	0	0	0	0	0	0	0	0	0	0	0	0	0	400,00	0	0	0	0	0	0	0	0	0	0	0	0	0	0	0	0	0	0	0	0	0	0	0	0	0	0	0	0	0	0	0	0	0	0	0	0	0	0	0	0	0	400,00	0	0	0	0	0	0	0	0	400,00	400,00	0	0	0	0	0	0	0	0	0	0	0	0	0	0	0	0	0	0	0	0	0	0	0	0	0	0	0	0	0	0	0	0	0	0	0	0	0	0	0	0	0	0	0	0	0	0	0	0	0	0	0	0	0	0	0	0	0	0	0	0	0	0	0	0	0	0	0	0	0	0	0	0	0	0	0	0	0	0	0	0	0	0	0	0	0	0	0	0	0	0	0	0	0	0	0	0	0	0	0	0	0	0	0	0	0	0	0	0	0	0	0	0	0	0	0	
2002	32521	1490803013001	SOLDADO MONGE SOLMONTAX CIA. LTDA.	H	TRANSPORTE Y ALMACENAMIENTO.	H4922.02	0	0	0	0	0	400,00	0	0	0	0	0	0	0	0	0	0	0	0	0	0	0	0	0	0	0	0	400,00	0	0	0	0	0	0	0	0	0	0	0	0	0	0	0	0	0	0	0	0	0	0	0	0	0	0	0	0	0	0	400,00	0	0	0	0	0	0	0	0	0	0	0	0	0	0	0	0	0	0	0	0	0	0	0	0	0	0	0	0	0	0	0	0	0	0	0	0	0	0	0	0	0	400,00	0	0	0	0	0	0	0	0	400,00	400,00	0	0	0	0	0	0	0	0	0	0	0	0	0	0	0	0	0	0	0	0	0	0	0	0	0	0	0	0	0	0	0	0	0	0	0	0	0	0	0	0	0	0	0	0	0	0	0	0	0	0	0	0	0	0	0	0	0	0	0	0	0	0	0	0	0	0	0	0	0	0	0	0	0	0	0	0	0	0	0	0	0	0	0	0	0	0	0	0	0	0	0	0	0	0	0	0	0	0	0	0	0	0	0	0	0	0	0	0	0	0	0	0	0	0	0	
2002	34090	1391824157001	INVERSIONES MAGUMO S.A.	L	ACTIVIDADES INMOBILIARIAS.	L6810.01	0	0	0	0	0	80,00	0	0	0	0	0	0	0	0	0	0	0	0	0	0	0	0	0	0	0	0	80,00	1906,80	0	0	0	0	182,99	0	0	0	0	2089,79	0	0	0	0	0	0	0	0	0	0	0	0	0	0	0	0	0	0	0	2169,79	0	0	0	0	0	0	2089,79	0	0	0	0	0	0	0	0	0	0	0	2089,79	0	0	0	0	0	0	0	0	0	0	0	0	0	0	0	0	0	0	0	0	0	2089,79	80,00	0	0	0	0	0	0	0	0	80,00	2169,79	0	0	0	0	0	0	0	0	0	0	0	0	0	0	0	0	0	0	0	0	0	0	0	0	0	0	0	0	0	0	0	0	0	0	0	0	0	0	0	0	0	0	0	0	0	0	0	0	0	0	0	0	0	0	0	0	0	0	0	0	0	0	0	0	0	0	0	0	0	0	0	0	0	0	0	0	0	0	0	0	0	0	0	0	0	0	0	0	0	0	0	0	0	0	0	0	0	0	0	0	0	0	0	0	0	0	0	0	0	0	0	0	0	0	0	
2002	34210	1390142729001	INMOBILIARIA ARAY MIRANDA C.A.	L	ACTIVIDADES INMOBILIARIAS.	L6810.01	0	0	0	0	0	80,91	0	0	0	0	0	0	0	0	0	0	0	0	0	0	0	0	0	0	0	0	80,91	0	0	0	0	0	0	0	0	5916,62	0	5916,62	0	132,10	110,55	0	0	242,65	0	0	0	0	0	0	0	0	0	0	0	0	0	6240,18	0	0	1785,13	0	0	0	0	0	0	0	0	0	0	0	0	0	0	0	1785,13	0	0	0	0	0	0	0	0	0	0	0	0	0	0	0	0	0	0	0	0	0	1785,13	200,00	0	0	0	4255,05	0	0	0	0	4455,05	6240,18	0	0	0	0	0	0	0	0	0	0	0	0	0	0	0	0	0	0	0	0	0	0	0	0	0	0	0	0	0	0	0	0	0	0	0	0	0	0	0	0	0	0	0	0	0	0	0	0	0	0	0	0	0	0	0	0	0	0	0	0	0	0	0	0	0	0	0	0	0	0	0	0	0	0	0	0	0	0	0	0	0	0	0	0	0	0	0	0	0	0	0	0	0	0	0	0	0	0	0	0	0	0	0	0	0	0	0	0	0	0	0	0	0	0	0	
2002	34406	1390146724001	SERVICIOS ELECTRONICOS PARA IMPRENTA ANDRADE SERVIANDRADE S.A.	I	ACTIVIDADES DE ALOJAMIENTO Y DE SERVICIO DE COMIDAS.	I5629.01	0	0	0	0	0	200,00	0	0	0	0	0	0	0	0	0	0	0	0	0	0	0	0	0	0	0	0	200,00	0	0	0	0	0	0	0	0	0	0	0	0	0	0	0	0	0	0	0	0	0	0	0	0	0	0	0	0	0	0	200,00	0	0	0	0	0	0	0	0	0	0	0	0	0	0	0	0	0	0	0	0	0	0	0	0	0	0	0	0	0	0	0	0	0	0	0	0	0	0	0	0	0	200,00	0	0	0	0	0	0	0	0	200,00	200,00	0	0	0	0	0	0	0	0	0	0	0	0	0	0	0	0	0	0	0	0	0	0	0	0	0	0	0	0	0	0	0	0	0	0	0	0	0	0	0	0	0	0	0	0	0	0	0	0	0	0	0	0	0	0	0	0	0	0	0	0	0	0	0	0	0	0	0	0	0	0	0	0	0	0	0	0	0	0	0	0	0	0	0	0	0	0	0	0	0	0	0	0	0	0	0	0	0	0	0	0	0	0	0	0	0	0	0	0	0	0	0	0	0	0	0	
2002	36149	1890152798001	LABORATORIO DE BOMBAS DE INYECCION FONGUAN S.A.	C	INDUSTRIAS MANUFACTURERAS.	C2812.01	0	0	0	0	0	200,00	0	0	0	0	0	0	0	0	0	0	0	0	0	0	0	0	0	0	0	0	200,00	0	0	0	0	0	0	0	0	0	0	0	0	0	0	0	0	0	0	0	0	0	0	0	0	0	0	0	0	0	0	200,00	0	0	0	0	0	0	0	0	0	0	0	0	0	0	0	0	0	0	0	0	0	0	0	0	0	0	0	0	0	0	0	0	0	0	0	0	0	0	0	0	0	200,00	0	0	0	0	0	0	0	0	200,00	200,00	0	0	0	0	0	0	0	0	0	0	0	0	0	0	0	0	0	0	0	0	0	0	0	0	0	0	0	0	0	0	0	0	0	0	0	0	0	0	0	0	0	0	0	0	0	0	0	0	0	0	0	0	0	0	0	0	0	0	0	0	0	0	0	0	0	0	0	0	0	0	0	0	0	0	0	0	0	0	0	0	0	0	0	0	0	0	0	0	0	0	0	0	0	0	0	0	0	0	0	0	0	0	0	0	0	0	0	0	0	0	0	0	0	0	0	
2002	38967	0790012453001	BIOLOGIA DEL MAR BRIANAMAR S.A.	A	AGRICULTURA, GANADERÍA,  SILVICULTURA Y PESCA.	A0321.02	0	0	0	0	0	84,72	0	0	0	0	0	141,55	0	1072,55	0	0	0	0	0	0	0	0	0	0	0	0	1298,82	11905,13	0	0	10582,21	0	19748,19	0	-19912,46	3459,35	0	25782,42	0	98,73	0	0	-,98	97,75	0	0	0	0	0	0	0	0	0	0	0	0	0	27178,99	4121,30	0	0	0	0	0	0	0	0	0	0	0	0	0	0	0	0	0	4121,30	0	0	0	0	0	0	0	0	0	0	0	0	0	0	0	0	0	0	0	0	0	4121,30	800,00	0	0	600,86	28079,47	0	0	0	-6422,64	23057,69	27178,99	0	25502,30	0	0	0	42,48	0	0	0	0	0	0	0	0	25544,78	0	5906,38	0	0	0	0	0	0	0	0	0	0	0	3358,00	640,00	0	0	0	0	0	0	0	0	0	0	83,28	0	161,22	0	0	0	6736,59	4,19	0	0	0	0	0	0	0	0	0	0	0	0	0	0	300,00	0	0	0	0	0	0	0	0	0	0	0	0	0	0	0	0	0	0	0	0	0	0	0	0	0	0	0	0	0	0	6374,15	0	0	0	0	0	357,77	9,40	503,32	7533,12	0	0	0	23480,71	8486,71	31967,42	0	-6422,64	0	-6422,64	0	-6422,64	
2002	39593	0791702518001	COMERCIAL JUAN SALINAS C. LTDA.	G	COMERCIO AL POR MAYOR Y AL POR MENOR REPARACIÓN DE VEHÍCULOS AUTOMOTORES Y MOTOCICLETAS.	G4663.13	0	0	0	0	0	400,00	0	0	0	0	0	0	0	0	0	0	0	0	0	0	0	0	0	0	0	0	400,00	0	0	0	0	0	0	0	0	0	0	0	0	0	0	0	0	0	0	0	0	0	0	0	0	0	0	0	0	0	0	400,00	0	0	0	0	0	0	0	0	0	0	0	0	0	0	0	0	0	0	0	0	0	0	0	0	0	0	0	0	0	0	0	0	0	0	0	0	0	0	0	0	0	400,00	0	0	0	0	0	0	0	0	400,00	400,00	0	0	0	0	0	0	0	0	0	0	0	0	0	0	0	0	0	0	0	0	0	0	0	0	0	0	0	0	0	0	0	0	0	0	0	0	0	0	0	0	0	0	0	0	0	0	0	0	0	0	0	0	0	0	0	0	0	0	0	0	0	0	0	0	0	0	0	0	0	0	0	0	0	0	0	0	0	0	0	0	0	0	0	0	0	0	0	0	0	0	0	0	0	0	0	0	0	0	0	0	0	0	0	0	0	0	0	0	0	0	0	0	0	0	0	
2002	40132	0990592918001	INMOBILIARIA PEÑACO SA	L	ACTIVIDADES INMOBILIARIAS.	L6810.01	0	0	0	0	0	0	0	0	0	80,00	0	0	0	0	0	0	0	0	0	0	0	0	0	0	0	0	80,00	154,01	0	0	0	0	0	0	0	0	0	154,01	0	0	0	0	0	0	0	0	0	0	0	0	0	0	0	0	0	0	0	234,01	0	0	0	0	0	0	0	0	0	0	0	0	0	0	0	0	0	0	0	0	0	0	0	0	0	0	0	154,01	0	0	0	0	0	0	0	0	0	154,01	0	0	154,01	80,00	0	0	0	0	0	0	0	0	80,00	234,01	0	0	0	0	0	0	0	0	0	0	0	0	0	0	0	0	0	0	0	0	0	0	0	0	0	0	0	0	0	0	0	0	0	0	0	0	0	0	0	0	0	0	0	0	0	0	0	0	0	0	0	0	0	0	0	0	0	0	0	0	0	0	0	0	0	0	0	0	0	0	0	0	0	0	0	0	0	0	0	0	0	0	0	0	0	0	0	0	0	0	0	0	0	0	0	0	0	0	0	0	0	0	0	0	0	0	0	0	0	0	0	0	0	0	0	
2002	40146	0990595666001	INMOJUS SA	L	ACTIVIDADES INMOBILIARIAS.	L6810.01	0	0	0	0	0	0	0	0	0	0	0	0	0	0	0	0	0	0	0	0	0	0	0	0	0	0	0	32092,88	0	0	0	0	0	0	-17651,08	10000,00	0	24441,80	0	0	0	0	0	0	0	0	0	0	0	0	0	0	0	0	0	0	0	24441,80	0	0	0	0	0	0	0	0	0	0	0	0	0	0	0	0	0	0	0	0	0	0	0	0	0	0	0	0	0	0	0	0	0	0	0	0	0	0	0	0	0	400,00	0	0	0	24041,80	0	0	0	0	24441,80	24441,80	0	0	0	0	0	0	0	0	0	0	0	0	0	0	0	0	0	0	0	0	0	0	0	0	0	0	0	0	0	0	0	0	0	0	0	0	0	0	0	0	0	0	0	0	0	0	0	0	0	0	0	0	0	0	0	0	0	0	0	0	0	0	0	0	0	0	0	0	0	0	0	0	0	0	0	0	0	0	0	0	0	0	0	0	0	0	0	0	0	0	0	0	0	0	0	0	0	0	0	0	0	0	0	0	0	0	0	0	0	0	0	0	0	0	0	
2002	40174	0990597588001	INMEDUSA SA	G	COMERCIO AL POR MAYOR Y AL POR MENOR REPARACIÓN DE VEHÍCULOS AUTOMOTORES Y MOTOCICLETAS.	G4653.01	0	0	0	0	0	200,00	0	0	0	0	0	0	0	0	0	0	0	0	0	0	0	0	0	0	0	0	200,00	0	0	0	0	0	0	0	0	0	0	0	0	0	0	0	0	0	0	0	0	0	0	0	0	0	0	0	0	0	0	200,00	0	0	0	0	0	0	0	0	0	0	0	0	0	0	0	0	0	0	0	0	0	0	0	0	0	0	0	0	0	0	0	0	0	0	0	0	0	0	0	0	0	200,00	0	0	0	0	0	0	0	0	200,00	200,00	0	0	0	0	0	0	0	0	0	0	0	0	0	0	0	0	0	0	0	0	0	0	0	0	0	0	0	0	0	0	0	0	0	0	0	0	0	0	0	0	0	0	0	0	0	0	0	0	0	0	0	0	0	0	0	0	0	0	0	0	0	0	0	0	0	0	0	0	0	0	0	0	0	0	0	0	0	0	0	0	0	0	0	0	0	0	0	0	0	0	0	0	0	0	0	0	0	0	0	0	0	0	0	0	0	0	0	0	0	0	0	0	0	0	0	
2002	40654	0990634971001	INMOBILIARIA LORDA SA	L	ACTIVIDADES INMOBILIARIAS.	L6810.01	0	0	0	0	0	0	0	0	0	0	0	0	0	0	0	0	0	0	0	0	0	0	0	0	0	0	0	85915,69	0	0	1247,40	0	11594,38	0	-12668,20	0	0	86089,27	0	0	0	0	0	0	0	0	0	0	0	0	0	0	0	0	0	0	0	86089,27	0	0	0	0	0	0	0	0	0	0	0	0	0	0	0	0	0	0	0	0	0	0	0	0	0	0	0	85889,27	0	0	0	0	0	0	0	0	0	85889,27	0	0	85889,27	200,00	0	0	0	0	0	0	0	0	200,00	86089,27	0	0	0	0	0	0	0	0	0	0	0	0	0	0	0	0	0	0	0	0	0	0	0	0	0	0	0	0	0	0	0	0	0	0	0	0	0	0	0	0	0	0	0	0	0	0	0	0	0	0	0	0	0	0	0	0	0	0	0	0	0	0	0	0	0	0	0	0	0	0	0	0	0	0	0	0	0	0	0	0	0	0	0	0	0	0	0	0	0	0	0	0	0	0	0	0	0	0	0	0	0	0	0	0	0	0	0	0	0	0	0	0	0	0	0	
2002	40764	0990659915001	BIOCULTIVOS MANABI BIOMANABI S.A.	A	AGRICULTURA, GANADERÍA,  SILVICULTURA Y PESCA.	A0321.02	0	0	0	0	0	689,61	0	0	0	0	0	0	0	0	0	0	0	0	876,09	37617,82	0	0	0	0	0	291955,61	331139,13	304898,69	0	0	500391,29	0	206098,95	20168,65	-765149,21	1215732,77	0	1482141,14	0	0	0	2801697,45	0	2801697,45	259941,19	0	0	0	0	0	0	0	0	0	0	0	259941,19	4874918,91	27942,40	0	0	0	94298,37	0	0	0	0	0	72080,76	0	0	0	0	0	48695,31	0	243016,84	0	0	0	0	4374359,92	518571,00	0	0	0	0	0	0	0	0	0	0	0	0	4892930,92	0	0	5135947,76	12320,00	0	24345,89	133,47	1292192,04	0	-1190036,09	0	-399984,16	-261028,85	4874918,91	0	917829,15	0	0	0	0	0	0	0	0	0	0	0	0	917829,15	0	0	0	0	0	960,13	76554,36	0	-876,09	17942,98	-37617,82	0	0	169693,37	19946,44	43151,24	0	0	0	0	0	0	0	0	0	37066,42	0	42452,64	0	0	0	14755,67	0	0	0	0	0	0	0	0	0	0	0	0	0	0	0	0	0	0	0	380611,92	0	77225,97	0	0	0	0	0	0	0	0	0	0	71505,11	0	0	81612,58	0	0	0	0	216462,27	0	0	0	0	0	87129,45	0	0	0	0	0	9078,97	10157,70	0	0	0	0	0	531796,43	786016,88	1317813,31	0	-399984,16	0	-399984,16	0	-399984,16	
2002	40854	0990644780001	EXTRAMAR SA	A	AGRICULTURA, GANADERÍA,  SILVICULTURA Y PESCA.	A0321.02	0	0	0	0	0	200,00	0	0	0	0	0	0	0	0	0	0	0	0	0	0	0	0	0	0	0	0	200,00	0	0	0	0	0	0	0	0	0	0	0	0	0	0	0	0	0	0	0	0	0	0	0	0	0	0	0	0	0	0	200,00	0	0	0	0	0	0	0	0	0	0	0	0	0	0	0	0	0	0	0	0	0	0	0	0	0	0	0	0	0	0	0	0	0	0	0	0	0	0	0	0	0	400,00	-200,00	0	0	0	0	0	0	0	200,00	200,00	0	0	0	0	0	0	0	0	0	0	0	0	0	0	0	0	0	0	0	0	0	0	0	0	0	0	0	0	0	0	0	0	0	0	0	0	0	0	0	0	0	0	0	0	0	0	0	0	0	0	0	0	0	0	0	0	0	0	0	0	0	0	0	0	0	0	0	0	0	0	0	0	0	0	0	0	0	0	0	0	0	0	0	0	0	0	0	0	0	0	0	0	0	0	0	0	0	0	0	0	0	0	0	0	0	0	0	0	0	0	0	0	0	0	0	
2002	41131	0990669899001	FRIGORIFICOS Y FRUTAS TROPICALES FRUTROSA SA	A	AGRICULTURA, GANADERÍA,  SILVICULTURA Y PESCA.	A0311.01	0	0	0	0	0	400,00	0	0	0	0	0	0	0	0	0	0	0	0	0	0	0	0	0	0	0	0	400,00	0	0	0	0	0	0	0	0	0	0	0	0	0	0	0	0	0	0	0	0	0	0	0	0	0	0	0	0	0	0	400,00	0	0	0	0	0	0	0	0	0	0	0	0	0	0	0	0	0	0	0	0	0	0	0	0	0	0	0	0	0	0	0	0	0	0	0	0	0	0	0	0	0	400,00	0	0	0	0	0	0	0	0	400,00	400,00	0	0	0	0	0	0	0	0	0	0	0	0	0	0	0	0	0	0	0	0	0	0	0	0	0	0	0	0	0	0	0	0	0	0	0	0	0	0	0	0	0	0	0	0	0	0	0	0	0	0	0	0	0	0	0	0	0	0	0	0	0	0	0	0	0	0	0	0	0	0	0	0	0	0	0	0	0	0	0	0	0	0	0	0	0	0	0	0	0	0	0	0	0	0	0	0	0	0	0	0	0	0	0	0	0	0	0	0	0	0	0	0	0	0	0	
2002	41462	0990611807001	INVERDOSA SA	L	ACTIVIDADES INMOBILIARIAS.	L6820.01	0	0	0	0	0	0	0	0	0	0	0	2287,87	0	0	0	0	0	0	0	0	0	0	0	0	0	0	2287,87	0	0	0	0	0	0	0	0	0	0	0	0	0	0	0	0	0	0	0	0	0	0	0	0	0	0	0	0	0	0	2287,87	0	0	0	0	0	0	0	0	0	0	0	0	0	0	0	0	0	0	0	0	0	0	0	0	0	0	0	0	0	0	0	0	0	0	0	0	0	0	0	0	0	400,00	0	0	0	1864,31	23,56	0	0	0	2287,87	2287,87	0	0	0	0	0	0	0	0	0	0	0	0	0	0	0	0	0	0	0	0	0	0	0	0	0	0	0	0	0	0	0	0	0	0	0	0	0	0	0	0	0	0	0	0	0	0	0	0	0	0	0	0	0	0	0	0	0	0	0	0	0	0	0	0	0	0	0	0	0	0	0	0	0	0	0	0	0	0	0	0	0	0	0	0	0	0	0	0	0	0	0	0	0	0	0	0	0	0	0	0	0	0	0	0	0	0	0	0	0	0	0	0	0	0	0	
2002	41495	0990694117001	INMOBILIARIA FACA SA	L	ACTIVIDADES INMOBILIARIAS.	L6810.01	0	0	0	0	0	60,00	0	0	0	0	0	0	0	0	0	0	0	0	0	0	0	0	0	0	0	0	60,00	601,21	0	0	0	0	0	0	0	0	0	601,21	0	60,00	0	0	0	60,00	0	0	0	0	0	0	0	0	0	0	0	0	0	721,21	0	0	0	0	0	0	0	0	0	0	0	0	0	0	0	0	0	0	0	0	0	0	0	0	0	0	0	0	0	0	0	0	0	0	0	0	0	0	0	0	0	224,00	0	0	0	497,21	0	0	0	0	721,21	721,21	0	0	0	0	0	0	0	0	0	0	0	0	0	0	0	0	0	0	0	0	0	0	0	0	0	0	0	0	0	0	0	0	0	0	0	0	0	0	0	0	0	0	0	0	0	0	0	0	0	0	0	0	0	0	0	0	0	0	0	0	0	0	0	0	0	0	0	0	0	0	0	0	0	0	0	0	0	0	0	0	0	0	0	0	0	0	0	0	0	0	0	0	0	0	0	0	0	0	0	0	0	0	0	0	0	0	0	0	0	0	0	0	0	0	0	
2002	41501	0990697469001	INVERALFA SA	L	ACTIVIDADES INMOBILIARIAS.	L6810.01	0	0	0	0	0	200,00	0	0	0	0	0	0	0	0	0	0	0	0	0	0	0	0	0	0	0	0	200,00	1109,48	0	0	0	0	0	0	0	0	0	1109,48	0	0	0	0	0	0	0	0	0	0	0	0	0	0	0	0	0	0	0	1309,48	0	0	0	0	0	0	0	0	0	0	0	0	0	0	0	0	0	0	0	0	0	0	0	0	0	0	0	0	0	0	0	0	0	0	0	0	0	0	0	0	0	800,00	-600,00	1109,48	0	0	0	0	0	0	1309,48	1309,48	0	0	0	0	0	0	0	0	0	0	0	0	0	0	0	0	0	0	0	0	0	0	0	0	0	0	0	0	0	0	0	0	0	0	0	0	0	0	0	0	0	0	0	0	0	0	0	0	0	0	0	0	0	0	0	0	0	0	0	0	0	0	0	0	0	0	0	0	0	0	0	0	0	0	0	0	0	0	0	0	0	0	0	0	0	0	0	0	0	0	0	0	0	0	0	0	0	0	0	0	0	0	0	0	0	0	0	0	0	0	0	0	0	0	0	
2002	41577	0990703973001	KALUSA SA	G	COMERCIO AL POR MAYOR Y AL POR MENOR REPARACIÓN DE VEHÍCULOS AUTOMOTORES Y MOTOCICLETAS.	G4630.32	0	0	0	0	0	352,00	0	0	0	0	0	0	0	0	0	0	0	0	0	0	0	0	0	0	0	0	352,00	0	0	0	0	0	0	0	0	0	0	0	0	0	0	0	0	0	0	0	0	0	0	0	0	0	0	0	0	0	0	352,00	0	0	0	0	0	0	0	0	0	0	0	0	0	0	0	0	0	0	0	0	0	0	0	0	0	0	0	0	0	0	0	0	0	0	0	0	0	0	0	0	0	352,00	0	0	0	0	0	0	0	0	352,00	352,00	0	0	0	0	0	0	0	0	0	0	0	0	0	0	0	0	0	0	0	0	0	0	0	0	0	0	0	0	0	0	0	0	0	0	0	0	0	0	0	0	0	0	0	0	0	0	0	0	0	0	0	0	0	0	0	0	0	0	0	0	0	0	0	0	0	0	0	0	0	0	0	0	0	0	0	0	0	0	0	0	0	0	0	0	0	0	0	0	0	0	0	0	0	0	0	0	0	0	0	0	0	0	0	0	0	0	0	0	0	0	0	0	0	0	0	
2002	41723	0990707642001	PARADISEA SA	G	COMERCIO AL POR MAYOR Y AL POR MENOR REPARACIÓN DE VEHÍCULOS AUTOMOTORES Y MOTOCICLETAS.	G4711.02	0	0	0	0	0	0	0	0	0	0	0	0	0	0	0	0	0	0	0	0	0	0	0	0	0	0	0	0	0	0	0	0	0	7044,00	0	0	0	7044,00	0	80,00	0	0	0	80,00	0	0	0	0	0	0	0	0	0	0	0	0	0	7124,00	0	0	0	0	0	0	7044,00	0	0	0	0	0	0	0	0	0	0	0	7044,00	0	0	0	0	0	0	0	0	0	0	0	0	0	0	0	0	0	0	0	0	0	7044,00	80,00	0	0	0	0	0	0	0	0	80,00	7124,00	0	0	0	0	0	0	0	0	0	0	0	0	0	0	0	0	0	0	0	0	0	0	0	0	0	0	0	0	0	0	0	0	0	0	0	0	0	0	0	0	0	0	0	0	0	0	0	0	0	0	0	0	0	0	0	0	0	0	0	0	0	0	0	0	0	0	0	0	0	0	0	0	0	0	0	0	0	0	0	0	0	0	0	0	0	0	0	0	0	0	0	0	0	0	0	0	0	0	0	0	0	0	0	0	0	0	0	0	0	0	0	0	0	0	0	
2002	41813	0990713820001	SECAMAR SA	A	AGRICULTURA, GANADERÍA,  SILVICULTURA Y PESCA.	A0321.02	0	0	0	0	0	0	0	0	0	0	0	0	0	0	0	0	0	0	0	0	0	0	0	0	0	0	0	20829,73	0	0	0	0	0	0	0	0	0	20829,73	0	0	0	0	0	0	0	0	0	0	0	0	0	0	0	0	0	0	0	20829,73	0	0	0	0	0	0	0	0	0	0	0	0	0	0	0	0	0	0	0	0	0	0	0	0	0	0	0	0	0	0	0	0	0	0	0	0	0	0	0	0	0	80,00	0	20749,73	0	0	0	0	0	0	20829,73	20829,73	0	0	0	0	0	0	0	0	0	0	0	0	0	0	0	0	0	0	0	0	0	0	0	0	0	0	0	0	0	0	0	0	0	0	0	0	0	0	0	0	0	0	0	0	0	0	0	0	0	0	0	0	0	0	0	0	0	0	0	0	0	0	0	0	0	0	0	0	0	0	0	0	0	0	0	0	0	0	0	0	0	0	0	0	0	0	0	0	0	0	0	0	0	0	0	0	0	0	0	0	0	0	0	0	0	0	0	0	0	0	0	0	0	0	0	
2002	42101	0990730148001	INMOBILIARIA COREMARI SA	L	ACTIVIDADES INMOBILIARIAS.	L6810.01	0	0	0	0	0	0	0	0	0	0	0	0	0	0	0	0	0	0	0	0	0	0	0	0	0	0	0	0	0	0	0	0	0	0	0	60,00	0	60,00	0	0	0	0	0	0	0	0	0	0	0	0	0	0	0	0	0	0	0	60,00	0	0	0	0	0	0	0	0	0	0	0	0	0	0	0	0	0	0	0	0	0	0	0	0	0	0	0	0	0	0	0	0	0	0	0	0	0	0	0	0	0	60,00	0	0	0	0	0	0	0	0	60,00	60,00	0	0	0	0	0	0	0	0	0	0	0	0	0	0	0	0	0	0	0	0	0	0	0	0	0	0	0	0	0	0	0	0	0	0	0	0	0	0	0	0	0	0	0	0	0	0	0	0	0	0	0	0	0	0	0	0	0	0	0	0	0	0	0	0	0	0	0	0	0	0	0	0	0	0	0	0	0	0	0	0	0	0	0	0	0	0	0	0	0	0	0	0	0	0	0	0	0	0	0	0	0	0	0	0	0	0	0	0	0	0	0	0	0	0	0	
2002	42443	0990753318001	CONSTRUCTORA MACADAM SA	F	CONSTRUCCIÓN.	F4100.10	0	0	0	0	0	200,00	0	0	0	0	0	0	0	0	0	0	0	0	0	0	0	0	0	0	0	0	200,00	0	0	0	0	0	0	0	0	0	0	0	0	0	0	0	0	0	0	0	0	0	0	0	0	0	0	0	0	0	0	200,00	0	0	0	0	0	0	0	0	0	0	0	0	0	0	0	0	0	0	0	0	0	0	0	0	0	0	0	0	0	0	0	0	0	0	0	0	0	0	0	0	0	200,00	0	0	0	0	0	0	0	0	200,00	200,00	0	0	0	0	0	0	0	0	0	0	0	0	0	0	0	0	0	0	0	0	0	0	0	0	0	0	0	0	0	0	0	0	0	0	0	0	0	0	0	0	0	0	0	0	0	0	0	0	0	0	0	0	0	0	0	0	0	0	0	0	0	0	0	0	0	0	0	0	0	0	0	0	0	0	0	0	0	0	0	0	0	0	0	0	0	0	0	0	0	0	0	0	0	0	0	0	0	0	0	0	0	0	0	0	0	0	0	0	0	0	0	0	0	0	0	
2002	42549	0990766827001	BOOM SA	L	ACTIVIDADES INMOBILIARIAS.	L6810.01	0	0	0	0	0	400,00	0	0	0	0	0	0	0	0	0	0	0	0	0	0	0	0	0	0	0	0	400,00	0	0	0	0	0	0	0	0	0	0	0	0	0	0	0	0	0	0	0	0	0	0	0	0	0	0	0	0	0	0	400,00	0	0	0	0	0	0	0	0	0	0	0	0	0	0	0	0	0	0	0	0	0	0	0	0	0	0	0	0	0	0	0	0	0	0	0	0	0	0	0	0	0	400,00	0	0	0	0	0	0	0	0	400,00	400,00	0	0	0	0	0	0	0	0	0	0	0	0	0	0	0	0	0	0	0	0	0	0	0	0	0	0	0	0	0	0	0	0	0	0	0	0	0	0	0	0	0	0	0	0	0	0	0	0	0	0	0	0	0	0	0	0	0	0	0	0	0	0	0	0	0	0	0	0	0	0	0	0	0	0	0	0	0	0	0	0	0	0	0	0	0	0	0	0	0	0	0	0	0	0	0	0	0	0	0	0	0	0	0	0	0	0	0	0	0	0	0	0	0	0	0	
2002	42656	0990768013001	CONSTRUCTORA ULISES CONTRULISES S.A	F	CONSTRUCCIÓN.	F4100.10	0	0	0	0	0	480,00	0	0	0	0	0	0	0	0	0	0	0	0	0	0	0	0	0	0	0	0	480,00	0	0	0	0	0	0	0	0	0	0	0	0	0	0	0	0	0	0	0	0	0	0	0	0	0	0	0	0	0	0	480,00	0	0	0	0	0	0	0	0	0	0	0	0	0	0	0	0	0	0	0	0	0	0	0	0	0	0	0	0	0	0	0	0	0	0	0	0	0	0	0	0	0	480,00	0	0	0	0	0	0	0	0	480,00	480,00	0	0	0	0	0	0	0	0	0	0	0	0	0	0	0	0	0	0	0	0	0	0	0	0	0	0	0	0	0	0	0	0	0	0	0	0	0	0	0	0	0	0	0	0	0	0	0	0	0	0	0	0	0	0	0	0	0	0	0	0	0	0	0	0	0	0	0	0	0	0	0	0	0	0	0	0	0	0	0	0	0	0	0	0	0	0	0	0	0	0	0	0	0	0	0	0	0	0	0	0	0	0	0	0	0	0	0	0	0	0	0	0	0	0	0	
2002	42670	0990588384001	PREDIAL MARIA DEL CARMEN SA	L	ACTIVIDADES INMOBILIARIAS.	L6810.01	0	0	0	0	0	40,00	0	0	0	0	0	0	0	0	0	0	0	0	0	0	0	0	0	0	0	0	40,00	0	0	0	0	0	0	0	0	0	0	0	0	0	0	0	0	0	0	0	0	0	0	0	0	0	0	0	0	0	0	40,00	0	0	0	0	0	0	0	0	0	0	0	0	0	0	0	0	0	0	0	0	0	0	0	0	0	0	0	0	0	0	0	0	0	0	0	0	0	0	0	0	0	40,00	0	0	0	0	0	0	0	0	40,00	40,00	0	0	0	0	0	0	0	0	0	0	0	0	0	0	0	0	0	0	0	0	0	0	0	0	0	0	0	0	0	0	0	0	0	0	0	0	0	0	0	0	0	0	0	0	0	0	0	0	0	0	0	0	0	0	0	0	0	0	0	0	0	0	0	0	0	0	0	0	0	0	0	0	0	0	0	0	0	0	0	0	0	0	0	0	0	0	0	0	0	0	0	0	0	0	0	0	0	0	0	0	0	0	0	0	0	0	0	0	0	0	0	0	0	0	0	
2002	42825	0990778698001	INMOBILIARIA TURMALINA SA	L	ACTIVIDADES INMOBILIARIAS.	L6810.01	0	0	0	0	0	800,00	0	0	0	0	0	0	0	0	0	0	0	0	0	0	0	0	0	0	0	0	800,00	0	0	0	0	0	0	0	0	0	0	0	0	0	0	0	0	0	0	0	0	0	0	0	0	0	0	0	0	0	0	800,00	0	0	0	0	0	0	0	0	0	0	0	0	0	0	0	0	0	0	0	0	0	0	0	0	0	0	0	0	0	0	0	0	0	0	0	0	0	0	0	0	0	800,00	0	0	0	0	0	0	0	0	800,00	800,00	0	0	0	0	0	0	0	0	0	0	0	0	0	0	0	0	0	0	0	0	0	0	0	0	0	0	0	0	0	0	0	0	0	0	0	0	0	0	0	0	0	0	0	0	0	0	0	0	0	0	0	0	0	0	0	0	0	0	0	0	0	0	0	0	0	0	0	0	0	0	0	0	0	0	0	0	0	0	0	0	0	0	0	0	0	0	0	0	0	0	0	0	0	0	0	0	0	0	0	0	0	0	0	0	0	0	0	0	0	0	0	0	0	0	0	
2002	42886	0990873100001	INMOBILIARIA JACPAO SA	G	COMERCIO AL POR MAYOR Y AL POR MENOR REPARACIÓN DE VEHÍCULOS AUTOMOTORES Y MOTOCICLETAS.	G4690.00	0	0	0	0	0	732,86	0	0	0	0	0	0	0	0	0	0	0	0	0	0	0	0	0	0	0	0	732,86	1913,01	0	0	0	0	0	0	-205,26	0	0	1707,75	0	0	0	0	0	0	0	0	0	0	0	0	0	0	0	0	0	0	0	2440,61	0	0	0	0	0	0	0	0	0	0	0	0	0	0	0	0	0	0	0	0	0	0	0	0	0	0	0	0	0	0	0	0	0	0	0	0	0	0	0	0	0	800,00	0	0	3,17	1705,94	3,50	-54,00	0	-18,00	2440,61	2440,61	0	0	0	0	0	0	0	0	0	0	0	0	0	0	0	0	0	0	0	0	0	0	0	0	0	0	0	0	0	0	0	0	0	0	0	0	0	0	0	0	0	0	0	0	0	0	0	0	0	0	0	0	0	0	0	0	0	0	0	0	0	0	0	0	0	0	0	0	0	0	0	0	0	0	0	0	0	0	0	0	0	0	0	0	0	0	0	0	0	0	0	0	0	18,00	0	0	0	0	0	0	0	0	0	0	0	0	18,00	0	18,00	0	-18,00	0	-18,00	0	-18,00	
2002	42907	0990778736001	PREDIAL BURGUESA SA	L	ACTIVIDADES INMOBILIARIAS.	L6810.01	0	0	0	0	0	20,00	0	0	0	0	0	0	0	0	0	0	0	0	0	0	0	0	0	0	0	0	20,00	1980,00	0	0	0	0	0	0	0	0	0	1980,00	0	0	0	0	0	0	0	0	0	0	0	0	0	0	0	0	0	0	0	2000,00	0	0	0	0	0	0	0	0	0	0	0	0	0	0	0	0	0	0	0	0	0	0	0	0	0	0	0	0	0	0	0	0	0	0	0	0	0	0	0	0	0	20,00	0	1980,00	0	0	0	0	0	0	2000,00	2000,00	0	0	0	0	0	0	0	0	0	0	0	0	0	0	0	0	0	0	0	0	0	0	0	0	0	0	0	0	0	0	0	0	0	0	0	0	0	0	0	0	0	0	0	0	0	0	0	0	0	0	0	0	0	0	0	0	0	0	0	0	0	0	0	0	0	0	0	0	0	0	0	0	0	0	0	0	0	0	0	0	0	0	0	0	0	0	0	0	0	0	0	0	0	0	0	0	0	0	0	0	0	0	0	0	0	0	0	0	0	0	0	0	0	0	0	
2002	43028	0990789894001	AGRICOLA QUILICHAO SA	A	AGRICULTURA, GANADERÍA,  SILVICULTURA Y PESCA.	A0150.00	0	0	0	0	0	0	0	0	0	0	0	200,00	0	0	0	0	0	0	0	0	0	0	0	0	0	0	200,00	0	0	0	0	0	0	0	0	0	0	0	0	0	0	0	0	0	0	0	0	0	0	0	0	0	0	0	0	0	0	200,00	0	0	0	0	0	0	0	0	0	0	0	0	0	0	0	0	0	0	0	0	0	0	0	0	0	0	0	0	0	0	0	0	0	0	0	0	0	0	0	0	0	200,00	0	294,20	,66	2236,21	0	-2531,07	0	0	200,00	200,00	0	0	0	0	0	0	0	0	0	0	0	0	0	0	0	0	0	0	0	0	0	0	0	0	0	0	0	0	0	0	0	0	0	0	0	0	0	0	0	0	0	0	0	0	0	0	0	0	0	0	0	0	0	0	0	0	0	0	0	0	0	0	0	0	0	0	0	0	0	0	0	0	0	0	0	0	0	0	0	0	0	0	0	0	0	0	0	0	0	0	0	0	0	0	0	0	0	0	0	0	0	0	0	0	0	0	0	0	0	0	0	0	0	0	0	
2002	43722	0990757259001	TRANSACCIONES MATRE S.A.(TRANMATRESA)	L	ACTIVIDADES INMOBILIARIAS.	L6810.01	0	0	0	0	0	26,09	0	0	0	0	0	0	0	0	0	0	0	0	0	0	0	0	0	0	0	0	26,09	0	0	0	3,51	0	0	0	-328,87	2873,35	0	2547,99	0	54,99	0	0	-2,85	52,14	0	0	0	0	0	0	0	0	0	0	0	0	0	2626,22	0	0	0	0	0	0	0	0	0	0	0	0	0	0	0	0	0	0	0	0	0	0	0	0	0	0	0	0	0	0	0	0	0	0	0	0	0	0	0	0	0	136,00	0	0	0	2490,22	0	0	0	0	2626,22	2626,22	0	0	0	0	0	0	0	0	0	0	0	0	0	0	0	0	0	0	0	0	0	0	0	0	0	0	0	0	0	0	0	0	0	0	0	0	0	0	0	0	0	0	0	0	0	0	0	0	0	0	0	0	0	0	0	0	0	0	0	0	0	0	0	0	0	0	0	0	0	0	0	0	0	0	0	0	0	0	0	0	0	0	0	0	0	0	0	0	0	0	0	0	0	0	0	0	0	0	0	0	0	0	0	0	0	0	0	0	0	0	0	0	0	0	0	
2002	43848	0990822921001	INMOBILIARIA PROCERES DEL ECUADOR SOCIEDAD ANONIMA	L	ACTIVIDADES INMOBILIARIAS.	L6810.01	0	0	0	0	0	245,38	0	0	0	0	0	0	0	400,20	0	0	0	0	0	0	0	0	0	0	0	0	645,58	9035,66	0	0	263,93	0	0	0	-1510,97	0	0	7788,62	0	0	0	0	0	0	0	0	0	0	0	0	0	0	0	0	0	0	0	8434,20	0	0	0	0	0	0	0	0	732,91	0	0	0	0	0	0	0	0	0	732,91	0	0	0	0	0	0	0	0	0	0	0	0	0	0	0	0	0	0	0	0	0	732,91	200,00	0	4770,39	91,60	2549,71	67,77	0	21,82	0	7701,29	8434,20	500,00	0	0	0	0	0	0	0	0	0	0	0	0	0	500,00	0	0	0	0	0	0	0	0	0	0	0	0	0	0	0	0	0	0	0	0	0	0	0	0	0	0	0	0	0	0	0	0	0	0	0	0	0	0	0	0	0	0	0	0	0	0	0	0	0	0	0	0	0	0	0	0	0	0	0	0	0	0	0	0	0	0	0	0	0	0	0	0	0	0	0	0	0	0	478,18	0	0	0	0	0	0	0	0	0	0	0	0	478,18	0	478,18	21,82	0	0	21,82	0	21,82	
2002	44337	0990882320001	INMOBILIARIA Y MANDATO SAN GREGORIO S. A. INMAGRESA	L	ACTIVIDADES INMOBILIARIAS.	L6810.01	0	0	0	0	0	,35	0	0	0	0	0	0	0	0	0	0	0	0	0	0	0	0	0	0	0	0	,35	0	0	0	0	0	0	0	0	0	0	0	0	0	0	0	0	0	200,00	0	0	0	0	0	0	0	0	0	0	0	200,00	200,35	0	0	0	0	0	0	0	0	0	0	0	0	0	0	0	0	0	0	0	0	0	0	0	0	0	0	0	0	0	0	0	0	0	0	0	0	0	0	0	0	0	400,00	0	0	84,40	0	0	-284,05	0	0	200,35	200,35	0	0	0	0	0	0	0	0	0	0	0	0	0	0	0	0	0	0	0	0	0	0	0	0	0	0	0	0	0	0	0	0	0	0	0	0	0	0	0	0	0	0	0	0	0	0	0	0	0	0	0	0	0	0	0	0	0	0	0	0	0	0	0	0	0	0	0	0	0	0	0	0	0	0	0	0	0	0	0	0	0	0	0	0	0	0	0	0	0	0	0	0	0	0	0	0	0	0	0	0	0	0	0	0	0	0	0	0	0	0	0	0	0	0	0	
2002	44384	0990860491001	EXPORTADORA DEL OCEANO PACIFICO OCEANPAC S. A.	A	AGRICULTURA, GANADERÍA,  SILVICULTURA Y PESCA.	A0311.01	0	0	0	0	0	300,00	0	0	0	0	0	0	0	143606,00	0	0	0	0	0	0	45678,00	0	0	0	0	0	189584,00	1378526,00	0	676658,00	0	0	140778,00	571,00	-926844,00	336196,00	0	1605885,00	0	0	0	0	0	0	0	0	0	0	0	0	0	0	0	0	0	31035,00	31035,00	1826504,00	0	0	80245,00	0	0	0	83034,00	0	0	0	0	0	0	0	0	0	0	29167,00	192446,00	0	0	0	0	5198831,00	0	0	0	0	0	0	0	0	0	0	0	0	440231,00	5639062,00	0	0	5831508,00	12500,00	0	1238375,00	-3768707,00	169,00	0	-1487341,00	0	0	-4005004,00	1826504,00	0	0	0	0	0	0	0	0	0	0	0	0	0	0	0	0	0	0	0	0	0	0	0	0	0	0	0	0	0	0	0	0	0	0	0	0	0	0	0	0	0	0	0	0	0	0	0	0	0	0	0	0	0	0	0	0	0	0	0	0	0	0	0	0	0	0	0	0	0	0	0	0	0	0	0	0	0	0	0	0	0	0	0	0	0	0	0	0	0	0	0	0	0	0	0	0	0	0	0	0	0	0	0	0	0	0	0	0	0	0	0	0	0	0	0	
2002	44607	0990873151001	INMOBILIARIA DEDALOSA S. A.	L	ACTIVIDADES INMOBILIARIAS.	L6810.01	0	0	0	0	0	103,68	0	0	0	0	0	0	0	0	0	0	0	0	0	0	0	0	0	0	0	0	103,68	0	0	0	195,77	0	0	0	0	0	0	195,77	0	0	0	0	0	0	0	0	0	0	0	0	0	0	0	0	0	0	0	299,45	0	0	0	0	0	0	0	0	0	0	0	0	0	0	0	0	0	0	0	0	0	0	0	0	0	0	0	0	0	0	0	0	0	0	0	0	0	0	0	0	0	200,00	0	0	0	124,69	0	-25,24	0	0	299,45	299,45	0	0	0	0	0	0	0	0	0	0	0	0	0	0	0	0	0	0	0	0	0	0	0	0	0	0	0	0	0	0	0	0	0	0	0	0	0	0	0	0	0	0	0	0	0	0	0	0	0	0	0	0	0	0	0	0	0	0	0	0	0	0	0	0	0	0	0	0	0	0	0	0	0	0	0	0	0	0	0	0	0	0	0	0	0	0	0	0	0	0	0	0	0	0	0	0	0	0	0	0	0	0	0	0	0	0	0	0	0	0	0	0	0	0	0	
2002	44972	0990889511001	ROYI S.A.	M	ACTIVIDADES PROFESIONALES, CIENTÍFICAS Y TÉCNICAS.	M7020.04	0	0	0	0	0	200,00	0	0	0	0	0	0	0	0	0	0	0	0	0	0	0	0	0	0	0	0	200,00	0	0	0	0	0	0	0	0	0	0	0	0	0	0	0	0	0	0	0	0	0	0	0	0	0	0	0	0	0	0	200,00	0	0	0	0	0	0	0	0	0	0	0	0	0	0	0	0	0	0	0	0	0	0	0	0	0	0	0	0	0	0	0	0	0	0	0	0	0	0	0	0	0	200,00	0	0	0	0	0	0	0	0	200,00	200,00	0	0	0	0	0	0	0	0	0	0	0	0	0	0	0	0	0	0	0	0	0	0	0	0	0	0	0	0	0	0	0	0	0	0	0	0	0	0	0	0	0	0	0	0	0	0	0	0	0	0	0	0	0	0	0	0	0	0	0	0	0	0	0	0	0	0	0	0	0	0	0	0	0	0	0	0	0	0	0	0	0	0	0	0	0	0	0	0	0	0	0	0	0	0	0	0	0	0	0	0	0	0	0	0	0	0	0	0	0	0	0	0	0	0	0	
2002	45223	1790674525001	COMPANIA AGRICOLA SALGANA SA	A	AGRICULTURA, GANADERÍA,  SILVICULTURA Y PESCA.	A0161.01	0	0	0	0	0	2149,72	0	1382,82	0	0	0	2928,80	0	0	0	0	0	0	0	0	1598,02	0	0	0	0	0	8059,36	8582,97	0	0	32990,50	0	0	21856,56	-42373,09	15903,31	0	36960,25	0	0	0	0	0	0	0	0	0	0	0	0	0	0	0	0	0	0	0	45019,61	0	0	620,50	0	0	0	0	0	0	0	29643,60	0	0	0	0	0	0	0	30264,10	133,50	0	0	0	0	0	0	0	0	0	0	0	0	0	0	0	0	0	133,50	0	0	30397,60	200,00	0	178,80	,53	13814,78	208,13	0	219,77	0	14622,01	45019,61	0	21278,64	0	0	0	0	0	0	0	0	0	0	0	0	21278,64	0	3362,50	0	0	0	0	7808,51	0	0	0	0	0	0	625,00	420,00	0	0	0	0	0	1391,00	0	0	0	0	3005,06	0	278,03	496,34	0	0	181,24	0	0	0	0	0	0	0	0	0	0	0	0	0	0	0	0	0	0	0	0	0	0	0	0	0	0	0	0	0	0	0	0	0	0	0	0	0	0	0	0	0	719,82	0	0	0	0	0	0	0	0	0	0	280,24	0	0	0	1895,04	596,09	0	17435,62	3623,25	21058,87	219,77	0	-32,97	186,80	-46,70	140,10	
2002	45585	1390094767001	PESQUERA RIO CANA S.A.	A	AGRICULTURA, GANADERÍA,  SILVICULTURA Y PESCA.	A0311.01	0	0	0	0	0	240,00	0	0	0	0	0	0	0	0	0	0	0	0	0	0	0	0	0	0	0	0	240,00	0	0	0	0	0	0	0	0	2400,00	0	2400,00	0	0	0	0	0	0	0	0	0	0	0	0	0	0	0	0	0	0	0	2640,00	0	0	0	0	0	0	0	0	0	0	0	0	0	0	0	0	0	0	0	0	0	0	0	0	0	0	0	0	0	0	0	0	0	0	0	0	0	0	0	0	0	240,00	0	2400,00	0	0	0	0	0	0	2640,00	2640,00	0	0	0	0	0	0	0	0	0	0	0	0	0	0	0	0	0	0	0	0	0	0	0	0	0	0	0	0	0	0	0	0	0	0	0	0	0	0	0	0	0	0	0	0	0	0	0	0	0	0	0	0	0	0	0	0	0	0	0	0	0	0	0	0	0	0	0	0	0	0	0	0	0	0	0	0	0	0	0	0	0	0	0	0	0	0	0	0	0	0	0	0	0	0	0	0	0	0	0	0	0	0	0	0	0	0	0	0	0	0	0	0	0	0	0	
2002	45740	1790784703001	GRUPO JARAMILLO CALERO SA	L	ACTIVIDADES INMOBILIARIAS.	L6810.01	0	0	0	0	0	0	0	0	0	0	0	0	0	0	0	0	0	0	0	0	0	0	0	0	0	0	0	0	0	0	0	0	0	0	0	80,00	0	80,00	0	0	0	0	0	0	0	0	0	0	0	0	0	0	0	0	0	0	0	80,00	0	0	0	0	0	0	0	0	0	0	0	0	0	0	0	0	0	0	0	0	0	0	0	0	0	0	0	0	0	0	0	0	0	0	0	0	0	0	0	0	0	80,00	0	0	0	0	0	0	0	0	80,00	80,00	0	0	0	0	0	0	0	0	0	0	0	0	0	0	0	0	0	0	0	0	0	0	0	0	0	0	0	0	0	0	0	0	0	0	0	0	0	0	0	0	0	0	0	0	0	0	0	0	0	0	0	0	0	0	0	0	0	0	0	0	0	0	0	0	0	0	0	0	0	0	0	0	0	0	0	0	0	0	0	0	0	0	0	0	0	0	0	0	0	0	0	0	0	0	0	0	0	0	0	0	0	0	0	0	0	0	0	0	0	0	0	0	0	0	0	
2002	45837	1790809374001	INMOBILIARIA RUBIO LOZADA INMORULSA SOCIEDAD ANONIMA	L	ACTIVIDADES INMOBILIARIAS.	L6810.01	0	0	0	0	0	480,16	0	0	0	0	0	0	0	0	0	0	0	0	0	0	0	0	0	0	0	0	480,16	0	0	0	0	0	0	0	0	0	0	0	0	0	0	0	0	0	0	0	0	0	0	0	0	0	0	0	0	0	0	480,16	0	0	0	0	0	0	0	0	0	0	0	0	0	0	0	0	0	0	0	0	0	0	0	0	0	0	0	0	0	0	0	0	0	0	0	0	0	0	0	0	0	480,16	0	0	0	0	0	0	0	0	480,16	480,16	0	0	0	0	0	0	0	0	0	0	0	0	0	0	0	0	0	0	0	0	0	0	0	0	0	0	0	0	0	0	0	0	0	0	0	0	0	0	0	0	0	0	0	0	0	0	0	0	0	0	0	0	0	0	0	0	0	0	0	0	0	0	0	0	0	0	0	0	0	0	0	0	0	0	0	0	0	0	0	0	0	0	0	0	0	0	0	0	0	0	0	0	0	0	0	0	0	0	0	0	0	0	0	0	0	0	0	0	0	0	0	0	0	0	0	
2002	46152	1790877310001	EMPRESA MINERA ORIENTAL DEL ORO DONG FANG XIN JIN S.A. EMOOSA	B	EXPLOTACIÓN DE MINAS Y CANTERAS.	B0510.00	0	0	0	0	0	76,43	0	0	0	72,00	0	0	0	0	0	0	0	0	0	0	0	0	0	0	0	0	148,43	0	0	0	0	0	0	0	0	0	0	0	0	0	432577,19	16485,10	-18341,79	430720,50	15189,56	0	0	0	0	0	0	0	0	0	0	0	15189,56	446058,49	0	0	1959,20	0	0	0	0	0	0	0	43622,57	0	0	0	0	0	0	0	45581,77	0	0	0	0	0	0	0	0	0	0	0	0	0	0	0	0	0	0	0	0	0	45581,77	400000,00	0	287,41	0	302475,46	0	-302286,15	0	0	400476,72	446058,49	0	0	0	0	0	0	0	0	0	0	0	0	0	0	0	0	0	0	0	0	0	0	0	0	0	0	0	0	0	0	0	0	0	0	0	0	0	0	0	0	0	0	0	0	0	0	0	0	0	0	0	0	0	0	0	0	0	0	0	0	0	0	0	0	0	0	0	0	0	0	0	0	0	0	0	0	0	0	0	0	0	0	0	0	0	0	0	0	0	0	0	0	0	0	0	0	0	0	0	0	0	0	0	0	0	0	0	0	0	0	0	0	0	0	0	
2002	46288	1791239075001	COMPANIA BURMA S.A.	L	ACTIVIDADES INMOBILIARIAS.	L6810.01	0	0	0	0	0	0	0	0	0	0	0	0	0	0	0	0	0	0	0	0	0	0	0	0	0	0	0	1600,65	0	0	0	0	0	0	-227,08	0	0	1373,57	0	0	0	0	0	0	0	0	0	0	0	0	0	0	0	0	0	0	0	1373,57	0	0	0	0	0	0	0	0	55,62	0	0	0	0	0	0	0	0	0	55,62	0	0	0	0	0	0	384,03	0	0	0	0	0	0	0	0	0	0	0	384,03	0	0	439,65	80,00	0	0	0	853,92	0	0	0	0	933,92	1373,57	0	0	0	0	0	0	0	0	0	0	0	0	0	0	0	0	0	0	0	0	0	0	0	0	0	0	0	0	0	0	0	0	0	0	0	0	0	0	0	0	0	0	0	0	0	0	0	0	0	0	0	0	0	0	0	0	0	0	0	0	0	0	0	0	0	0	0	0	0	0	0	0	0	0	0	0	0	0	0	0	0	0	0	0	0	0	0	0	0	0	0	0	0	0	0	0	0	0	0	0	0	0	0	0	0	0	0	0	0	0	0	0	0	0	0	
2002	48492	1791273680001	PARKENOR S.A.	L	ACTIVIDADES INMOBILIARIAS.	L6810.01	0	0	0	0	0	200,00	0	0	0	0	0	0	0	0	0	0	0	0	0	0	0	0	0	0	0	0	200,00	0	0	0	0	0	0	0	0	0	0	0	0	0	0	0	0	0	0	0	0	0	0	0	0	0	0	0	0	0	0	200,00	0	0	0	0	0	0	0	0	0	0	0	0	0	0	0	0	0	0	0	0	0	0	0	0	0	0	0	0	0	0	0	0	0	0	0	0	0	0	0	0	0	200,00	0	0	0	0	0	0	0	0	200,00	200,00	0	0	0	0	0	0	0	0	0	0	0	0	0	0	0	0	0	0	0	0	0	0	0	0	0	0	0	0	0	0	0	0	0	0	0	0	0	0	0	0	0	0	0	0	0	0	0	0	0	0	0	0	0	0	0	0	0	0	0	0	0	0	0	0	0	0	0	0	0	0	0	0	0	0	0	0	0	0	0	0	0	0	0	0	0	0	0	0	0	0	0	0	0	0	0	0	0	0	0	0	0	0	0	0	0	0	0	0	0	0	0	0	0	0	0	
2002	48656	1791279859001	INMOBILIARIA JARDINES TROPICALES INMOJARTRO S.A.	L	ACTIVIDADES INMOBILIARIAS.	L6810.03	0	0	0	0	0	0	0	0	0	0	0	0	0	0	0	0	0	0	0	0	0	0	0	0	0	0	0	0	0	0	0	0	0	0	0	2267,25	0	2267,25	0	0	0	0	0	0	0	0	0	0	0	0	0	0	0	0	0	0	0	2267,25	0	0	0	0	0	0	0	0	0	0	0	0	0	0	0	0	0	0	0	0	0	0	0	0	0	0	0	0	0	0	0	0	0	0	0	0	0	0	0	0	0	320,00	0	0	1947,25	0	0	0	0	0	2267,25	2267,25	0	0	0	0	0	0	0	0	0	0	0	0	0	0	0	0	0	0	0	0	0	0	0	0	0	0	0	0	0	0	0	0	0	0	0	0	0	0	0	0	0	0	0	0	0	0	0	0	0	0	0	0	0	0	0	0	0	0	0	0	0	0	0	0	0	0	0	0	0	0	0	0	0	0	0	0	0	0	0	0	0	0	0	0	0	0	0	0	0	0	0	0	0	0	0	0	0	0	0	0	0	0	0	0	0	0	0	0	0	0	0	0	0	0	0	
2002	49044	1791292545001	TRIPETROL HOLDINGS INC	B	EXPLOTACIÓN DE MINAS Y CANTERAS.	B0610.00	0	0	0	0	0	359,58	0	0	0	0	0	0	0	0	53666,89	0	0	0	0	0	0	0	0	0	0	0	54026,47	0	0	0	0	0	0	0	0	0	0	0	0	0	0	0	0	0	0	0	0	0	0	0	0	0	0	0	0	0	0	54026,47	2333,66	0	0	0	0	0	0	0	0	7678,07	0	0	16042,38	0	0	0	0	25972,36	52026,47	0	0	0	0	0	0	0	0	0	0	0	0	0	0	0	0	0	0	0	0	0	52026,47	2000,00	0	0	0	0	0	0	0	0	2000,00	54026,47	0	0	0	0	0	0	0	0	0	0	0	0	0	0	0	0	0	0	0	0	0	0	0	0	0	0	0	0	0	0	0	0	0	0	0	0	0	0	0	0	0	0	0	0	0	0	0	0	0	0	0	0	0	0	0	0	0	0	0	0	0	0	0	0	0	0	0	0	0	0	0	0	0	0	0	0	0	0	0	0	0	0	0	0	0	0	0	0	0	0	0	0	0	0	0	0	0	0	0	0	0	0	0	0	0	0	0	0	0	0	0	0	0	0	0	
2002	55158	0990905746001	ALSERCON S.A	L	ACTIVIDADES INMOBILIARIAS.	L6810.01	0	0	0	0	0	200,00	0	0	0	0	0	0	0	0	0	0	0	0	0	0	0	0	0	0	0	0	200,00	0	0	0	0	0	0	0	0	0	0	0	130,00	0	0	0	0	130,00	0	0	0	0	0	0	0	0	0	0	0	0	0	330,00	180,00	0	0	0	0	0	0	0	0	0	0	0	0	0	0	0	0	70,00	250,00	0	0	0	0	0	0	0	0	0	0	0	0	0	0	0	0	0	0	0	0	0	250,00	80,00	0	0	0	0	0	0	0	0	80,00	330,00	0	0	0	0	0	0	0	0	0	0	0	0	0	0	0	0	0	0	0	0	0	0	0	0	0	0	0	0	0	0	0	0	0	0	0	0	0	0	0	0	0	0	0	0	0	0	0	0	0	0	0	0	0	0	0	0	0	0	0	0	0	0	0	0	0	0	0	0	0	0	0	0	0	0	0	0	0	0	0	0	0	0	0	0	0	0	0	0	0	0	0	0	0	0	0	0	0	0	0	0	0	0	0	0	0	0	0	0	0	0	0	0	0	0	0	
2002	55300	0990915741001	SOAGINCO S.A	G	COMERCIO AL POR MAYOR Y AL POR MENOR REPARACIÓN DE VEHÍCULOS AUTOMOTORES Y MOTOCICLETAS.	G4530.00	0	0	0	0	0	600,00	0	0	0	0	0	0	0	0	0	0	0	0	0	0	0	0	0	0	0	0	600,00	0	0	0	0	0	0	0	0	0	0	0	0	0	0	0	0	0	0	0	0	0	0	0	0	0	0	0	0	0	0	600,00	0	0	0	0	0	0	0	0	0	0	0	0	0	0	0	0	0	0	0	0	0	0	0	0	0	0	0	0	0	0	0	0	0	0	0	0	0	0	0	0	0	600,00	0	0	0	0	0	0	0	0	600,00	600,00	0	0	0	0	0	0	0	0	0	0	0	0	0	0	0	0	0	0	0	0	0	0	0	0	0	0	0	0	0	0	0	0	0	0	0	0	0	0	0	0	0	0	0	0	0	0	0	0	0	0	0	0	0	0	0	0	0	0	0	0	0	0	0	0	0	0	0	0	0	0	0	0	0	0	0	0	0	0	0	0	0	0	0	0	0	0	0	0	0	0	0	0	0	0	0	0	0	0	0	0	0	0	0	0	0	0	0	0	0	0	0	0	0	0	0	
2002	55758	0990943877001	GLADYCORP S.A.	G	COMERCIO AL POR MAYOR Y AL POR MENOR REPARACIÓN DE VEHÍCULOS AUTOMOTORES Y MOTOCICLETAS.	G4630.11	0	0	0	0	0	80,00	0	0	0	0	0	0	0	0	0	0	0	0	0	0	0	0	0	0	0	0	80,00	4860,55	0	0	0	0	0	0	0	0	0	4860,55	0	0	0	0	0	0	0	0	0	0	0	0	0	0	0	0	0	0	0	4940,55	0	0	0	0	0	0	0	0	0	0	0	0	0	0	0	0	0	0	0	0	0	0	0	0	0	4860,55	0	0	0	0	0	0	0	0	0	0	0	4860,55	0	0	4860,55	80,00	0	0	0	0	0	0	0	0	80,00	4940,55	0	0	0	0	0	0	0	0	0	0	0	0	0	0	0	0	0	0	0	0	0	0	0	0	0	0	0	0	0	0	0	0	0	0	0	0	0	0	0	0	0	0	0	0	0	0	0	0	0	0	0	0	0	0	0	0	0	0	0	0	0	0	0	0	0	0	0	0	0	0	0	0	0	0	0	0	0	0	0	0	0	0	0	0	0	0	0	0	0	0	0	0	0	0	0	0	0	0	0	0	0	0	0	0	0	0	0	0	0	0	0	0	0	0	0	
2002	55761	0990947767001	OMNISA S.A.	G	COMERCIO AL POR MAYOR Y AL POR MENOR REPARACIÓN DE VEHÍCULOS AUTOMOTORES Y MOTOCICLETAS.	G4663.21	0	0	0	0	0	126,44	0	50,62	0	0	0	0	0	0	0	0	0	0	0	0	0	0	0	0	0	0	177,06	0	0	0	2554,48	0	0	0	-373,55	0	0	2180,93	0	0	0	0	0	0	0	0	0	0	0	0	0	0	0	0	0	0	0	2357,99	0	0	0	0	0	0	0	0	0	0	0	0	0	0	0	0	0	0	0	0	0	0	0	0	0	0	0	0	0	0	0	0	0	0	0	0	0	0	0	0	0	200,00	0	247,32	389,04	1557,88	0	-36,25	0	0	2357,99	2357,99	0	0	0	0	0	0	0	0	0	0	0	0	0	0	0	0	0	0	0	0	0	0	0	0	0	0	0	0	0	0	0	0	0	0	0	0	0	0	0	0	0	0	0	0	0	0	0	0	0	0	0	0	0	0	0	0	0	0	0	0	0	0	0	0	0	0	0	0	0	0	0	0	0	0	0	0	0	0	0	0	0	0	0	0	0	0	0	0	0	0	0	0	0	0	0	0	0	0	0	0	0	0	0	0	0	0	0	0	0	0	0	0	0	0	0	
2002	56129	0990956081001	DEPROGRAM S.A.	G	COMERCIO AL POR MAYOR Y AL POR MENOR REPARACIÓN DE VEHÍCULOS AUTOMOTORES Y MOTOCICLETAS.	G4530.00	0	0	0	0	0	3,28	0	0	0	0	0	0	0	0	0	0	0	0	0	0	0	0	0	0	0	0	3,28	7108,62	0	0	0	0	0	0	-1891,07	0	0	5217,55	0	0	0	1283,63	0	1283,63	0	0	0	0	0	0	0	0	0	0	0	0	0	6504,46	2266,64	0	0	0	7,87	0	0	0	0	0	0	0	0	0	0	0	0	0	2274,51	0	0	0	0	0	0	0	0	0	0	0	0	0	0	0	0	0	0	0	0	0	2274,51	80,00	0	0	0	4149,95	0	0	0	0	4229,95	6504,46	0	0	0	0	0	0	0	0	0	0	0	0	0	0	0	0	0	0	0	0	0	0	0	0	0	0	0	0	0	0	0	0	0	0	0	0	0	0	0	0	0	0	0	0	0	0	0	0	0	0	0	0	0	0	0	0	0	0	0	0	0	0	0	0	0	0	0	0	0	0	0	0	0	0	0	0	0	0	0	0	0	0	0	0	0	0	0	0	0	0	0	0	0	0	0	0	0	0	0	0	0	0	0	0	0	0	0	0	0	0	0	0	0	0	0	
2002	56517	0990974578001	INMOBILIARIA PAOLA Y JAVIER S.A. (PAOLJAVIERSA)	L	ACTIVIDADES INMOBILIARIAS.	L6810.01	0	0	0	0	0	62,00	0	90,00	0	0	0	0	0	0	0	0	0	0	0	0	0	0	0	0	0	0	152,00	48,00	0	0	0	0	0	0	0	0	0	48,00	6,00	0	0	0	0	6,00	0	0	0	0	0	0	0	0	0	0	0	0	0	206,00	106,00	0	0	0	0	0	0	0	0	0	0	0	0	0	0	0	0	0	106,00	0	0	0	0	0	0	0	0	0	0	0	0	0	0	0	0	0	0	0	0	0	106,00	200,00	-100,00	0	0	0	0	0	0	0	100,00	206,00	0	0	0	0	0	0	0	0	0	0	0	0	0	0	0	0	0	0	0	0	0	0	0	0	0	0	0	0	0	0	0	0	0	0	0	0	0	0	0	0	0	0	0	0	0	0	0	0	0	0	0	0	0	0	0	0	0	0	0	0	0	0	0	0	0	0	0	0	0	0	0	0	0	0	0	0	0	0	0	0	0	0	0	0	0	0	0	0	0	0	0	0	0	0	0	0	0	0	0	0	0	0	0	0	0	0	0	0	0	0	0	0	0	0	0	
2002	56652	0990981736001	RONGASA S.A.	C	INDUSTRIAS MANUFACTURERAS.	C1020.05	0	0	0	0	0	0	0	0	0	0	0	0	0	0	0	0	0	0	0	0	0	0	0	0	0	0	0	0	0	0	0	0	0	0	0	0	0	0	0	0	0	0	0	0	3200,00	0	0	0	0	0	0	0	0	0	0	0	3200,00	3200,00	0	0	0	0	0	0	0	0	0	0	0	0	0	0	0	0	0	0	0	0	0	0	0	0	0	0	0	0	0	0	0	0	0	0	0	0	0	0	0	0	0	3200,00	0	0	0	0	0	0	0	0	3200,00	3200,00	0	0	0	0	0	0	0	0	0	0	0	0	0	0	0	0	0	0	0	0	0	0	0	0	0	0	0	0	0	0	0	0	0	0	0	0	0	0	0	0	0	0	0	0	0	0	0	0	0	0	0	0	0	0	0	0	0	0	0	0	0	0	0	0	0	0	0	0	0	0	0	0	0	0	0	0	0	0	0	0	0	0	0	0	0	0	0	0	0	0	0	0	0	0	0	0	0	0	0	0	0	0	0	0	0	0	0	0	0	0	0	0	0	0	0	
2002	56726	0990980403001	INMOBILIARIA TUTMOSIS S.A.	L	ACTIVIDADES INMOBILIARIAS.	L6810.01	0	0	0	0	0	0	0	0	0	0	0	0	0	0	0	0	0	0	0	0	0	0	0	0	0	0	0	64574,91	0	0	0	0	0	0	0	0	0	64574,91	0	0	0	0	0	0	0	0	0	0	0	0	0	0	0	0	0	0	0	64574,91	0	0	0	0	0	0	64494,91	0	0	0	0	0	0	0	0	0	0	0	64494,91	0	0	0	0	0	0	0	0	0	0	0	0	0	0	0	0	0	0	0	0	0	64494,91	80,00	0	0	0	0	0	0	0	0	80,00	64574,91	0	0	0	0	0	0	0	0	0	0	0	0	0	0	0	0	0	0	0	0	0	0	0	0	0	0	0	0	0	0	0	0	0	0	0	0	0	0	0	0	0	0	0	0	0	0	0	0	0	0	0	0	0	0	0	0	0	0	0	0	0	0	0	0	0	0	0	0	0	0	0	0	0	0	0	0	0	0	0	0	0	0	0	0	0	0	0	0	0	0	0	0	0	0	0	0	0	0	0	0	0	0	0	0	0	0	0	0	0	0	0	0	0	0	0	
2002	57020	0991005498001	DUQUECORP S.A.	A	AGRICULTURA, GANADERÍA,  SILVICULTURA Y PESCA.	A0150.00	0	0	0	0	0	0	0	0	0	0	0	0	0	0	1886,41	0	0	0	0	0	0	0	0	0	0	0	1886,41	0	0	0	0	0	0	0	0	0	0	0	0	0	0	0	0	0	0	0	0	0	0	0	0	0	0	0	0	0	0	1886,41	0	0	0	0	0	0	0	0	0	0	0	0	0	0	0	0	0	0	0	0	0	0	0	0	0	0	0	0	0	0	0	0	0	0	0	0	0	0	0	0	0	400,00	0	0	0	1545,83	0	-59,42	0	0	1886,41	1886,41	0	0	0	0	0	0	0	0	0	0	0	0	0	0	0	0	0	0	0	0	0	0	0	0	0	0	0	0	0	0	0	0	0	0	0	0	0	0	0	0	0	0	0	0	0	0	0	0	0	0	0	0	0	0	0	0	0	0	0	0	0	0	0	0	0	0	0	0	0	0	0	0	0	0	0	0	0	0	0	0	0	0	0	0	0	0	0	0	0	0	0	0	0	0	0	0	0	0	0	0	0	0	0	0	0	0	0	0	0	0	0	0	0	0	0	
2002	57233	0991017488001	INMOBILIARIA CACHAGUA C.A.	L	ACTIVIDADES INMOBILIARIAS.	L6810.01	0	0	0	0	0	828,84	0	0	0	0	0	0	0	0	0	0	0	0	0	0	0	0	0	0	0	0	828,84	0	0	171,47	0	0	0	547,55	-137,97	0	0	581,05	0	0	0	0	0	0	0	0	0	0	0	0	0	0	0	0	0	0	0	1409,89	113,35	0	0	0	0	0	0	0	0	0	0	0	0	0	0	0	0	0	113,35	0	0	0	0	0	0	0	0	0	0	0	0	0	0	0	0	0	0	0	0	0	113,35	200,00	0	0	10,64	1008,93	17,66	0	59,31	0	1296,54	1409,89	0	2640,00	0	0	0	0	0	0	0	0	0	0	0	0	2640,00	0	0	0	0	0	0	0	0	0	0	0	0	0	0	0	0	0	0	0	0	0	0	0	0	0	0	0	0	0	0	0	0	0	0	0	0	0	0	0	0	0	0	0	0	0	0	0	0	0	0	0	0	0	0	0	0	0	0	0	0	0	0	0	0	0	0	0	0	0	0	0	0	0	247,50	0	0	0	0	0	6,69	0	0	0	0	0	1039,50	0	1287,00	0	0	0	0	2580,69	2580,69	59,31	0	0	59,31	0	59,31	
2002	57775	0991028528001	INMOBILIARIA CIVIL MARTELOTO S.A.	L	ACTIVIDADES INMOBILIARIAS.	L6810.01	0	0	0	0	0	284,92	0	0	0	0	0	0	0	0	0	0	0	0	0	0	0	0	0	0	0	0	284,92	0	0	0	0	0	0	0	-1104,69	14686,70	0	13582,01	0	0	0	0	0	0	0	0	0	0	0	0	0	0	0	0	0	0	0	13866,93	0	0	0	0	0	0	0	0	0	0	0	0	0	0	0	0	0	0	0	0	0	0	0	0	0	0	0	0	0	0	0	0	0	0	0	0	0	0	0	0	0	458,00	0	0	0	13136,48	272,45	0	0	0	13866,93	13866,93	0	0	0	0	0	0	0	0	0	0	0	0	0	0	0	0	0	0	0	0	0	0	0	0	0	0	0	0	0	0	0	0	0	0	0	0	0	0	0	0	0	0	0	0	0	0	0	0	0	0	0	0	0	0	0	0	0	0	0	0	0	0	0	0	0	0	0	0	0	0	0	0	0	0	0	0	0	0	0	0	0	0	0	0	0	0	0	0	0	0	0	0	0	0	0	0	0	0	0	0	0	0	0	0	0	0	0	0	0	0	0	0	0	0	0	
2002	58512	0991290249001	INMOBILIARIA TRES VARONES S.A. (INTREVA)	L	ACTIVIDADES INMOBILIARIAS.	L6810.01	0	0	0	0	0	0	0	0	0	0	0	0	0	0	0	0	0	0	0	0	0	0	0	0	0	0	0	200,00	0	0	0	0	0	0	0	0	0	200,00	0	0	0	0	0	0	0	0	0	0	0	0	0	0	0	0	0	0	0	200,00	0	0	0	0	0	0	0	0	0	0	0	0	0	0	0	0	0	0	0	0	0	0	0	0	0	0	0	0	0	0	0	0	0	0	0	0	0	0	0	0	0	200,00	0	0	0	0	0	0	0	0	200,00	200,00	0	0	0	0	0	0	0	0	0	0	0	0	0	0	0	0	0	0	0	0	0	0	0	0	0	0	0	0	0	0	0	0	0	0	0	0	0	0	0	0	0	0	0	0	0	0	0	0	0	0	0	0	0	0	0	0	0	0	0	0	0	0	0	0	0	0	0	0	0	0	0	0	0	0	0	0	0	0	0	0	0	0	0	0	0	0	0	0	0	0	0	0	0	0	0	0	0	0	0	0	0	0	0	0	0	0	0	0	0	0	0	0	0	0	0	
2002	58554	0991079653001	BANASOMA S.A.	A	AGRICULTURA, GANADERÍA,  SILVICULTURA Y PESCA.	A0122.01	0	0	0	0	0	778,00	0	0	0	8005,02	0	53212,96	0	0	0	0	0	0	0	0	3551,40	6647,93	0	0	0	0	72195,31	68994,87	0	0	44287,72	12909,28	0	0	-74760,92	48865,67	0	100296,62	0	0	35684,70	342139,66	-123343,13	254481,23	0	0	212223,66	0	0	0	0	0	0	0	0	0	212223,66	639196,82	25370,71	0	0	0	92645,74	0	0	0	0	0	0	0	776,12	2322,85	0	0	4394,52	2410,32	127920,26	0	0	0	0	524728,65	0	0	0	0	0	0	0	0	0	0	0	0	0	524728,65	0	0	652648,91	3200,00	0	0	0	28981,64	0	-45633,73	0	0	-13452,09	639196,82	0	0	0	0	0	0	0	0	0	0	0	0	0	0	0	0	0	0	0	0	0	0	0	0	0	0	0	0	0	0	0	0	0	0	0	0	0	0	0	0	0	0	0	0	0	0	0	0	0	0	0	0	0	0	0	0	0	0	0	0	0	0	0	0	0	0	0	0	0	0	0	0	0	0	0	0	0	0	0	0	0	0	0	0	0	0	0	0	0	0	0	0	0	0	0	0	0	0	0	0	0	0	0	0	0	0	0	0	0	0	0	0	0	0	0	
2002	58873	0991096078001	MUNDIPHARMA S.A.	G	COMERCIO AL POR MAYOR Y AL POR MENOR REPARACIÓN DE VEHÍCULOS AUTOMOTORES Y MOTOCICLETAS.	G4690.00	0	0	0	0	0	200,00	0	0	0	0	0	0	0	0	0	0	0	0	0	0	0	0	0	0	0	0	200,00	0	0	0	0	0	0	0	0	298,30	0	298,30	0	126,92	0	0	0	126,92	0	0	0	0	0	0	0	0	0	0	0	0	0	625,22	277,42	0	0	0	0	0	0	0	0	0	0	0	0	0	0	0	0	0	277,42	0	0	0	0	0	0	0	0	0	0	0	0	0	0	0	0	0	0	0	0	0	277,42	200,00	0	0	0	0	147,80	0	0	0	347,80	625,22	0	0	0	0	0	0	0	0	0	0	0	0	0	0	0	0	0	0	0	0	0	0	0	0	0	0	0	0	0	0	0	0	0	0	0	0	0	0	0	0	0	0	0	0	0	0	0	0	0	0	0	0	0	0	0	0	0	0	0	0	0	0	0	0	0	0	0	0	0	0	0	0	0	0	0	0	0	0	0	0	0	0	0	0	0	0	0	0	0	0	0	0	0	0	0	0	0	0	0	0	0	0	0	0	0	0	0	0	0	0	0	0	0	0	0	
2002	59392	0991135065001	PLANTA DE CIANURIZACION RUMICURI S.A.	G	COMERCIO AL POR MAYOR Y AL POR MENOR REPARACIÓN DE VEHÍCULOS AUTOMOTORES Y MOTOCICLETAS.	G4690.00	0	0	0	0	0	854,50	1135,58	0	0	2677,01	0	0	0	0	0	0	0	0	25819,97	0	453,79	0	0	0	0	5104,28	36045,13	0	0	0	79754,76	0	14890,47	0	-70467,41	117681,43	0	141859,25	0	0	455226,42	0	0	455226,42	0	0	0	0	0	0	0	0	0	0	0	0	0	633130,80	0	0	0	0	625000,00	0	0	0	0	0	0	0	0	0	0	0	7330,80	0	632330,80	0	0	0	0	0	0	0	0	0	0	0	0	0	0	0	0	0	0	0	0	0	632330,80	800,00	0	0	0	0	0	0	0	0	800,00	633130,80	0	0	0	0	0	0	0	0	0	0	0	0	0	0	0	0	0	0	0	0	0	0	0	-25819,97	0	0	0	0	0	0	0	0	0	0	0	0	0	0	0	0	0	0	0	0	0	0	0	0	0	0	0	0	0	0	0	0	0	0	0	0	0	0	0	0	0	0	0	0	0	0	0	0	0	0	0	0	0	0	0	0	0	0	0	0	0	0	0	0	0	0	0	0	0	0	0	0	0	0	0	0	0	0	0	0	0	0	-25819,97	0	-25819,97	25819,97	0	0	25819,97	0	25819,97	
2002	59683	0991128824001	GERETE S.A.	G	COMERCIO AL POR MAYOR Y AL POR MENOR REPARACIÓN DE VEHÍCULOS AUTOMOTORES Y MOTOCICLETAS.	G4630.21	0	0	0	0	0	200,00	0	0	0	0	0	0	0	0	0	0	0	0	0	0	0	0	0	0	0	0	200,00	12746,20	0	0	0	0	0	0	0	0	0	12746,20	0	0	0	0	0	0	0	0	0	0	0	0	0	0	0	0	0	0	0	12946,20	0	0	0	0	0	0	4298,63	0	0	0	0	0	0	0	0	0	0	0	4298,63	0	0	0	0	0	0	0	0	0	0	0	0	0	0	0	0	0	0	0	0	0	4298,63	200,00	0	0	0	0	8447,57	0	0	0	8647,57	12946,20	0	0	0	0	0	0	0	0	0	0	0	0	0	0	0	0	0	0	0	0	0	0	0	0	0	0	0	0	0	0	0	0	0	0	0	0	0	0	0	0	0	0	0	0	0	0	0	0	0	0	0	0	0	0	0	0	0	0	0	0	0	0	0	0	0	0	0	0	0	0	0	0	0	0	0	0	0	0	0	0	0	0	0	0	0	0	0	0	0	0	0	0	0	0	0	0	0	0	0	0	0	0	0	0	0	0	0	0	0	0	0	0	0	0	0	
2002	61889	0992701323001	INMOBILIARIA VITERI FLOR C. LTDA.	L	ACTIVIDADES INMOBILIARIAS.	L6810.01	0	0	0	0	0	646,00	0	0	0	0	0	0	0	0	0	0	0	0	0	0	0	0	0	0	0	0	646,00	104857,20	0	0	0	0	0	0	0	0	0	104857,20	0	0	0	0	0	0	0	0	0	0	0	0	0	0	0	0	0	0	0	105503,20	0	0	0	0	0	0	0	0	0	0	0	0	0	0	0	0	0	0	0	0	0	0	0	0	0	0	0	0	0	0	0	0	0	0	0	0	0	0	0	0	0	80,00	0	0	0	104794,00	629,20	0	0	0	105503,20	105503,20	0	0	0	0	0	0	0	0	0	0	0	0	0	0	0	0	0	0	0	0	0	0	0	0	0	0	0	0	0	0	0	0	0	0	0	0	0	0	0	0	0	0	0	0	0	0	0	0	0	0	0	0	0	0	0	0	0	0	0	0	0	0	0	0	0	0	0	0	0	0	0	0	0	0	0	0	0	0	0	0	0	0	0	0	0	0	0	0	0	0	0	0	0	0	0	0	0	0	0	0	0	0	0	0	0	0	0	0	0	0	0	0	0	0	0	
2002	65236	0991173463001	RUDIS S.A.	G	COMERCIO AL POR MAYOR Y AL POR MENOR REPARACIÓN DE VEHÍCULOS AUTOMOTORES Y MOTOCICLETAS.	G4649.99	0	0	0	0	0	0	0	0	0	0	0	0	0	0	0	0	0	0	0	0	0	0	0	0	0	0	0	4973,28	0	50,13	0	0	0	14492,14	-4274,18	0	0	15241,37	0	565,25	0	0	-407,78	157,47	0	0	0	0	0	0	0	0	0	0	0	0	0	15398,84	0	0	0	0	0	0	0	0	0	0	0	0	0	0	0	0	0	0	0	0	0	0	0	0	0	0	0	0	0	0	0	0	0	0	0	0	0	0	0	0	0	200,00	0	0	0	18525,67	0	-3326,83	0	0	15398,84	15398,84	0	0	0	0	0	0	0	0	0	0	0	0	0	0	0	0	0	0	0	0	0	0	0	0	0	0	0	0	0	0	0	0	0	0	0	0	0	0	0	0	0	0	0	0	0	0	0	0	0	0	0	0	0	0	0	0	0	0	0	0	0	0	0	0	0	0	0	0	0	0	0	0	0	0	0	0	0	0	0	0	0	0	0	0	0	0	0	0	0	0	0	0	0	0	0	0	0	0	0	0	0	0	0	0	0	0	0	0	0	0	0	0	0	0	0	
2002	65446	0991171274001	GRILSAN S.A.	G	COMERCIO AL POR MAYOR Y AL POR MENOR REPARACIÓN DE VEHÍCULOS AUTOMOTORES Y MOTOCICLETAS.	G4610.08	0	0	0	0	0	80,00	0	0	0	0	0	0	0	0	0	0	0	0	0	0	0	0	0	0	0	0	80,00	0	0	0	0	0	0	0	0	0	0	0	0	0	0	0	0	0	0	0	0	0	0	0	0	0	0	0	0	0	0	80,00	0	0	0	0	0	0	0	0	0	0	0	0	0	0	0	0	0	0	0	0	0	0	0	0	0	0	0	0	0	0	0	0	0	0	0	0	0	0	0	0	0	80,00	0	0	0	0	0	0	0	0	80,00	80,00	0	0	0	0	0	0	0	0	0	0	0	0	0	0	0	0	0	0	0	0	0	0	0	0	0	0	0	0	0	0	0	0	0	0	0	0	0	0	0	0	0	0	0	0	0	0	0	0	0	0	0	0	0	0	0	0	0	0	0	0	0	0	0	0	0	0	0	0	0	0	0	0	0	0	0	0	0	0	0	0	0	0	0	0	0	0	0	0	0	0	0	0	0	0	0	0	0	0	0	0	0	0	0	0	0	0	0	0	0	0	0	0	0	0	0	
2002	65557	0991176659001	FRUTAURA C.A.	L	ACTIVIDADES INMOBILIARIAS.	L6810.01	0	0	0	0	0	165,78	0	0	0	2624,42	0	193,45	0	1887,96	0	0	0	0	0	0	0	0	0	0	0	0	4871,61	96948,39	0	0	90333,62	0	0	0	-58865,93	904,00	0	129320,08	0	0	0	26560,32	-85,04	26475,28	0	0	0	0	0	0	0	0	0	0	0	0	0	160666,97	0	0	1113,33	0	81140,20	0	80176,60	0	64120,00	0	4924,17	0	0	0	0	0	0	0	231474,30	0	0	0	0	0	0	0	0	0	0	0	0	0	0	0	0	0	0	0	0	0	231474,30	200,00	0	0	163,66	2,13	482,44	-29524,83	0	-42130,73	-70807,33	160666,97	0	11134,33	0	0	0	0	0	0	0	0	0	0	0	0	11134,33	0	0	0	0	0	0	0	0	0	0	0	0	0	13950,10	2403,00	0	138,29	0	0	0	0	0	0	0	0	2126,36	0	737,90	0	0	0	458,38	0	0	0	0	0	0	0	0	0	0	0	0	0	0	0	0	0	0	0	31812,67	0	0	0	0	0	0	0	0	0	0	0	0	0	0	0	0	0	0	0	0	0	0	0	0	0	0	0	0	0	0	0	0	0	0	0	0	1638,36	0	0	18911,10	34353,96	53265,06	0	-42130,73	0	-42130,73	0	-42130,73	
2002	65567	0991175423001	TALSE S.A.	L	ACTIVIDADES INMOBILIARIAS.	L6810.01	0	0	0	0	0	0	0	0	0	0	0	0	0	0	0	0	0	0	0	0	0	0	0	0	0	0	0	5372,39	0	830,50	0	0	0	20214,03	-8005,25	0	0	18411,67	0	653,92	0	0	-413,32	240,60	0	0	0	0	0	0	0	0	0	0	0	0	0	18652,27	0	0	0	0	0	0	0	0	0	0	0	0	0	0	0	0	0	0	0	0	0	0	0	0	0	0	0	0	0	0	0	0	0	0	0	0	0	0	0	0	0	200,00	0	668,84	0	24785,46	0	-5949,80	0	-1052,23	18652,27	18652,27	0	0	0	0	0	0	0	0	0	0	0	0	0	0	0	0	0	0	0	0	0	0	0	0	0	0	0	0	0	0	0	0	0	0	0	0	0	0	0	0	0	0	0	0	0	0	0	0	0	0	0	0	0	0	0	0	0	0	0	0	0	0	0	0	0	0	0	0	0	0	0	0	0	0	0	0	0	0	0	0	0	0	0	0	0	0	0	0	0	0	0	0	0	0	0	0	1052,23	0	0	0	0	0	0	0	0	0	0	1052,23	1052,23	0	-1052,23	0	-1052,23	0	-1052,23	
2002	65696	0991183841001	ARCOT S.A.	C	INDUSTRIAS MANUFACTURERAS.	C1050.01	0	0	0	0	0	800,00	0	0	0	0	0	0	0	0	0	0	0	0	0	0	0	0	0	0	0	0	800,00	0	0	0	0	0	0	0	0	0	0	0	0	0	0	0	0	0	0	0	0	0	0	0	0	0	0	0	0	0	0	800,00	0	0	0	0	0	0	0	0	0	0	0	0	0	0	0	0	0	0	0	0	0	0	0	0	0	0	0	0	0	0	0	0	0	0	0	0	0	0	0	0	0	800,00	0	0	0	0	0	0	0	0	800,00	800,00	0	0	0	0	0	0	0	0	0	0	0	0	0	0	0	0	0	0	0	0	0	0	0	0	0	0	0	0	0	0	0	0	0	0	0	0	0	0	0	0	0	0	0	0	0	0	0	0	0	0	0	0	0	0	0	0	0	0	0	0	0	0	0	0	0	0	0	0	0	0	0	0	0	0	0	0	0	0	0	0	0	0	0	0	0	0	0	0	0	0	0	0	0	0	0	0	0	0	0	0	0	0	0	0	0	0	0	0	0	0	0	0	0	0	0	
2002	65796	0991182233001	MARTUCCI S.A.	G	COMERCIO AL POR MAYOR Y AL POR MENOR REPARACIÓN DE VEHÍCULOS AUTOMOTORES Y MOTOCICLETAS.	G4649.99	0	0	0	0	0	0	0	0	0	0	0	0	0	0	0	0	0	0	0	0	0	0	0	0	0	80080,00	80080,00	0	0	0	0	0	0	0	0	0	0	0	0	0	0	0	0	0	0	0	0	0	0	0	0	0	0	0	0	0	0	80080,00	0	0	0	0	0	0	0	0	0	0	0	0	0	0	0	0	0	0	0	0	0	0	0	0	0	0	0	0	0	0	0	0	0	0	0	0	0	0	0	0	0	80080,00	0	0	0	0	0	0	0	0	80080,00	80080,00	0	0	0	0	0	0	0	0	0	0	0	0	0	0	0	0	0	0	0	0	0	0	0	0	0	0	0	0	0	0	0	0	0	0	0	0	0	0	0	0	0	0	0	0	0	0	0	0	0	0	0	0	0	0	0	0	0	0	0	0	0	0	0	0	0	0	0	0	0	0	0	0	0	0	0	0	0	0	0	0	0	0	0	0	0	0	0	0	0	0	0	0	0	0	0	0	0	0	0	0	0	0	0	0	0	0	0	0	0	0	0	0	0	0	0	
2002	66642	0991232338001	AYERCORP S.A.	L	ACTIVIDADES INMOBILIARIAS.	L6810.01	0	0	0	0	0	200,00	0	0	0	0	0	0	0	0	0	0	0	0	0	0	0	0	0	0	0	0	200,00	0	0	0	0	0	0	0	0	0	0	0	0	0	0	0	0	0	0	0	0	0	0	0	0	0	0	0	0	0	0	200,00	0	0	0	0	0	0	0	0	0	0	0	0	0	0	0	0	0	0	0	0	0	0	0	0	0	0	0	0	0	0	0	0	0	0	0	0	0	0	0	0	0	200,00	0	0	0	0	0	0	0	0	200,00	200,00	0	0	0	0	0	0	0	0	0	0	0	0	0	0	0	0	0	0	0	0	0	0	0	0	0	0	0	0	0	0	0	0	0	0	0	0	0	0	0	0	0	0	0	0	0	0	0	0	0	0	0	0	0	0	0	0	0	0	0	0	0	0	0	0	0	0	0	0	0	0	0	0	0	0	0	0	0	0	0	0	0	0	0	0	0	0	0	0	0	0	0	0	0	0	0	0	0	0	0	0	0	0	0	0	0	0	0	0	0	0	0	0	0	0	0	
2002	66762	0991228500001	INMOBILIARIA DEPREIAL S.A.	L	ACTIVIDADES INMOBILIARIAS.	L6810.01	0	0	0	0	0	93,59	0	0	0	0	0	0	0	0	0	0	0	0	0	0	0	0	0	0	0	0	93,59	43350,89	0	0	0	0	0	0	-6976,92	1005,96	0	37379,93	0	72,02	0	0	-69,02	3,00	0	0	0	0	0	0	0	0	0	0	0	0	0	37476,52	0	0	0	0	0	0	23002,70	0	0	0	0	1646,29	79,02	55,78	0	0	0	0	24783,79	0	0	0	0	0	0	0	0	0	0	0	0	0	0	0	0	0	0	0	0	0	24783,79	400,00	0	0	99,12	11956,56	0	0	237,05	0	12692,73	37476,52	0	4800,00	0	0	0	0	0	0	0	0	0	0	0	0	4800,00	0	0	0	0	0	0	0	0	0	0	0	0	0	0	0	0	0	0	0	0	0	0	0	0	0	70,00	0	0	0	0	0	0	0	0	0	0	0	0	0	0	0	0	0	0	0	0	0	0	0	0	0	0	0	0	0	0	0	0	0	0	0	0	0	0	0	0	0	0	0	0	0	0	0	590,61	0	0	0	0	2167,54	0	0	0	0	0	1600,00	0	0	0	0	0	0	3837,54	590,61	4428,15	371,85	0	0	371,85	0	371,85	
2002	67669	0991251650001	FINCA CAMARONERA SAN JOSE S.A. FICANSA	L	ACTIVIDADES INMOBILIARIAS.	L6810.01	0	0	0	0	0	0	0	0	0	0	0	0	0	0	0	0	0	0	0	0	0	0	0	0	0	0	0	0	0	6035,23	104003,62	0	0	646,29	-49403,72	60000,00	0	121281,42	0	0	0	0	0	0	0	0	0	0	0	0	0	0	0	0	0	0	0	121281,42	18272,69	0	0	0	0	0	0	0	0	0	0	0	0	0	0	0	0	0	18272,69	0	0	0	0	0	0	0	0	0	0	0	0	0	0	0	0	0	0	0	0	0	18272,69	200,00	0	0	0	101026,15	1782,58	0	0	0	103008,73	121281,42	0	0	0	0	0	0	0	0	0	0	0	0	0	0	0	0	0	0	0	0	0	0	0	0	0	0	0	0	0	0	0	0	0	0	0	0	0	0	0	0	0	0	0	0	0	0	0	0	0	0	0	0	0	0	0	0	0	0	0	0	0	0	0	0	0	0	0	0	0	0	0	0	0	0	0	0	0	0	0	0	0	0	0	0	0	0	0	0	0	0	0	0	0	0	0	0	0	0	0	0	0	0	0	0	0	0	0	0	0	0	0	0	0	0	0	
2002	68018	0991257969001	INMOBILIARIA CHRISUAM S.A.	G	COMERCIO AL POR MAYOR Y AL POR MENOR REPARACIÓN DE VEHÍCULOS AUTOMOTORES Y MOTOCICLETAS.	G4649.22	0	0	0	0	0	800,00	0	0	0	0	0	0	0	0	0	0	0	0	0	0	0	0	0	0	0	0	800,00	0	0	0	0	0	0	0	0	0	0	0	0	0	0	0	0	0	0	0	0	0	0	0	0	0	0	0	0	0	0	800,00	0	0	0	0	0	0	0	0	0	0	0	0	0	0	0	0	0	0	0	0	0	0	0	0	0	0	0	0	0	0	0	0	0	0	0	0	0	0	0	0	0	800,00	0	0	0	0	0	0	0	0	800,00	800,00	0	0	0	0	0	0	0	0	0	0	0	0	0	0	0	0	0	0	0	0	0	0	0	0	0	0	0	0	0	0	0	0	0	0	0	0	0	0	0	0	0	0	0	0	0	0	0	0	0	0	0	0	0	0	0	0	0	0	0	0	0	0	0	0	0	0	0	0	0	0	0	0	0	0	0	0	0	0	0	0	0	0	0	0	0	0	0	0	0	0	0	0	0	0	0	0	0	0	0	0	0	0	0	0	0	0	0	0	0	0	0	0	0	0	0	
2002	68085	0991259325001	BANABRAS S.A.	C	INDUSTRIAS MANUFACTURERAS.	C1410.01	0	0	0	0	0	200,00	0	0	0	0	0	0	0	0	0	0	0	0	0	0	0	0	0	0	0	0	200,00	0	0	0	0	0	0	0	0	0	0	0	0	0	0	0	0	0	0	0	0	0	0	0	0	0	0	0	0	0	0	200,00	0	0	0	0	0	0	0	0	0	0	0	0	0	0	0	0	0	0	0	0	0	0	0	0	0	0	0	0	0	0	0	0	0	0	0	0	0	0	0	0	0	200,00	0	0	0	0	0	0	0	0	200,00	200,00	0	0	0	0	0	0	0	0	0	0	0	0	0	0	0	0	0	0	0	0	0	0	0	0	0	0	0	0	0	0	0	0	0	0	0	0	0	0	0	0	0	0	0	0	0	0	0	0	0	0	0	0	0	0	0	0	0	0	0	0	0	0	0	0	0	0	0	0	0	0	0	0	0	0	0	0	0	0	0	0	0	0	0	0	0	0	0	0	0	0	0	0	0	0	0	0	0	0	0	0	0	0	0	0	0	0	0	0	0	0	0	0	0	0	0	
2002	68221	0991259570001	JENISA INTERNATIONAL S.A.	C	INDUSTRIAS MANUFACTURERAS.	C1410.01	0	0	0	0	0	0	0	0	0	0	0	0	0	0	0	0	0	0	0	0	0	0	0	0	0	0	0	100,00	0	0	0	0	0	0	0	0	0	100,00	0	0	0	80,00	0	80,00	0	0	0	0	0	0	0	0	0	0	0	0	0	180,00	0	0	0	0	0	0	100,00	0	0	0	0	0	0	0	0	0	0	0	100,00	0	0	0	0	0	0	0	0	0	0	0	0	0	0	0	0	0	0	0	0	0	100,00	200,00	-120,00	0	0	0	0	0	0	0	80,00	180,00	0	0	0	0	0	0	0	0	0	0	0	0	0	0	0	0	0	0	0	0	0	0	0	0	0	0	0	0	0	0	0	0	0	0	0	0	0	0	0	0	0	0	0	0	0	0	0	0	0	0	0	0	0	0	0	0	0	0	0	0	0	0	0	0	0	0	0	0	0	0	0	0	0	0	0	0	0	0	0	0	0	0	0	0	0	0	0	0	0	0	0	0	0	0	0	0	0	0	0	0	0	0	0	0	0	0	0	0	0	0	0	0	0	0	0	
2002	68422	0991262962001	AGRICOLA BAQFERSA C.A.	L	ACTIVIDADES INMOBILIARIAS.	L6810.01	0	0	0	0	0	800,00	0	0	0	0	0	0	0	0	0	0	0	0	0	0	0	0	0	0	0	0	800,00	0	0	0	0	0	0	0	0	0	0	0	0	0	0	0	0	0	0	0	0	0	0	0	0	0	0	0	0	0	0	800,00	0	0	0	0	0	0	0	0	0	0	0	0	0	0	0	0	0	0	0	0	0	0	0	0	0	0	0	0	0	0	0	0	0	0	0	0	0	0	0	0	0	800,00	0	0	0	0	0	0	0	0	800,00	800,00	0	0	0	0	0	0	0	0	0	0	0	0	0	0	0	0	0	0	0	0	0	0	0	0	0	0	0	0	0	0	0	0	0	0	0	0	0	0	0	0	0	0	0	0	0	0	0	0	0	0	0	0	0	0	0	0	0	0	0	0	0	0	0	0	0	0	0	0	0	0	0	0	0	0	0	0	0	0	0	0	0	0	0	0	0	0	0	0	0	0	0	0	0	0	0	0	0	0	0	0	0	0	0	0	0	0	0	0	0	0	0	0	0	0	0	
2002	68894	0991269568001	REDETEL S.A.	A	AGRICULTURA, GANADERÍA,  SILVICULTURA Y PESCA.	A0150.00	0	0	0	0	0	400,00	0	0	0	0	0	0	0	0	0	0	0	0	0	0	0	0	0	0	0	0	400,00	0	0	0	0	0	0	0	0	0	0	0	0	0	0	0	0	0	0	0	0	0	0	0	0	0	0	0	0	0	0	400,00	0	0	0	0	0	0	0	0	0	0	0	0	0	0	0	0	0	0	0	0	0	0	0	0	0	0	0	0	0	0	0	0	0	0	0	0	0	0	0	0	0	400,00	0	0	0	0	0	0	0	0	400,00	400,00	0	0	0	0	0	0	0	0	0	0	0	0	0	0	0	0	0	0	0	0	0	0	0	0	0	0	0	0	0	0	0	0	0	0	0	0	0	0	0	0	0	0	0	0	0	0	0	0	0	0	0	0	0	0	0	0	0	0	0	0	0	0	0	0	0	0	0	0	0	0	0	0	0	0	0	0	0	0	0	0	0	0	0	0	0	0	0	0	0	0	0	0	0	0	0	0	0	0	0	0	0	0	0	0	0	0	0	0	0	0	0	0	0	0	0	
2002	69141	0991272917001	INMOBILIARIA KAR S.A. KARLA MARIA	L	ACTIVIDADES INMOBILIARIAS.	L6810.01	0	0	0	0	0	0	0	0	0	0	0	0	0	80,00	0	0	0	0	0	0	0	0	0	0	0	0	80,00	0	0	0	0	0	0	0	0	0	0	0	0	0	0	0	0	0	0	0	0	0	0	0	0	0	0	0	0	0	0	80,00	0	0	0	0	0	0	0	0	0	0	0	0	0	0	0	0	0	0	0	0	0	0	0	0	0	0	0	0	0	0	0	0	0	0	0	0	0	0	0	0	0	80,00	0	0	0	0	0	0	0	0	80,00	80,00	0	0	0	0	0	0	0	0	0	0	0	0	0	0	0	0	0	0	0	0	0	0	0	0	0	0	0	0	0	0	0	0	0	0	0	0	0	0	0	0	0	0	0	0	0	0	0	0	0	0	0	0	0	0	0	0	0	0	0	0	0	0	0	0	0	0	0	0	0	0	0	0	0	0	0	0	0	0	0	0	0	0	0	0	0	0	0	0	0	0	0	0	0	0	0	0	0	0	0	0	0	0	0	0	0	0	0	0	0	0	0	0	0	0	0	
2002	69291	0991275355001	FORESSE S.A.	A	AGRICULTURA, GANADERÍA,  SILVICULTURA Y PESCA.	A0150.00	0	0	0	0	0	125,00	0	0	0	0	0	0	0	0	0	0	0	0	0	0	0	0	0	0	0	0	125,00	0	0	0	0	0	0	0	0	0	0	0	0	0	0	100000,00	0	100000,00	0	0	0	0	0	0	0	0	0	0	0	0	0	100125,00	0	0	0	0	0	0	0	0	0	0	0	0	0	0	0	0	0	0	0	0	0	0	0	0	0	0	0	0	0	0	0	0	0	0	0	0	0	0	0	0	0	800,00	0	0	0	99325,00	0	0	0	0	100125,00	100125,00	0	0	0	0	0	0	0	0	0	0	0	0	0	0	0	0	0	0	0	0	0	0	0	0	0	0	0	0	0	0	0	0	0	0	0	0	0	0	0	0	0	0	0	0	0	0	0	0	0	0	0	0	0	0	0	0	0	0	0	0	0	0	0	0	0	0	0	0	0	0	0	0	0	0	0	0	0	0	0	0	0	0	0	0	0	0	0	0	0	0	0	0	0	0	0	0	0	0	0	0	0	0	0	0	0	0	0	0	0	0	0	0	0	0	0	
2002	69429	0991278729001	PROYECTOS TERMAN S.A.	M	ACTIVIDADES PROFESIONALES, CIENTÍFICAS Y TÉCNICAS.	M7010.00	0	0	0	0	0	200,00	0	0	0	0	0	0	0	0	0	0	0	0	0	0	0	0	0	0	0	0	200,00	0	0	0	0	0	0	0	0	0	0	0	0	0	0	0	0	0	0	0	0	0	0	0	0	0	0	0	0	0	0	200,00	0	0	0	0	0	0	0	0	0	0	0	0	0	0	0	0	0	0	0	0	0	0	0	0	0	0	0	0	0	0	0	0	0	0	0	0	0	0	0	0	0	200,00	0	0	0	0	0	0	0	0	200,00	200,00	0	0	0	0	0	0	0	0	0	0	0	0	0	0	0	0	0	0	0	0	0	0	0	0	0	0	0	0	0	0	0	0	0	0	0	0	0	0	0	0	0	0	0	0	0	0	0	0	0	0	0	0	0	0	0	0	0	0	0	0	0	0	0	0	0	0	0	0	0	0	0	0	0	0	0	0	0	0	0	0	0	0	0	0	0	0	0	0	0	0	0	0	0	0	0	0	0	0	0	0	0	0	0	0	0	0	0	0	0	0	0	0	0	0	0	
2002	69584	0991277439001	BROKERS DEL PACIFICO S.A. BROKPACIFIC	A	AGRICULTURA, GANADERÍA,  SILVICULTURA Y PESCA.	A0122.09	0	0	0	0	0	228,60	0	0	0	0	0	0	0	0	0	0	0	0	0	0	0	0	0	0	0	0	228,60	1882,35	0	0	0	0	0	0	0	15000,00	0	16882,35	0	0	0	0	0	0	0	0	0	0	0	0	0	0	0	0	0	0	0	17110,95	0	0	0	0	0	0	16910,95	0	0	0	0	0	0	0	0	0	0	0	16910,95	0	0	0	0	0	0	0	0	0	0	0	0	0	0	0	0	0	0	0	0	0	16910,95	200,00	0	0	0	0	0	0	0	0	200,00	17110,95	0	0	0	0	0	0	0	0	0	0	0	0	0	0	0	0	0	0	0	0	0	0	0	0	0	0	0	0	0	0	0	0	0	0	0	0	0	0	0	0	0	0	0	0	0	0	0	0	0	0	0	0	0	0	0	0	0	0	0	0	0	0	0	0	0	0	0	0	0	0	0	0	0	0	0	0	0	0	0	0	0	0	0	0	0	0	0	0	0	0	0	0	0	0	0	0	0	0	0	0	0	0	0	0	0	0	0	0	0	0	0	0	0	0	0	
2002	70079	0991290710001	CORPORACION HOLDING GUERRERO Y HERMANA S.A. (CORGUESA)	K	ACTIVIDADES FINANCIERAS Y DE SEGUROS.	K6420.00	0	0	0	0	0	0	0	0	0	0	0	1507,07	0	0	0	0	0	0	0	0	0	0	0	0	0	0	1507,07	0	0	0	0	0	0	0	0	0	0	0	0	0	0	0	0	0	0	0	0	0	0	0	0	0	0	0	0	0	0	1507,07	0	0	0	0	0	0	0	0	0	0	0	0	0	0	0	0	0	0	0	0	0	0	0	0	0	0	0	0	0	0	0	0	0	0	0	0	0	0	0	0	0	6000,00	-4500,00	0	0	0	0	0	7,07	0	1507,07	1507,07	0	0	0	0	0	0	0	0	0	0	0	0	0	0	0	0	0	0	0	0	0	0	0	0	0	0	0	0	0	0	0	0	0	0	0	0	0	0	0	0	0	0	0	0	0	0	0	0	0	0	0	0	0	0	0	0	0	0	0	0	0	0	0	0	0	0	0	0	0	0	0	0	0	0	0	0	0	0	0	0	0	0	0	0	0	0	0	0	0	0	0	0	0	0	0	0	0	0	0	0	0	0	0	0	0	0	0	0	0	0	0	0	0	0	0	
2002	70095	0991285911001	ALBERESE S.A.	L	ACTIVIDADES INMOBILIARIAS.	L6820.03	0	0	0	0	0	0	0	0	0	0	0	0	0	0	0	0	0	0	0	0	0	0	0	0	0	0	0	0	0	0	0	0	0	0	0	68144,50	0	68144,50	0	0	0	0	0	0	0	0	0	0	0	0	0	0	0	0	0	0	0	68144,50	18934,66	0	15666,35	0	0	0	0	0	0	0	26361,00	0	0	0	0	0	239,65	0	61201,66	0	0	0	0	0	0	0	0	0	0	0	0	0	0	0	0	0	0	0	0	0	61201,66	200,00	0	0	0	6075,57	667,27	0	0	0	6942,84	68144,50	0	0	0	0	0	0	0	0	0	0	0	0	0	0	0	0	0	0	0	0	0	0	0	0	0	0	0	0	0	0	0	0	0	0	0	0	0	0	0	0	0	0	0	0	0	0	0	0	0	0	0	0	0	0	0	0	0	0	0	0	0	0	0	0	0	0	0	0	0	0	0	0	0	0	0	0	0	0	0	0	0	0	0	0	0	0	0	0	0	0	0	0	0	0	0	0	0	0	0	0	0	0	0	0	0	0	0	0	0	0	0	0	0	0	0	
2002	70235	0991287264001	AGRICOLA SOYERA AGRISOYA S.A.	G	COMERCIO AL POR MAYOR Y AL POR MENOR REPARACIÓN DE VEHÍCULOS AUTOMOTORES Y MOTOCICLETAS.	G4649.22	0	0	0	0	0	0	0	224579,67	0	298,91	0	1606,48	0	0	0	0	2231,18	326,60	0	0	0	0	8171,13	0	5181,57	0	242395,54	0	0	0	487726,48	0	0	0	-193166,65	81151,88	0	375711,71	0	0	0	31298,29	0	31298,29	0	0	0	0	0	0	0	0	0	0	0	137235,00	137235,00	786640,54	5180,47	0	25681,41	0	514980,54	66011,82	0	0	5259,39	0	10211,85	0	0	0	0	0	73997,68	0	701323,16	0	0	0	0	0	0	0	0	3902,14	0	0	0	0	0	0	0	0	0	3902,14	0	51683,87	756909,17	20000,00	0	93221,39	0	125838,57	0	-209328,59	0	0	29731,37	786640,54	0	0	0	0	0	0	0	0	0	0	0	0	0	0	0	0	0	0	0	0	0	0	0	0	0	0	0	0	0	0	0	0	0	0	0	0	0	0	0	0	0	0	0	0	0	0	0	0	0	0	0	0	0	0	0	0	0	0	0	0	0	0	0	0	0	0	0	0	0	0	0	0	0	0	0	0	0	0	0	0	0	0	0	0	0	0	0	0	0	0	0	0	0	0	0	0	0	0	0	0	0	0	0	0	0	0	0	0	0	0	0	0	0	0	0	
2002	70545	0991292438001	FORMATECSA S.A.	L	ACTIVIDADES INMOBILIARIAS.	L6810.01	0	0	0	0	0	0	0	0	0	0	0	0	0	0	0	0	0	0	0	0	0	0	0	0	0	0	0	0	0	0	0	0	0	0	0	432728,84	0	432728,84	0	0	0	0	0	0	0	0	0	0	0	0	0	0	0	0	0	0	0	432728,84	0	0	0	0	0	0	0	0	0	0	0	0	0	0	0	0	0	0	0	0	0	0	0	215253,85	0	0	0	215780,95	0	0	0	0	0	0	0	0	0	431034,80	0	0	431034,80	200,00	0	1494,04	0	0	0	0	0	0	1694,04	432728,84	0	0	0	0	0	0	0	0	0	0	0	0	0	0	0	0	0	0	0	0	0	0	0	0	0	0	0	0	0	0	0	0	0	0	0	0	0	0	0	0	0	0	0	0	0	0	0	0	0	0	0	0	0	0	0	0	0	0	0	0	0	0	0	0	0	0	0	0	0	0	0	0	0	0	0	0	0	0	0	0	0	0	0	0	0	0	0	0	0	0	0	0	0	0	0	0	0	0	0	0	0	0	0	0	0	0	0	0	0	0	0	0	0	0	0	
2002	70794	0991296263001	LOLUA S.A.	A	AGRICULTURA, GANADERÍA,  SILVICULTURA Y PESCA.	A0123.01	0	0	0	0	0	100,00	0	45500,00	0	0	0	0	0	0	0	0	0	0	0	0	0	0	0	0	0	0	45600,00	0	0	14500,00	7182,85	0	4200,00	4560,00	-560,00	0	0	29882,85	0	0	0	0	0	0	0	0	0	0	0	0	191642,50	0	0	0	0	0	191642,50	267125,35	252425,35	0	0	0	0	0	0	0	0	0	0	0	0	0	0	0	0	0	252425,35	0	0	0	0	0	0	0	0	0	0	0	0	0	0	0	0	0	0	0	0	0	252425,35	200,00	0	14500,00	0	0	0	0	0	0	14700,00	267125,35	0	0	0	0	0	0	0	0	0	0	0	0	0	0	0	0	0	0	0	0	0	0	0	0	0	0	0	0	0	0	0	0	0	0	0	0	0	0	0	0	0	0	0	0	0	0	0	0	0	0	0	0	0	0	0	0	0	0	0	0	0	0	0	0	0	0	0	0	0	0	0	0	0	0	0	0	0	0	0	0	0	0	0	0	0	0	0	0	0	0	0	0	0	0	0	0	0	0	0	0	0	0	0	0	0	0	0	0	0	0	0	0	0	0	0	
2002	71110	0991299483001	TROYCAR S.A.	G	COMERCIO AL POR MAYOR Y AL POR MENOR REPARACIÓN DE VEHÍCULOS AUTOMOTORES Y MOTOCICLETAS.	G4773.11	0	0	0	0	0	125,00	0	35,00	0	0	0	0	0	0	0	0	0	0	0	0	0	0	0	0	0	0	160,00	0	0	0	0	0	0	0	-34,68	693,68	0	659,00	0	0	0	0	0	0	0	0	0	0	0	0	0	0	0	0	0	0	0	819,00	0	0	0	0	0	0	0	0	0	0	0	0	0	0	0	0	0	0	0	0	0	0	0	0	0	0	0	0	619,00	0	0	0	0	0	0	0	0	619,00	0	0	619,00	200,00	0	0	0	0	0	0	0	0	200,00	819,00	0	0	0	0	0	0	0	0	0	0	0	0	0	0	0	0	0	0	0	0	0	0	0	0	0	0	0	0	0	0	0	0	0	0	0	0	0	0	0	0	0	0	0	0	0	0	0	0	0	0	0	0	0	0	0	0	0	0	0	0	0	0	0	0	0	0	0	0	0	0	0	0	0	0	0	0	0	0	0	0	0	0	0	0	0	0	0	0	0	0	0	0	0	0	0	0	0	0	0	0	0	0	0	0	0	0	0	0	0	0	0	0	0	0	0	
2002	71125	0991300260001	CARVER INMOBILIARIA S.A.	L	ACTIVIDADES INMOBILIARIAS.	L6810.01	0	0	0	0	0	800,00	0	0	0	0	0	0	0	0	0	0	0	0	0	0	0	0	0	0	0	0	800,00	0	0	0	0	0	0	0	0	0	0	0	0	0	0	0	0	0	0	0	0	0	0	0	0	0	0	0	0	0	0	800,00	0	0	0	0	0	0	0	0	0	0	0	0	0	0	0	0	0	0	0	0	0	0	0	0	0	0	0	0	0	0	0	0	0	0	0	0	0	0	0	0	0	800,00	0	0	0	0	0	0	0	0	800,00	800,00	0	0	0	0	0	0	0	0	0	0	0	0	0	0	0	0	0	0	0	0	0	0	0	0	0	0	0	0	0	0	0	0	0	0	0	0	0	0	0	0	0	0	0	0	0	0	0	0	0	0	0	0	0	0	0	0	0	0	0	0	0	0	0	0	0	0	0	0	0	0	0	0	0	0	0	0	0	0	0	0	0	0	0	0	0	0	0	0	0	0	0	0	0	0	0	0	0	0	0	0	0	0	0	0	0	0	0	0	0	0	0	0	0	0	0	
2002	71156	0991305386001	INMOBILIARIA CIVIL INMOJUAN S.A.	L	ACTIVIDADES INMOBILIARIAS.	L6810.01	0	0	0	0	0	0	0	0	0	0	0	0	0	0	0	0	0	0	0	0	0	0	0	0	0	0	0	0	0	0	0	0	0	0	0	0	0	0	0	200,00	0	0	0	200,00	0	0	0	0	0	0	0	0	0	0	0	0	0	200,00	0	0	0	0	0	0	0	0	0	0	0	0	0	0	0	0	0	0	0	0	0	0	0	0	0	0	0	0	0	0	0	0	0	0	0	0	0	0	0	0	0	200,00	0	0	0	0	0	0	0	0	200,00	200,00	0	0	0	0	0	0	0	0	0	0	0	0	0	0	0	0	0	0	0	0	0	0	0	0	0	0	0	0	0	0	0	0	0	0	0	0	0	0	0	0	0	0	0	0	0	0	0	0	0	0	0	0	0	0	0	0	0	0	0	0	0	0	0	0	0	0	0	0	0	0	0	0	0	0	0	0	0	0	0	0	0	0	0	0	0	0	0	0	0	0	0	0	0	0	0	0	0	0	0	0	0	0	0	0	0	0	0	0	0	0	0	0	0	0	0	
2002	71940	0991311017001	PROMIO S.A.	G	COMERCIO AL POR MAYOR Y AL POR MENOR REPARACIÓN DE VEHÍCULOS AUTOMOTORES Y MOTOCICLETAS.	G4610.04	0	0	0	0	0	2,00	0	0	0	0	0	0	0	0	0	0	0	0	0	0	0	0	0	0	0	0	2,00	1385,25	0	0	0	0	0	0	-117,67	0	0	1267,58	0	392,44	0	0	0	392,44	0	0	0	0	0	0	0	0	0	0	0	0	0	1662,02	0	0	0	0	0	0	0	0	0	0	0	0	0	0	0	0	0	0	0	0	0	0	0	0	0	0	0	0	0	0	0	0	0	0	0	0	0	0	0	0	0	200,00	0	1462,02	0	0	0	0	0	0	1662,02	1662,02	0	0	0	0	0	0	0	0	0	0	0	0	0	0	0	0	0	0	0	0	0	0	0	0	0	0	0	0	0	0	0	0	0	0	0	0	0	0	0	0	0	0	0	0	0	0	0	0	0	0	0	0	0	0	0	0	0	0	0	0	0	0	0	0	0	0	0	0	0	0	0	0	0	0	0	0	0	0	0	0	0	0	0	0	0	0	0	0	0	0	0	0	0	0	0	0	0	0	0	0	0	0	0	0	0	0	0	0	0	0	0	0	0	0	0	
2002	72053	0991309640001	VILTER S.A.	A	AGRICULTURA, GANADERÍA,  SILVICULTURA Y PESCA.	A0150.00	0	0	0	0	0	200,00	0	0	0	0	0	0	0	0	0	0	0	0	0	0	0	0	0	0	0	0	200,00	0	0	0	0	0	0	0	0	0	0	0	0	0	0	0	0	0	0	455607,54	0	0	0	0	0	0	0	0	0	0	455607,54	455807,54	0	0	0	0	0	0	0	0	0	0	0	0	0	0	0	0	0	0	0	0	0	0	0	455607,54	0	0	0	0	0	0	0	0	0	0	0	0	0	455607,54	0	0	455607,54	200,00	0	0	0	0	0	0	0	0	200,00	455807,54	0	0	0	0	0	0	0	0	0	0	0	0	0	0	0	0	0	0	0	0	0	0	0	0	0	0	0	0	0	0	0	0	0	0	0	0	0	0	0	0	0	0	0	0	0	0	0	0	0	0	0	0	0	0	0	0	0	0	0	0	0	0	0	0	0	0	0	0	0	0	0	0	0	0	0	0	0	0	0	0	0	0	0	0	0	0	0	0	0	0	0	0	0	0	0	0	0	0	0	0	0	0	0	0	0	0	0	0	0	0	0	0	0	0	0	
2002	72273	0991318011001	PINAFIST S.A.	F	CONSTRUCCIÓN.	F4100.20	0	0	0	0	0	0	0	0	0	0	0	0	0	0	0	0	0	0	0	0	0	0	0	0	0	0	0	0	0	0	0	0	0	0	0	0	0	0	0	200,00	0	0	0	200,00	0	0	0	0	0	0	0	0	0	0	0	0	0	200,00	0	0	0	0	0	0	0	0	0	0	0	0	0	0	0	0	0	0	0	0	0	0	0	0	0	0	0	0	0	0	0	0	0	0	0	0	0	0	0	0	0	200,00	0	0	0	0	0	0	0	0	200,00	200,00	0	0	0	0	0	0	0	0	0	0	0	0	0	0	0	0	0	0	0	0	0	0	0	0	0	0	0	0	0	0	0	0	0	0	0	0	0	0	0	0	0	0	0	0	0	0	0	0	0	0	0	0	0	0	0	0	0	0	0	0	0	0	0	0	0	0	0	0	0	0	0	0	0	0	0	0	0	0	0	0	0	0	0	0	0	0	0	0	0	0	0	0	0	0	0	0	0	0	0	0	0	0	0	0	0	0	0	0	0	0	0	0	0	0	0	
2002	72412	0991317724001	KIRAPAC S.A.	A	AGRICULTURA, GANADERÍA,  SILVICULTURA Y PESCA.	A0150.00	0	0	0	0	0	130,00	0	0	0	0	0	0	0	0	0	0	0	0	0	0	0	0	0	0	0	0	130,00	61515,27	0	0	0	0	0	0	-26606,47	30298,57	0	65207,37	0	0	0	0	0	0	0	0	0	0	0	0	0	0	0	0	0	0	0	65337,37	0	0	0	0	0	0	0	0	0	0	0	0	0	0	0	0	0	0	0	721,48	0	0	0	0	0	0	0	0	0	14136,54	0	0	0	0	0	0	0	14858,02	0	0	14858,02	200,00	0	0	522,83	60604,01	0	-7771,73	0	-3075,76	50479,35	65337,37	0	0	0	0	0	0	0	0	0	0	0	0	0	0	0	0	0	0	0	0	0	0	0	0	0	0	0	0	0	0	0	0	0	0	0	0	0	0	0	0	0	0	0	0	0	0	0	0	0	0	0	0	0	0	0	0	0	0	0	0	0	0	0	0	0	0	0	0	0	0	0	0	0	0	0	0	0	0	0	0	0	0	0	0	0	0	0	0	0	0	0	0	0	0	0	0	3075,76	0	0	0	0	0	0	0	0	0	0	3075,76	3075,76	0	-3075,76	0	-3075,76	0	-3075,76	
2002	72450	0991320504001	TETZEL S.A.	C	INDUSTRIAS MANUFACTURERAS.	C1050.09	0	0	0	0	0	1147,54	0	0	0	0	0	0	0	0	0	0	0	0	0	0	0	0	0	0	0	200,00	1347,54	4027,90	0	0	0	0	0	0	-1208,37	0	0	2819,53	0	251,77	0	0	-100,71	151,06	0	0	0	0	0	0	0	0	0	0	0	0	0	4318,13	0	0	0	0	0	0	0	0	0	0	0	0	24,53	17,31	0	0	0	0	41,84	0	0	0	0	0	0	0	0	0	0	0	0	0	0	0	0	0	0	0	0	0	41,84	200,00	0	600,00	0	2815,50	587,20	0	73,59	0	4276,29	4318,13	1200,00	0	0	0	0	0	0	0	0	0	0	0	0	0	1200,00	0	0	0	0	0	0	0	0	0	0	0	0	0	0	0	0	0	0	0	0	0	0	0	0	0	0	0	0	0	0	0	0	0	0	0	0	0	0	0	0	0	0	0	0	0	0	0	0	0	0	0	0	0	0	0	0	0	0	0	0	0	0	0	0	0	0	0	0	0	0	0	0	0	0	0	0	0	0	402,79	0	0	0	0	25,18	0	398,80	0	257,80	0	0	0	402,79	681,78	1084,57	115,43	0	0	115,43	0	115,43	
2002	72910	0991325212001	AVAGROSA S.A.	A	AGRICULTURA, GANADERÍA,  SILVICULTURA Y PESCA.	A0114.00	0	0	0	0	0	0	0	0	0	0	0	27063,44	0	0	0	0	0	1389,51	0	0	0	0	0	0	0	0	28452,95	0	0	0	0	0	0	0	0	0	0	0	0	0	0	0	0	0	0	0	0	0	0	0	0	0	0	0	0	0	0	28452,95	0	0	0	0	0	0	0	0	0	0	0	0	0	0	0	0	0	0	0	0	0	0	0	0	0	0	0	0	0	0	0	0	0	0	0	0	0	0	0	0	0	28440,00	0	0	12,95	0	0	0	0	0	28452,95	28452,95	0	0	0	0	0	0	0	0	0	0	0	0	0	0	0	0	0	0	0	0	0	0	0	0	0	0	0	0	0	0	0	0	0	0	0	0	0	0	0	0	0	0	0	0	0	0	0	0	0	0	0	0	0	0	0	0	0	0	0	0	0	0	0	0	0	0	0	0	0	0	0	0	0	0	0	0	0	0	0	0	0	0	0	0	0	0	0	0	0	0	0	0	0	0	0	0	0	0	0	0	0	0	0	0	0	0	0	0	0	0	0	0	0	0	0	
2002	73379	0991332316001	TEVI S.A.	G	COMERCIO AL POR MAYOR Y AL POR MENOR REPARACIÓN DE VEHÍCULOS AUTOMOTORES Y MOTOCICLETAS.	G4659.93	0	0	0	0	0	17,34	0	0	0	0	150,00	0	1600,00	0	48,00	0	0	0	0	0	0	0	0	0	0	0	1815,34	0	0	0	0	0	0	0	0	0	0	0	0	0	0	0	0	0	0	0	0	0	0	0	0	0	0	0	0	0	0	1815,34	0	896,67	0	34,84	0	0	0	0	0	0	0	0	0	0	0	0	0	0	931,51	0	0	0	0	0	0	0	0	0	0	0	0	0	0	0	0	0	0	0	0	0	931,51	800,00	0	1000,00	0	0	0	-916,17	0	0	883,83	1815,34	0	0	0	0	0	0	0	0	0	0	0	0	0	0	0	0	0	0	0	0	0	0	0	0	0	0	0	0	0	0	0	0	0	0	0	0	0	0	0	0	0	0	0	0	0	0	0	0	0	0	0	0	0	0	0	0	0	0	0	0	0	0	0	0	0	0	0	0	0	0	0	0	0	0	0	0	0	0	0	0	0	0	0	0	0	0	0	0	0	0	0	0	0	0	0	0	0	0	0	0	0	0	0	0	0	0	0	0	0	0	0	0	0	0	0	
2002	73425	0991328947001	CONSTRUCTORA L.M.R. S.A.	N	ACTIVIDADES DE SERVICIOS ADMINISTRATIVOS Y DE APOYO.	N8110.00	0	0	0	0	0	800,00	0	0	0	0	0	0	0	0	0	0	0	0	0	0	0	0	0	0	0	0	800,00	0	0	0	0	0	0	0	0	0	0	0	0	0	0	0	0	0	0	0	0	0	0	0	0	0	0	0	0	0	0	800,00	0	0	0	0	0	0	0	0	0	0	0	0	0	0	0	0	0	0	0	0	0	0	0	0	0	0	0	0	0	0	0	0	0	0	0	0	0	0	0	0	0	800,00	0	0	0	0	0	0	0	0	800,00	800,00	0	0	0	0	0	0	0	0	0	0	0	0	0	0	0	0	0	0	0	0	0	0	0	0	0	0	0	0	0	0	0	0	0	0	0	0	0	0	0	0	0	0	0	0	0	0	0	0	0	0	0	0	0	0	0	0	0	0	0	0	0	0	0	0	0	0	0	0	0	0	0	0	0	0	0	0	0	0	0	0	0	0	0	0	0	0	0	0	0	0	0	0	0	0	0	0	0	0	0	0	0	0	0	0	0	0	0	0	0	0	0	0	0	0	0	
2002	73441	0991332065001	ENCALOZA S.A.	G	COMERCIO AL POR MAYOR Y AL POR MENOR REPARACIÓN DE VEHÍCULOS AUTOMOTORES Y MOTOCICLETAS.	G4510.01	0	0	0	0	0	818,00	0	0	0	0	0	0	0	0	0	0	0	0	0	0	0	0	0	0	0	0	818,00	0	0	0	0	0	0	0	0	0	0	0	0	80,00	102,00	0	0	182,00	0	0	0	0	0	0	0	0	0	0	0	0	0	1000,00	0	0	0	0	0	0	0	0	0	0	0	0	0	0	0	0	0	0	0	0	0	0	0	0	0	0	0	0	0	0	0	0	0	0	0	0	0	0	0	0	0	1000,00	0	0	0	0	0	0	0	0	1000,00	1000,00	0	0	0	0	0	0	0	0	0	0	0	0	0	0	0	0	0	0	0	0	0	0	0	0	0	0	0	0	0	0	0	0	0	0	0	0	0	0	0	0	0	0	0	0	0	0	0	0	0	0	0	0	0	0	0	0	0	0	0	0	0	0	0	0	0	0	0	0	0	0	0	0	0	0	0	0	0	0	0	0	0	0	0	0	0	0	0	0	0	0	0	0	0	0	0	0	0	0	0	0	0	0	0	0	0	0	0	0	0	0	0	0	0	0	0	
2002	73911	0991341005001	DUALCORP S A	L	ACTIVIDADES INMOBILIARIAS.	L6810.01	0	0	0	0	0	400,00	0	0	0	0	0	0	0	0	0	0	0	0	0	0	0	0	0	0	0	0	400,00	0	0	0	0	0	0	0	0	1000,00	0	1000,00	0	0	0	0	0	0	0	0	0	0	0	0	0	0	0	0	0	0	0	1400,00	0	0	0	0	0	0	0	0	0	0	0	0	0	0	0	0	0	0	0	1000,00	0	0	0	0	0	0	0	0	0	0	0	0	0	0	0	0	0	1000,00	0	0	1000,00	400,00	0	0	0	0	0	0	0	0	400,00	1400,00	0	0	0	0	0	0	0	0	0	0	0	0	0	0	0	0	0	0	0	0	0	0	0	0	0	0	0	0	0	0	0	0	0	0	0	0	0	0	0	0	0	0	0	0	0	0	0	0	0	0	0	0	0	0	0	0	0	0	0	0	0	0	0	0	0	0	0	0	0	0	0	0	0	0	0	0	0	0	0	0	0	0	0	0	0	0	0	0	0	0	0	0	0	0	0	0	0	0	0	0	0	0	0	0	0	0	0	0	0	0	0	0	0	0	0	
2002	74289	0991349340001	S'LEALSCHL INTERNACIONAL S.A.	A	AGRICULTURA, GANADERÍA,  SILVICULTURA Y PESCA.	A0116.05	0	0	0	0	0	0	0	0	0	0	0	0	0	0	0	0	0	0	0	0	0	0	0	0	0	0	0	0	0	0	0	0	0	0	0	0	0	0	0	200,00	0	0	0	200,00	0	0	0	0	0	0	0	0	0	0	0	0	0	200,00	0	0	0	0	0	0	0	0	0	0	0	0	0	0	0	0	0	0	0	0	0	0	0	0	0	0	0	0	0	0	0	0	0	0	0	0	0	0	0	0	0	200,00	0	0	0	0	0	0	0	0	200,00	200,00	0	0	0	0	0	0	0	0	0	0	0	0	0	0	0	0	0	0	0	0	0	0	0	0	0	0	0	0	0	0	0	0	0	0	0	0	0	0	0	0	0	0	0	0	0	0	0	0	0	0	0	0	0	0	0	0	0	0	0	0	0	0	0	0	0	0	0	0	0	0	0	0	0	0	0	0	0	0	0	0	0	0	0	0	0	0	0	0	0	0	0	0	0	0	0	0	0	0	0	0	0	0	0	0	0	0	0	0	0	0	0	0	0	0	0	
2002	74540	0991342494001	REYAVI S.A.	G	COMERCIO AL POR MAYOR Y AL POR MENOR REPARACIÓN DE VEHÍCULOS AUTOMOTORES Y MOTOCICLETAS.	G4641.22	0	0	0	0	0	50,00	0	0	0	0	0	150,00	0	0	0	0	0	0	0	0	0	0	0	0	0	0	200,00	0	0	0	0	0	0	0	0	0	0	0	0	0	0	0	0	0	0	0	0	0	0	0	0	0	0	0	0	0	0	200,00	0	0	0	0	0	0	0	0	0	0	0	0	0	0	0	0	0	0	0	0	0	0	0	0	0	0	0	0	0	0	0	0	0	0	0	0	0	0	0	0	0	200,00	0	0	0	0	0	0	0	0	200,00	200,00	0	0	0	0	0	0	0	0	0	0	0	0	0	0	0	0	0	0	0	0	0	0	0	0	0	0	0	0	0	0	0	0	0	0	0	0	0	0	0	0	0	0	0	0	0	0	0	0	0	0	0	0	0	0	0	0	0	0	0	0	0	0	0	0	0	0	0	0	0	0	0	0	0	0	0	0	0	0	0	0	0	0	0	0	0	0	0	0	0	0	0	0	0	0	0	0	0	0	0	0	0	0	0	0	0	0	0	0	0	0	0	0	0	0	0	
2002	74615	0991355847001	TOMINCA S.A.	G	COMERCIO AL POR MAYOR Y AL POR MENOR REPARACIÓN DE VEHÍCULOS AUTOMOTORES Y MOTOCICLETAS.	G4630.91	0	0	0	0	0	200,00	0	0	0	0	0	0	0	0	0	0	0	0	0	0	0	0	0	0	0	0	200,00	0	0	0	0	0	0	0	0	0	0	0	0	0	0	0	0	0	0	0	0	0	0	0	0	0	0	0	0	0	0	200,00	0	0	0	0	0	0	0	0	0	0	0	0	0	0	0	0	0	0	0	0	0	0	0	0	0	0	0	0	0	0	0	0	0	0	0	0	0	0	0	0	0	200,00	0	0	0	0	0	0	0	0	200,00	200,00	0	0	0	0	0	0	0	0	0	0	0	0	0	0	0	0	0	0	0	0	0	0	0	0	0	0	0	0	0	0	0	0	0	0	0	0	0	0	0	0	0	0	0	0	0	0	0	0	0	0	0	0	0	0	0	0	0	0	0	0	0	0	0	0	0	0	0	0	0	0	0	0	0	0	0	0	0	0	0	0	0	0	0	0	0	0	0	0	0	0	0	0	0	0	0	0	0	0	0	0	0	0	0	0	0	0	0	0	0	0	0	0	0	0	0	
2002	74701	0991356517001	HANGARESE S.A.	C	INDUSTRIAS MANUFACTURERAS.	C1410.01	0	0	0	0	0	800,00	0	0	0	0	0	0	0	0	0	0	0	0	0	0	0	0	0	0	0	0	800,00	0	0	0	0	0	0	0	0	0	0	0	0	0	0	0	0	0	0	0	0	0	0	0	0	0	0	0	0	0	0	800,00	0	0	0	0	0	0	0	0	0	0	0	0	0	0	0	0	0	0	0	0	0	0	0	0	0	0	0	0	0	0	0	0	0	0	0	0	0	0	0	0	0	800,00	0	0	0	0	0	0	0	0	800,00	800,00	0	0	0	0	0	0	0	0	0	0	0	0	0	0	0	0	0	0	0	0	0	0	0	0	0	0	0	0	0	0	0	0	0	0	0	0	0	0	0	0	0	0	0	0	0	0	0	0	0	0	0	0	0	0	0	0	0	0	0	0	0	0	0	0	0	0	0	0	0	0	0	0	0	0	0	0	0	0	0	0	0	0	0	0	0	0	0	0	0	0	0	0	0	0	0	0	0	0	0	0	0	0	0	0	0	0	0	0	0	0	0	0	0	0	0	
2002	75149	0991365893001	RANJOR S.A.	A	AGRICULTURA, GANADERÍA,  SILVICULTURA Y PESCA.	A0150.00	0	0	0	0	0	200,00	0	0	0	0	0	0	0	0	0	0	0	0	0	0	0	0	0	0	0	0	200,00	0	0	0	0	0	0	0	0	0	0	0	0	0	0	0	0	0	0	0	0	0	0	0	0	0	0	0	0	0	0	200,00	0	0	0	0	0	0	0	0	0	0	0	0	0	0	0	0	0	0	0	0	0	0	0	0	0	0	0	0	0	0	0	0	0	0	0	0	0	0	0	0	0	200,00	0	0	0	0	0	0	0	0	200,00	200,00	0	0	0	0	0	0	0	0	0	0	0	0	0	0	0	0	0	0	0	0	0	0	0	0	0	0	0	0	0	0	0	0	0	0	0	0	0	0	0	0	0	0	0	0	0	0	0	0	0	0	0	0	0	0	0	0	0	0	0	0	0	0	0	0	0	0	0	0	0	0	0	0	0	0	0	0	0	0	0	0	0	0	0	0	0	0	0	0	0	0	0	0	0	0	0	0	0	0	0	0	0	0	0	0	0	0	0	0	0	0	0	0	0	0	0	
2002	75343	0991360840001	C.A.N. TELEVISION S.A. CANAL 46	J	INFORMACIÓN Y COMUNICACIÓN.	J5920.02	0	0	0	0	0	0	0	0	0	0	0	0	0	0	0	0	0	0	0	0	0	0	0	0	0	0	0	0	0	0	2000,00	0	0	0	-1200,00	0	0	800,00	0	206,98	0	0	-124,20	82,78	0	0	0	0	0	0	0	0	0	0	0	0	0	882,78	0	0	0	0	0	0	0	0	0	0	0	0	0	0	0	0	0	0	0	0	0	0	0	0	0	0	0	610,00	0	0	0	0	0	0	0	0	0	610,00	0	0	610,00	200,00	0	0	0	6,98	56,50	0	9,30	0	272,78	882,78	0	0	0	0	0	230,00	0	0	0	0	0	0	0	0	230,00	0	0	0	0	0	0	0	0	0	0	0	0	0	0	0	0	0	0	0	0	0	0	0	0	0	0	0	0	0	0	0	0	0	0	0	0	0	0	0	0	0	0	0	0	0	0	0	0	0	0	0	0	0	0	0	0	0	0	0	0	0	0	0	0	0	0	0	0	0	0	0	0	0	0	0	0	0	0	200,00	0	0	0	20,70	0	0	0	0	0	0	0	0	220,70	0	220,70	9,30	0	-1,40	7,90	-1,98	5,92	
2002	75421	0992734558001	FMC LATINOAMERICA S.A.	G	COMERCIO AL POR MAYOR Y AL POR MENOR REPARACIÓN DE VEHÍCULOS AUTOMOTORES Y MOTOCICLETAS.	G4669.12	0	0	0	0	0	2000,00	0	0	0	0	0	0	0	0	0	0	0	0	0	0	0	0	0	0	0	0	2000,00	0	0	0	0	0	0	0	0	0	0	0	0	0	0	0	0	0	0	0	0	0	0	0	0	0	0	0	0	0	0	2000,00	0	0	0	0	0	0	0	0	0	0	0	0	0	0	0	0	0	0	0	0	0	0	0	0	0	0	0	0	0	0	0	0	0	0	0	0	0	0	0	0	0	2000,00	0	0	0	0	0	0	0	0	2000,00	2000,00	0	0	0	0	0	0	0	0	0	0	0	0	0	0	0	0	0	0	0	0	0	0	0	0	0	0	0	0	0	0	0	0	0	0	0	0	0	0	0	0	0	0	0	0	0	0	0	0	0	0	0	0	0	0	0	0	0	0	0	0	0	0	0	0	0	0	0	0	0	0	0	0	0	0	0	0	0	0	0	0	0	0	0	0	0	0	0	0	0	0	0	0	0	0	0	0	0	0	0	0	0	0	0	0	0	0	0	0	0	0	0	0	0	0	0	
2002	75655	0991352066001	GENOVACORP S.A.	M	ACTIVIDADES PROFESIONALES, CIENTÍFICAS Y TÉCNICAS.	M7320.01	0	0	0	0	0	120,00	0	0	0	0	0	0	0	0	0	0	0	0	0	0	0	0	0	0	0	0	120,00	0	0	0	0	0	0	0	0	0	0	0	0	80,00	0	0	0	80,00	0	0	0	0	0	0	0	0	0	0	0	0	0	200,00	0	0	0	0	0	0	0	0	0	0	0	0	0	0	0	0	0	0	0	0	0	0	0	0	0	0	0	0	0	0	0	0	0	0	0	0	0	0	0	0	0	200,00	0	0	0	0	0	0	0	0	200,00	200,00	0	0	0	0	0	0	0	0	0	0	0	0	0	0	0	0	0	0	0	0	0	0	0	0	0	0	0	0	0	0	0	0	0	0	0	0	0	0	0	0	0	0	0	0	0	0	0	0	0	0	0	0	0	0	0	0	0	0	0	0	0	0	0	0	0	0	0	0	0	0	0	0	0	0	0	0	0	0	0	0	0	0	0	0	0	0	0	0	0	0	0	0	0	0	0	0	0	0	0	0	0	0	0	0	0	0	0	0	0	0	0	0	0	0	0	
2002	75816	0991370234001	EXMAC S.A.	G	COMERCIO AL POR MAYOR Y AL POR MENOR REPARACIÓN DE VEHÍCULOS AUTOMOTORES Y MOTOCICLETAS.	G4630.21	0	0	0	0	0	0	0	198,28	0	0	0	0	0	0	0	0	0	0	0	0	0	0	0	0	0	0	198,28	0	0	0	0	0	507,96	0	-463,09	0	0	44,87	0	0	0	0	0	0	0	0	0	0	0	0	0	0	0	0	0	0	0	243,15	133,89	0	0	0	0	0	0	0	0	0	0	0	0	0	0	0	0	0	133,89	0	0	0	0	0	0	0	0	0	0	0	0	0	0	0	0	0	0	0	0	0	133,89	200,00	0	0	124,66	3,03	109,55	-326,32	0	-1,66	109,26	243,15	689,00	0	0	0	0	0	0	0	0	0	0	0	0	0	689,00	0	541,62	0	0	0	0	0	0	0	0	0	0	0	0	0	0	0	0	0	0	0	0	0	0	0	0	0	0	0	0	0	18,00	0	0	30,00	0	0	0	0	0	0	0	0	0	0	0	0	0	0	0	0	0	0	0	0	0	0	0	0	0	0	0	0	0	0	0	0	0	0	0	0	0	0	0	0	0	0	0	0	0	101,04	0	0	0	0	0	0	0	0	0	0	660,66	30,00	690,66	0	-1,66	0	-1,66	0	-1,66	
2002	75847	0991377506001	INMOBILIARIA RIO DOCE S.A.	L	ACTIVIDADES INMOBILIARIAS.	L6820.01	0	0	0	0	0	200,00	0	0	0	0	0	0	0	0	0	0	0	0	0	0	0	0	0	0	0	0	200,00	0	0	0	0	0	0	0	0	0	0	0	0	0	0	0	0	0	0	0	0	0	0	0	0	0	0	0	0	0	0	200,00	0	0	0	0	0	0	0	0	0	0	0	0	0	0	0	0	0	0	0	0	0	0	0	0	0	0	0	0	0	0	0	0	0	0	0	0	0	0	0	0	0	200,00	0	0	0	0	0	0	0	0	200,00	200,00	0	0	0	0	0	0	0	0	0	0	0	0	0	0	0	0	0	0	0	0	0	0	0	0	0	0	0	0	0	0	0	0	0	0	0	0	0	0	0	0	0	0	0	0	0	0	0	0	0	0	0	0	0	0	0	0	0	0	0	0	0	0	0	0	0	0	0	0	0	0	0	0	0	0	0	0	0	0	0	0	0	0	0	0	0	0	0	0	0	0	0	0	0	0	0	0	0	0	0	0	0	0	0	0	0	0	0	0	0	0	0	0	0	0	0	
2002	75988	0991369759001	CENTRITEMP S.A.	C	INDUSTRIAS MANUFACTURERAS.	C2029.92	0	0	0	0	0	800,00	0	0	0	0	0	0	0	0	0	0	0	0	0	0	0	0	0	0	0	0	800,00	0	0	0	0	0	0	0	0	1975,04	0	1975,04	0	0	0	0	0	0	0	0	0	0	0	0	0	0	0	0	0	0	0	2775,04	0	0	0	0	0	0	0	0	1975,04	0	0	0	0	0	0	0	0	0	1975,04	0	0	0	0	0	0	0	0	0	0	0	0	0	0	0	0	0	0	0	0	0	1975,04	800,00	0	0	0	0	0	0	0	0	800,00	2775,04	0	0	0	0	0	0	0	0	0	0	0	0	0	0	0	0	0	0	0	0	0	0	0	0	0	0	0	0	0	0	0	0	0	0	0	0	0	0	0	0	0	0	0	0	0	0	0	0	0	0	0	0	0	0	0	0	0	0	0	0	0	0	0	0	0	0	0	0	0	0	0	0	0	0	0	0	0	0	0	0	0	0	0	0	0	0	0	0	0	0	0	0	0	0	0	0	0	0	0	0	0	0	0	0	0	0	0	0	0	0	0	0	0	0	0	
2002	76321	0991377549001	ALCAZA S.A.	G	COMERCIO AL POR MAYOR Y AL POR MENOR REPARACIÓN DE VEHÍCULOS AUTOMOTORES Y MOTOCICLETAS.	G4620.22	0	0	0	0	0	200,00	0	0	0	0	0	0	0	0	0	0	0	0	0	0	0	0	0	0	0	0	200,00	0	0	0	0	0	0	0	0	0	0	0	0	0	0	0	0	0	0	0	0	0	0	0	0	0	0	0	0	0	0	200,00	0	0	0	0	0	0	0	0	0	0	0	0	0	0	0	0	0	0	0	0	0	0	0	0	0	0	0	0	0	0	0	0	0	0	0	0	0	0	0	0	0	200,00	0	0	0	0	0	0	0	0	200,00	200,00	0	0	0	0	0	0	0	0	0	0	0	0	0	0	0	0	0	0	0	0	0	0	0	0	0	0	0	0	0	0	0	0	0	0	0	0	0	0	0	0	0	0	0	0	0	0	0	0	0	0	0	0	0	0	0	0	0	0	0	0	0	0	0	0	0	0	0	0	0	0	0	0	0	0	0	0	0	0	0	0	0	0	0	0	0	0	0	0	0	0	0	0	0	0	0	0	0	0	0	0	0	0	0	0	0	0	0	0	0	0	0	0	0	0	0	
2002	76438	0990629870001	INMOBILIARIA VELFROMEN CIVIL S.A.	L	ACTIVIDADES INMOBILIARIAS.	L6810.01	0	0	0	0	0	400,00	0	0	0	0	0	0	0	0	0	0	0	0	0	0	0	0	0	0	0	0	400,00	955,25	0	0	0	0	0	0	0	0	0	955,25	0	0	0	0	0	0	0	0	0	0	0	0	0	0	0	0	0	0	0	1355,25	0	0	0	0	0	0	0	0	0	0	0	0	0	0	0	0	0	0	0	0	0	0	0	0	0	0	0	0	0	955,25	0	0	0	0	0	0	0	955,25	0	0	955,25	400,00	0	0	0	0	0	0	0	0	400,00	1355,25	0	0	0	0	0	0	0	0	0	0	0	0	0	0	0	0	0	0	0	0	0	0	0	0	0	0	0	0	0	0	0	0	0	0	0	0	0	0	0	0	0	0	0	0	0	0	0	0	0	0	0	0	0	0	0	0	0	0	0	0	0	0	0	0	0	0	0	0	0	0	0	0	0	0	0	0	0	0	0	0	0	0	0	0	0	0	0	0	0	0	0	0	0	0	0	0	0	0	0	0	0	0	0	0	0	0	0	0	0	0	0	0	0	0	0	
2002	76602	0991382372001	CENTROMIL S.A.	A	AGRICULTURA, GANADERÍA,  SILVICULTURA Y PESCA.	A0161.01	0	0	0	0	0	200,00	0	0	0	0	0	0	0	0	0	0	0	0	0	0	0	0	0	0	0	0	200,00	0	0	0	0	0	0	0	0	0	0	0	0	0	0	0	0	0	0	0	0	0	0	0	0	0	0	0	0	0	0	200,00	0	0	0	0	0	0	0	0	0	0	0	0	0	0	0	0	0	0	0	0	0	0	0	0	0	0	0	0	0	0	0	0	0	0	0	0	0	0	0	0	0	200,00	0	6636712,00	0	0	0	-6636712,00	0	0	200,00	200,00	0	0	0	0	0	0	0	0	0	0	0	0	0	0	0	0	0	0	0	0	0	0	0	0	0	0	0	0	0	0	0	0	0	0	0	0	0	0	0	0	0	0	0	0	0	0	0	0	0	0	0	0	0	0	0	0	0	0	0	0	0	0	0	0	0	0	0	0	0	0	0	0	0	0	0	0	0	0	0	0	0	0	0	0	0	0	0	0	0	0	0	0	0	0	0	0	0	0	0	0	0	0	0	0	0	0	0	0	0	0	0	0	0	0	0	
2002	76893	0991388745001	ELICHED S.A.	L	ACTIVIDADES INMOBILIARIAS.	L6810.01	0	0	0	0	0	44,45	1792,00	0	0	0	0	0	0	0	0	0	0	0	0	0	0	0	0	0	0	0	1836,45	0	0	0	0	0	0	0	0	0	0	0	0	200,00	0	0	0	200,00	0	0	0	0	0	0	0	0	0	0	0	0	0	2036,45	0	0	0	0	0	0	0	0	0	0	1521,18	0	0	0	0	0	0	0	1521,18	0	0	0	0	0	0	0	0	0	0	0	0	0	0	0	0	0	0	0	0	0	1521,18	200,00	0	0	0	0	315,27	0	0	0	515,27	2036,45	0	0	0	0	0	0	0	0	0	0	0	0	0	0	0	0	0	0	0	0	0	0	0	0	0	0	0	0	0	0	0	0	0	0	0	0	0	0	0	0	0	0	0	0	0	0	0	0	0	0	0	0	0	0	0	0	0	0	0	0	0	0	0	0	0	0	0	0	0	0	0	0	0	0	0	0	0	0	0	0	0	0	0	0	0	0	0	0	0	0	0	0	0	0	0	0	0	0	0	0	0	0	0	0	0	0	0	0	0	0	0	0	0	0	0	
2002	77114	0991377379001	MARELECTRIC S.A. MATERIALES Y REPUESTOS ELECTRICOS	A	AGRICULTURA, GANADERÍA,  SILVICULTURA Y PESCA.	A0150.00	0	0	0	0	0	0	0	0	0	0	0	0	0	800,00	0	0	0	0	0	0	0	0	0	0	0	0	800,00	0	0	0	0	0	0	0	0	0	0	0	0	0	0	0	0	0	0	0	0	0	0	0	0	0	0	0	0	0	0	800,00	0	0	0	0	0	0	0	0	0	0	0	0	0	0	0	0	0	0	0	0	0	0	0	0	0	0	0	0	0	0	0	0	0	0	0	0	0	0	0	0	0	800,00	0	0	0	0	0	0	0	0	800,00	800,00	0	0	0	0	0	0	0	0	0	0	0	0	0	0	0	0	0	0	0	0	0	0	0	0	0	0	0	0	0	0	0	0	0	0	0	0	0	0	0	0	0	0	0	0	0	0	0	0	0	0	0	0	0	0	0	0	0	0	0	0	0	0	0	0	0	0	0	0	0	0	0	0	0	0	0	0	0	0	0	0	0	0	0	0	0	0	0	0	0	0	0	0	0	0	0	0	0	0	0	0	0	0	0	0	0	0	0	0	0	0	0	0	0	0	0	
2002	77223	0991400370001	JAIAN S.A.	A	AGRICULTURA, GANADERÍA,  SILVICULTURA Y PESCA.	A0150.00	0	0	0	0	0	400,00	0	0	0	0	0	0	0	0	0	0	0	0	0	0	0	0	0	0	0	0	400,00	0	0	0	0	0	0	0	0	0	0	0	0	0	0	0	0	0	0	0	0	0	0	0	0	0	0	0	0	0	0	400,00	0	0	0	0	0	0	0	0	0	0	0	0	0	0	0	0	0	0	0	0	0	0	0	0	0	0	0	0	0	0	0	0	0	0	0	0	0	0	0	0	0	400,00	0	0	0	0	0	0	0	0	400,00	400,00	0	0	0	0	0	0	0	0	0	0	0	0	0	0	0	0	0	0	0	0	0	0	0	0	0	0	0	0	0	0	0	0	0	0	0	0	0	0	0	0	0	0	0	0	0	0	0	0	0	0	0	0	0	0	0	0	0	0	0	0	0	0	0	0	0	0	0	0	0	0	0	0	0	0	0	0	0	0	0	0	0	0	0	0	0	0	0	0	0	0	0	0	0	0	0	0	0	0	0	0	0	0	0	0	0	0	0	0	0	0	0	0	0	0	0	
2002	77278	0990731330001	INMOBILIARIA KAJAFER S,A,	L	ACTIVIDADES INMOBILIARIAS.	L6810.01	0	0	0	0	0	200,00	0	0	0	0	0	0	0	0	0	0	0	0	0	0	0	0	0	0	0	0	200,00	0	0	0	0	0	0	0	0	0	0	0	0	0	0	0	0	0	0	0	0	0	0	0	0	0	0	0	0	0	0	200,00	0	0	0	0	0	0	0	0	0	0	0	0	0	0	0	0	0	0	0	0	0	0	0	0	0	0	0	0	0	0	0	0	0	0	0	0	0	0	0	0	0	200,00	0	0	0	0	0	0	0	0	200,00	200,00	0	0	0	0	0	0	0	0	0	0	0	0	0	0	0	0	0	0	0	0	0	0	0	0	0	0	0	0	0	0	0	0	0	0	0	0	0	0	0	0	0	0	0	0	0	0	0	0	0	0	0	0	0	0	0	0	0	0	0	0	0	0	0	0	0	0	0	0	0	0	0	0	0	0	0	0	0	0	0	0	0	0	0	0	0	0	0	0	0	0	0	0	0	0	0	0	0	0	0	0	0	0	0	0	0	0	0	0	0	0	0	0	0	0	0	
2002	77508	0991386602001	DROVANDI S.A.	G	COMERCIO AL POR MAYOR Y AL POR MENOR REPARACIÓN DE VEHÍCULOS AUTOMOTORES Y MOTOCICLETAS.	G4649.22	0	0	0	0	0	0	0	0	0	0	0	0	0	0	0	0	0	0	0	0	0	0	0	0	0	0	0	3799,96	0	0	0	0	0	0	-399,00	0	0	3400,96	0	188,78	0	0	0	188,78	0	0	0	0	0	0	0	0	0	0	0	0	0	3589,74	0	0	0	0	0	0	0	0	0	0	0	0	0	0	0	0	0	0	0	0	0	0	0	0	0	805,68	0	0	0	0	0	0	0	0	0	0	0	805,68	0	0	805,68	200,00	0	0	0	2559,18	24,88	0	0	0	2784,06	3589,74	0	0	0	0	0	0	0	0	0	0	0	0	0	0	0	0	0	0	0	0	0	0	0	0	0	0	0	0	0	0	0	0	0	0	0	0	0	0	0	0	0	0	0	0	0	0	0	0	0	0	0	0	0	0	0	0	0	0	0	0	0	0	0	0	0	0	0	0	0	0	0	0	0	0	0	0	0	0	0	0	0	0	0	0	0	0	0	0	0	0	0	0	0	0	0	0	0	0	0	0	0	0	0	0	0	0	0	0	0	0	0	0	0	0	0	
2002	77538	0991401857001	GLOBAL RIDERS DEL ECUADOR S.A.	K	ACTIVIDADES FINANCIERAS Y DE SEGUROS.	K6420.00	0	0	0	0	0	0	91,84	0	0	0	0	0	0	0	0	0	0	0	0	0	0	0	0	0	0	0	91,84	0	0	0	0	0	0	0	0	0	0	0	0	0	0	0	0	0	0	0	0	0	0	0	0	0	0	0	0	0	0	91,84	0	0	0	0	0	0	0	0	0	0	0	0	0	0	0	0	0	0	0	0	0	0	0	0	0	0	0	0	0	0	0	0	0	0	0	0	0	0	0	0	0	200,00	0	110341,28	0	0	0	-110449,44	0	0	91,84	91,84	0	0	0	0	0	0	0	0	0	0	0	0	0	0	0	0	0	0	0	0	0	0	0	0	0	0	0	0	0	0	0	0	0	0	0	0	0	0	0	0	0	0	0	0	0	0	0	0	0	0	0	0	0	0	0	0	0	0	0	0	0	0	0	0	0	0	0	0	0	0	0	0	0	0	0	0	0	0	0	0	0	0	0	0	0	0	0	0	0	0	0	0	0	0	0	0	0	0	0	0	0	0	0	0	0	0	0	0	0	0	0	0	0	0	0	
2002	77675	0991389709001	FINXI S.A.	C	INDUSTRIAS MANUFACTURERAS.	C1050.01	0	0	0	0	0	200,00	0	0	0	0	0	0	0	0	0	0	0	0	0	0	0	0	0	0	0	0	200,00	0	0	0	0	0	0	0	0	0	0	0	0	0	0	0	0	0	0	0	0	0	0	0	0	0	0	0	0	0	0	200,00	0	0	0	0	0	0	0	0	0	0	0	0	0	0	0	0	0	0	0	0	0	0	0	0	0	0	0	0	0	0	0	0	0	0	0	0	0	0	0	0	0	200,00	0	0	0	0	0	0	0	0	200,00	200,00	0	0	0	0	0	0	0	0	0	0	0	0	0	0	0	0	0	0	0	0	0	0	0	0	0	0	0	0	0	0	0	0	0	0	0	0	0	0	0	0	0	0	0	0	0	0	0	0	0	0	0	0	0	0	0	0	0	0	0	0	0	0	0	0	0	0	0	0	0	0	0	0	0	0	0	0	0	0	0	0	0	0	0	0	0	0	0	0	0	0	0	0	0	0	0	0	0	0	0	0	0	0	0	0	0	0	0	0	0	0	0	0	0	0	0	
2002	77783	0991389652001	PADULA S.A.	G	COMERCIO AL POR MAYOR Y AL POR MENOR REPARACIÓN DE VEHÍCULOS AUTOMOTORES Y MOTOCICLETAS.	G4649.22	0	0	0	0	0	200,00	0	0	0	0	0	0	0	0	0	0	0	0	0	0	0	0	0	0	0	0	200,00	0	0	0	0	0	0	0	0	10000,00	0	10000,00	0	0	0	0	0	0	0	0	0	0	0	0	0	0	0	0	0	0	0	10200,00	0	0	0	0	0	0	0	0	0	0	0	0	0	0	0	0	0	0	0	0	0	0	0	0	0	0	0	0	0	0	0	0	0	0	0	0	0	0	0	0	0	200,00	0	10000,00	0	0	0	0	0	0	10200,00	10200,00	0	0	0	0	0	0	0	0	0	0	0	0	0	0	0	0	0	0	0	0	0	0	0	0	0	0	0	0	0	0	0	0	0	0	0	0	0	0	0	0	0	0	0	0	0	0	0	0	0	0	0	0	0	0	0	0	0	0	0	0	0	0	0	0	0	0	0	0	0	0	0	0	0	0	0	0	0	0	0	0	0	0	0	0	0	0	0	0	0	0	0	0	0	0	0	0	0	0	0	0	0	0	0	0	0	0	0	0	0	0	0	0	0	0	0	
2002	77919	0991385525001	ENVIXSA S.A.	L	ACTIVIDADES INMOBILIARIAS.	L6820.03	0	0	0	0	0	200,00	0	0	0	0	0	0	0	0	0	0	0	0	0	0	0	0	0	0	0	0	200,00	0	0	0	0	0	3000,00	0	0	0	0	3000,00	0	0	0	0	0	0	0	0	0	0	0	0	0	0	0	0	0	0	0	3200,00	0	0	0	0	0	0	0	0	0	0	0	0	0	0	0	0	0	0	0	0	0	0	0	0	0	0	0	0	0	0	0	0	0	0	0	0	0	0	0	0	0	200,00	0	3000,00	0	0	0	0	0	0	3200,00	3200,00	0	0	0	0	0	0	0	0	0	0	0	0	0	0	0	0	0	0	0	0	0	0	0	0	0	0	0	0	0	0	0	0	0	0	0	0	0	0	0	0	0	0	0	0	0	0	0	0	0	0	0	0	0	0	0	0	0	0	0	0	0	0	0	0	0	0	0	0	0	0	0	0	0	0	0	0	0	0	0	0	0	0	0	0	0	0	0	0	0	0	0	0	0	0	0	0	0	0	0	0	0	0	0	0	0	0	0	0	0	0	0	0	0	0	0	
2002	77968	0991404643001	BIENPETROL S.A.	G	COMERCIO AL POR MAYOR Y AL POR MENOR REPARACIÓN DE VEHÍCULOS AUTOMOTORES Y MOTOCICLETAS.	G4661.03	0	0	0	0	0	50,00	0	0	0	0	0	0	150,00	0	0	0	0	0	0	0	0	0	0	0	0	0	200,00	0	0	0	0	0	0	0	0	0	0	0	0	0	0	0	0	0	0	0	0	0	0	0	0	0	0	0	0	0	0	200,00	0	0	0	0	0	0	0	0	0	0	0	0	0	0	0	0	0	0	0	0	0	0	0	0	0	0	0	0	0	0	0	0	0	0	0	0	0	0	0	0	0	200,00	0	0	0	0	0	0	0	0	200,00	200,00	0	0	0	0	0	0	0	0	0	0	0	0	0	0	0	0	0	0	0	0	0	0	0	0	0	0	0	0	0	0	0	0	0	0	0	0	0	0	0	0	0	0	0	0	0	0	0	0	0	0	0	0	0	0	0	0	0	0	0	0	0	0	0	0	0	0	0	0	0	0	0	0	0	0	0	0	0	0	0	0	0	0	0	0	0	0	0	0	0	0	0	0	0	0	0	0	0	0	0	0	0	0	0	0	0	0	0	0	0	0	0	0	0	0	0	
2002	77976	0991388567001	FENIXSA S.A. EN LIQUIDACIÓN	G	COMERCIO AL POR MAYOR Y AL POR MENOR REPARACIÓN DE VEHÍCULOS AUTOMOTORES Y MOTOCICLETAS.	G4630.21	0	0	0	0	0	180,00	0	0	0	0	0	0	0	0	0	0	0	0	0	0	0	0	0	0	0	0	180,00	0	0	0	0	0	0	0	0	0	0	0	0	57,78	0	0	0	57,78	0	0	0	0	0	0	0	0	0	0	0	0	0	237,78	0	0	0	0	0	0	0	0	0	0	0	0	0	0	0	0	0	0	0	0	0	0	0	0	0	0	0	0	0	0	0	0	0	0	0	0	0	0	0	0	0	200,00	0	0	0	37,78	0	0	0	0	237,78	237,78	0	0	0	0	0	0	0	0	0	0	0	0	0	0	0	0	0	0	0	0	0	0	0	0	0	0	0	0	0	0	0	0	0	0	0	0	0	0	0	0	0	0	0	0	0	0	0	0	0	0	0	0	0	0	0	0	0	0	0	0	0	0	0	0	0	0	0	0	0	0	0	0	0	0	0	0	0	0	0	0	0	0	0	0	0	0	0	0	0	0	0	0	0	0	0	0	0	0	0	0	0	0	0	0	0	0	0	0	0	0	0	0	0	0	0	
2002	78079	0991390367001	INMOBILIARIA ALUCARE S.A.	L	ACTIVIDADES INMOBILIARIAS.	L6810.01	0	0	0	0	0	0	0	0	0	0	0	0	0	0	0	0	0	0	0	0	0	0	0	0	0	0	0	600,00	0	0	0	0	0	0	0	0	0	600,00	0	0	0	399,00	0	399,00	0	0	0	0	0	0	0	0	0	0	0	0	0	999,00	0	0	0	0	0	0	0	0	0	0	0	0	0	0	0	0	0	0	0	0	0	0	0	0	0	0	0	0	0	0	0	0	0	0	0	0	0	0	0	399,00	399,00	600,00	0	0	0	0	0	0	0	0	600,00	999,00	0	0	0	0	0	0	0	0	0	0	0	0	0	0	0	0	0	0	0	0	0	0	0	0	0	0	0	0	0	0	0	0	0	0	0	0	0	0	0	0	0	0	0	0	0	0	0	0	0	0	0	0	0	0	0	0	0	0	0	0	0	0	0	0	0	0	0	0	0	0	0	0	0	0	0	0	0	0	0	0	0	0	0	0	0	0	0	0	0	0	0	0	0	0	0	0	0	0	0	0	0	0	0	0	0	0	0	0	0	0	0	0	0	0	0	
2002	78208	0991406875001	LICQUER S. A.	A	AGRICULTURA, GANADERÍA,  SILVICULTURA Y PESCA.	A0150.00	0	0	0	0	0	200,00	0	0	0	0	0	0	0	0	0	0	0	0	0	0	0	0	0	0	0	0	200,00	0	0	0	0	0	0	0	0	0	0	0	0	0	0	0	0	0	0	0	0	0	0	0	0	0	0	0	0	0	0	200,00	0	0	0	0	0	0	0	0	0	0	0	0	0	0	0	0	0	0	0	0	0	0	0	0	0	0	0	0	0	0	0	0	0	0	0	0	0	0	0	0	0	200,00	0	0	0	0	0	0	0	0	200,00	200,00	0	0	0	0	0	0	0	0	0	0	0	0	0	0	0	0	0	0	0	0	0	0	0	0	0	0	0	0	0	0	0	0	0	0	0	0	0	0	0	0	0	0	0	0	0	0	0	0	0	0	0	0	0	0	0	0	0	0	0	0	0	0	0	0	0	0	0	0	0	0	0	0	0	0	0	0	0	0	0	0	0	0	0	0	0	0	0	0	0	0	0	0	0	0	0	0	0	0	0	0	0	0	0	0	0	0	0	0	0	0	0	0	0	0	0	
2002	78213	0991407138001	INSOCORSA S.A.	G	COMERCIO AL POR MAYOR Y AL POR MENOR REPARACIÓN DE VEHÍCULOS AUTOMOTORES Y MOTOCICLETAS.	G4641.12	0	0	0	0	0	0	0	0	0	0	0	0	0	0	0	0	0	0	0	0	0	0	0	0	0	200,00	200,00	0	0	0	0	0	0	0	0	0	0	0	0	0	0	0	0	0	0	0	0	0	0	0	0	0	0	0	0	0	0	200,00	0	0	0	0	0	0	0	0	0	0	0	0	0	0	0	0	0	0	0	0	0	0	0	0	0	0	0	0	0	0	0	0	0	0	0	0	0	0	0	0	0	200,00	0	0	0	0	0	0	0	0	200,00	200,00	0	0	0	0	0	0	0	0	0	0	0	0	0	0	0	0	0	0	0	0	0	0	0	0	0	0	0	0	0	0	0	0	0	0	0	0	0	0	0	0	0	0	0	0	0	0	0	0	0	0	0	0	0	0	0	0	0	0	0	0	0	0	0	0	0	0	0	0	0	0	0	0	0	0	0	0	0	0	0	0	0	0	0	0	0	0	0	0	0	0	0	0	0	0	0	0	0	0	0	0	0	0	0	0	0	0	0	0	0	0	0	0	0	0	0	
2002	78288	0991407707001	AMIGATOUR S.A.	H	TRANSPORTE Y ALMACENAMIENTO.	H5110.02	0	0	0	0	0	200,00	0	0	0	0	0	0	0	0	0	0	0	0	0	0	0	0	0	0	0	0	200,00	0	0	0	0	0	0	0	0	0	0	0	0	0	0	0	0	0	0	0	0	0	0	0	0	0	0	0	0	0	0	200,00	0	0	0	0	0	0	0	0	0	0	0	0	0	0	0	0	0	0	0	0	0	0	0	0	0	0	0	0	0	0	0	0	0	0	0	0	0	0	0	0	0	200,00	0	0	0	0	0	0	0	0	200,00	200,00	0	0	0	0	0	0	0	0	0	0	0	0	0	0	0	0	0	0	0	0	0	0	0	0	0	0	0	0	0	0	0	0	0	0	0	0	0	0	0	0	0	0	0	0	0	0	0	0	0	0	0	0	0	0	0	0	0	0	0	0	0	0	0	0	0	0	0	0	0	0	0	0	0	0	0	0	0	0	0	0	0	0	0	0	0	0	0	0	0	0	0	0	0	0	0	0	0	0	0	0	0	0	0	0	0	0	0	0	0	0	0	0	0	0	0	
2002	78346	0991408800001	SERVIMPORT S.A.	G	COMERCIO AL POR MAYOR Y AL POR MENOR REPARACIÓN DE VEHÍCULOS AUTOMOTORES Y MOTOCICLETAS.	G4649.24	0	0	0	0	0	1411,61	0	0	0	3311,93	0	0	0	0	0	0	0	405,76	0	0	0	0	0	0	0	0	5129,30	0	0	0	0	0	0	0	0	0	0	0	0	0	0	0	0	0	0	0	0	0	0	0	0	0	0	0	0	0	0	5129,30	55,01	0	0	0	0	0	0	0	1965,00	0	0	0	40,20	0	0	0	0	0	2060,21	0	0	0	0	0	0	0	0	0	0	0	0	0	0	0	0	0	0	0	0	0	2060,21	800,00	0	0	2554,39	12,76	0	0	0	-298,06	3069,09	5129,30	10154,30	0	0	0	0	0	0	0	0	0	0	0	0	0	10154,30	0	7598,60	0	0	0	0	0	0	0	0	0	0	0	0	0	0	0	0	0	0	0	0	0	0	0	0	2485,00	0	0	0	0	368,76	0	0	0	0	0	0	0	0	0	0	0	0	0	0	0	0	0	0	0	0	0	0	0	0	0	0	0	0	0	0	0	0	0	0	0	0	0	0	0	0	0	0	0	0	0	0	0	0	0	0	0	0	0	0	0	0	0	0	0	7967,36	2485,00	10452,36	0	-298,06	0	-298,06	0	-298,06	
2002	78397	0991408940001	CRIBLEN S.A.	A	AGRICULTURA, GANADERÍA,  SILVICULTURA Y PESCA.	A0150.00	0	0	0	0	0	200,00	0	0	0	0	0	0	0	0	0	0	0	0	0	0	0	0	0	0	0	0	200,00	0	0	0	0	0	0	0	0	0	0	0	0	0	0	0	0	0	0	0	0	0	0	0	0	0	0	0	0	0	0	200,00	0	0	0	0	0	0	0	0	0	0	0	0	0	0	0	0	0	0	0	0	0	0	0	0	0	0	0	0	0	0	0	0	0	0	0	0	0	0	0	0	0	200,00	0	0	0	0	0	0	0	0	200,00	200,00	0	0	0	0	0	0	0	0	0	0	0	0	0	0	0	0	0	0	0	0	0	0	0	0	0	0	0	0	0	0	0	0	0	0	0	0	0	0	0	0	0	0	0	0	0	0	0	0	0	0	0	0	0	0	0	0	0	0	0	0	0	0	0	0	0	0	0	0	0	0	0	0	0	0	0	0	0	0	0	0	0	0	0	0	0	0	0	0	0	0	0	0	0	0	0	0	0	0	0	0	0	0	0	0	0	0	0	0	0	0	0	0	0	0	0	
2002	78471	0991409866001	SINRONI S.A.	G	COMERCIO AL POR MAYOR Y AL POR MENOR REPARACIÓN DE VEHÍCULOS AUTOMOTORES Y MOTOCICLETAS.	G4772.01	0	0	0	0	0	777,89	0	0	0	0	0	0	0	0	0	0	0	1023,00	0	0	0	0	0	0	0	0	1800,89	0	0	0	0	0	0	0	0	0	0	0	0	0	0	0	0	0	0	2989,69	0	0	0	0	0	0	0	0	0	0	2989,69	4790,58	1607,41	0	0	0	0	0	0	0	0	0	0	0	0	0	0	0	135,30	0	1742,71	0	0	0	0	0	0	0	0	0	0	0	0	0	0	0	0	0	0	0	0	0	1742,71	200,00	0	3942,57	0	0	73,50	-1168,20	0	0	3047,87	4790,58	0	0	0	0	0	0	0	0	0	0	0	0	0	0	0	0	0	0	0	0	0	0	0	0	0	0	0	0	0	0	0	0	0	0	0	0	0	0	0	0	0	0	0	0	0	0	0	0	0	0	0	0	0	0	0	0	0	0	0	0	0	0	0	0	0	0	0	0	0	0	0	0	0	0	0	0	0	0	0	0	0	0	0	0	0	0	0	0	0	0	0	0	0	0	0	0	0	0	0	0	0	0	0	0	0	0	0	0	0	0	0	0	0	0	0	
2002	78513	0991410384001	NIRIALTE S.A.	G	COMERCIO AL POR MAYOR Y AL POR MENOR REPARACIÓN DE VEHÍCULOS AUTOMOTORES Y MOTOCICLETAS.	G4649.22	0	0	0	0	0	388,16	0	0	0	0	0	0	0	0	0	0	0	2005,21	0	0	0	0	0	4489,53	0	0	6882,90	0	0	0	151,36	0	690,86	0	-64,33	0	0	777,89	0	0	0	0	0	0	0	0	0	0	0	0	0	0	0	0	0	0	0	7660,79	0	0	0	0	0	0	2043,92	0	0	0	0	0	0	0	0	0	0	0	2043,92	0	0	0	0	0	0	0	0	0	0	0	0	0	0	0	0	0	0	0	0	0	2043,92	200,00	0	9831,45	0	0	0	-4414,58	0	0	5616,87	7660,79	0	0	0	0	0	0	0	0	0	0	0	0	0	0	0	0	0	0	0	0	0	0	0	0	0	0	0	0	0	0	0	0	0	0	0	0	0	0	0	0	0	0	0	0	0	0	0	0	0	0	0	0	0	0	0	0	0	0	0	0	0	0	0	0	0	0	0	0	0	0	0	0	0	0	0	0	0	0	0	0	0	0	0	0	0	0	0	0	0	0	0	0	0	0	0	0	0	0	0	0	0	0	0	0	0	0	0	0	0	0	0	0	0	0	0	
2002	78651	0991411895001	REPUESAUTO S.A.	G	COMERCIO AL POR MAYOR Y AL POR MENOR REPARACIÓN DE VEHÍCULOS AUTOMOTORES Y MOTOCICLETAS.	G4530.00	0	0	0	0	0	0	0	0	0	0	0	0	0	0	0	0	0	0	0	0	0	0	0	0	0	200,00	200,00	0	0	0	0	0	0	0	0	0	0	0	0	0	0	0	0	0	0	0	0	0	0	0	0	0	0	0	0	0	0	200,00	0	0	0	0	0	0	0	0	0	0	0	0	0	0	0	0	0	0	0	0	0	0	0	0	0	0	0	0	0	0	0	0	0	0	0	0	0	0	0	0	0	200,00	0	0	0	0	0	0	0	0	200,00	200,00	0	0	0	0	0	0	0	0	0	0	0	0	0	0	0	0	0	0	0	0	0	0	0	0	0	0	0	0	0	0	0	0	0	0	0	0	0	0	0	0	0	0	0	0	0	0	0	0	0	0	0	0	0	0	0	0	0	0	0	0	0	0	0	0	0	0	0	0	0	0	0	0	0	0	0	0	0	0	0	0	0	0	0	0	0	0	0	0	0	0	0	0	0	0	0	0	0	0	0	0	0	0	0	0	0	0	0	0	0	0	0	0	0	0	0	
2002	78671	0991412107001	TRANSPORTE VERAHUR S.A.	H	TRANSPORTE Y ALMACENAMIENTO.	H5012.01	0	0	0	0	0	200,00	0	0	0	0	0	0	0	0	0	0	0	0	0	0	0	0	0	0	0	0	200,00	0	0	0	0	0	0	0	0	0	0	0	0	0	0	0	0	0	0	0	0	0	0	0	0	0	0	0	0	0	0	200,00	0	0	0	0	0	0	0	0	0	0	0	0	0	0	0	0	0	0	0	0	0	0	0	0	0	0	0	0	0	0	0	0	0	0	0	0	0	0	0	0	0	200,00	0	0	0	0	0	0	0	0	200,00	200,00	0	0	0	0	0	0	0	0	0	0	0	0	0	0	0	0	0	0	0	0	0	0	0	0	0	0	0	0	0	0	0	0	0	0	0	0	0	0	0	0	0	0	0	0	0	0	0	0	0	0	0	0	0	0	0	0	0	0	0	0	0	0	0	0	0	0	0	0	0	0	0	0	0	0	0	0	0	0	0	0	0	0	0	0	0	0	0	0	0	0	0	0	0	0	0	0	0	0	0	0	0	0	0	0	0	0	0	0	0	0	0	0	0	0	0	
2002	78812	0991413790001	CRRIKIL S.A.	A	AGRICULTURA, GANADERÍA,  SILVICULTURA Y PESCA.	A0161.01	0	0	0	0	0	200,00	0	0	0	0	0	0	0	0	0	0	0	0	0	0	0	0	0	0	0	0	200,00	0	0	0	0	0	0	0	0	0	0	0	0	0	0	0	0	0	0	0	0	0	0	0	0	0	0	0	0	0	0	200,00	0	0	0	0	0	0	0	0	0	0	0	0	0	0	0	0	0	0	0	0	0	0	0	0	0	0	0	0	0	0	0	0	0	0	0	0	0	0	0	0	0	200,00	0	0	0	0	0	0	0	0	200,00	200,00	0	0	0	0	0	0	0	0	0	0	0	0	0	0	0	0	0	0	0	0	0	0	0	0	0	0	0	0	0	0	0	0	0	0	0	0	0	0	0	0	0	0	0	0	0	0	0	0	0	0	0	0	0	0	0	0	0	0	0	0	0	0	0	0	0	0	0	0	0	0	0	0	0	0	0	0	0	0	0	0	0	0	0	0	0	0	0	0	0	0	0	0	0	0	0	0	0	0	0	0	0	0	0	0	0	0	0	0	0	0	0	0	0	0	0	
2002	78825	0991413820001	FARMALICORP S.A.	G	COMERCIO AL POR MAYOR Y AL POR MENOR REPARACIÓN DE VEHÍCULOS AUTOMOTORES Y MOTOCICLETAS.	G4510.01	0	0	0	0	0	1009,24	0	0	0	0	0	0	0	0	0	0	0	328,04	0	0	0	0	0	0	0	0	1337,28	0	0	0	0	0	0	0	0	0	0	0	0	0	0	0	0	0	0	0	0	0	0	0	0	0	0	0	0	0	0	1337,28	306,43	0	0	0	0	0	0	0	0	0	0	0	0	0	0	0	519,56	989,57	1815,56	0	0	0	0	0	0	0	0	0	0	0	0	0	0	0	0	0	0	0	0	0	1815,56	200,00	0	633,05	0	0	0	-1311,33	0	0	-478,28	1337,28	0	0	0	0	0	0	0	0	0	0	0	0	0	0	0	0	0	0	0	0	0	0	0	0	0	0	0	0	0	0	0	0	0	0	0	0	0	0	0	0	0	0	0	0	0	0	0	0	0	0	0	0	0	0	0	0	0	0	0	0	0	0	0	0	0	0	0	0	0	0	0	0	0	0	0	0	0	0	0	0	0	0	0	0	0	0	0	0	0	0	0	0	0	0	0	0	0	0	0	0	0	0	0	0	0	0	0	0	0	0	0	0	0	0	0	
2002	78877	0991414312001	BIOSCA S.A.	G	COMERCIO AL POR MAYOR Y AL POR MENOR REPARACIÓN DE VEHÍCULOS AUTOMOTORES Y MOTOCICLETAS.	G4641.22	0	0	0	0	0	0	0	0	0	0	0	0	0	0	0	0	0	0	0	0	0	0	0	0	0	0	0	0	0	0	0	0	0	0	0	0	0	0	0	0	0	800,00	-160,00	640,00	0	0	0	0	0	0	0	0	0	0	0	0	0	640,00	0	0	0	0	0	0	0	0	0	0	0	0	0	0	0	0	0	0	0	0	0	0	0	0	0	0	0	0	0	0	0	0	0	0	0	0	0	0	0	0	0	800,00	0	0	0	0	0	-80,00	0	-80,00	640,00	640,00	0	0	0	0	0	0	0	0	0	0	0	0	0	0	0	0	0	0	0	0	0	0	0	0	0	0	0	0	0	0	0	0	0	0	0	0	0	0	0	0	0	0	0	0	0	0	0	0	0	0	0	0	0	0	0	0	0	0	0	0	0	0	0	0	0	0	0	0	0	0	0	0	0	0	0	0	0	0	0	0	0	0	0	0	0	0	0	0	0	0	0	0	0	0	0	0	0	0	80,00	0	0	0	0	0	0	0	0	80,00	80,00	0	-80,00	0	-80,00	0	-80,00	
2002	79027	0991416986001	WHYNOTSA S.A.	M	ACTIVIDADES PROFESIONALES, CIENTÍFICAS Y TÉCNICAS.	M7310.03	0	0	0	0	0	0	0	0	0	0	0	0	0	0	0	0	0	0	0	0	0	0	0	0	0	0	0	10339,55	0	0	0	0	0	0	0	0	0	10339,55	0	0	0	0	0	0	0	0	0	0	0	0	0	0	0	0	0	0	0	10339,55	0	0	0	0	0	0	0	0	8347,74	0	0	0	0	0	0	0	0	0	8347,74	0	0	0	0	0	0	0	0	0	0	0	0	0	0	0	0	0	0	0	0	0	8347,74	800,00	0	0	0	1191,81	0	0	0	0	1991,81	10339,55	0	0	0	0	0	0	0	0	0	0	0	0	0	0	0	0	0	0	0	0	0	0	0	0	0	0	0	0	0	0	0	0	0	0	0	0	0	0	0	0	0	0	0	0	0	0	0	0	0	0	0	0	0	0	0	0	0	0	0	0	0	0	0	0	0	0	0	0	0	0	0	0	0	0	0	0	0	0	0	0	0	0	0	0	0	0	0	0	0	0	0	0	0	0	0	0	0	0	0	0	0	0	0	0	0	0	0	0	0	0	0	0	0	0	0	
2002	79039	0991416870001	DEMO S.A.	C	INDUSTRIAS MANUFACTURERAS.	C1512.09	0	0	0	0	0	200,00	0	0	0	0	0	0	0	0	0	0	0	0	0	0	0	0	0	0	0	0	200,00	0	0	0	0	0	0	0	0	0	0	0	0	0	0	0	0	0	0	0	0	0	0	0	0	0	0	0	0	0	0	200,00	0	0	0	0	0	0	0	0	0	0	0	0	0	0	0	0	0	0	0	0	0	0	0	0	0	0	0	0	0	0	0	0	0	0	0	0	0	0	0	0	0	200,00	0	0	0	0	0	0	0	0	200,00	200,00	0	0	0	0	0	0	0	0	0	0	0	0	0	0	0	0	0	0	0	0	0	0	0	0	0	0	0	0	0	0	0	0	0	0	0	0	0	0	0	0	0	0	0	0	0	0	0	0	0	0	0	0	0	0	0	0	0	0	0	0	0	0	0	0	0	0	0	0	0	0	0	0	0	0	0	0	0	0	0	0	0	0	0	0	0	0	0	0	0	0	0	0	0	0	0	0	0	0	0	0	0	0	0	0	0	0	0	0	0	0	0	0	0	0	0	
2002	79205	0991418180001	PERCOLON S.A.	L	ACTIVIDADES INMOBILIARIAS.	L6810.01	0	0	0	0	0	800,00	0	0	0	0	0	0	0	0	0	0	0	0	0	0	0	0	0	0	0	0	800,00	0	0	0	0	0	0	0	0	0	0	0	0	0	0	0	0	0	0	0	0	0	0	0	0	0	0	0	0	0	0	800,00	0	0	0	0	0	0	0	0	0	0	0	0	0	0	0	0	0	0	0	0	0	0	0	0	0	0	0	0	0	0	0	0	0	0	0	0	0	0	0	0	0	800,00	0	0	0	0	0	0	0	0	800,00	800,00	0	0	0	0	0	0	0	0	0	0	0	0	0	0	0	0	0	0	0	0	0	0	0	0	0	0	0	0	0	0	0	0	0	0	0	0	0	0	0	0	0	0	0	0	0	0	0	0	0	0	0	0	0	0	0	0	0	0	0	0	0	0	0	0	0	0	0	0	0	0	0	0	0	0	0	0	0	0	0	0	0	0	0	0	0	0	0	0	0	0	0	0	0	0	0	0	0	0	0	0	0	0	0	0	0	0	0	0	0	0	0	0	0	0	0	
2002	79243	0991418326001	TELPINSA S.A.	A	AGRICULTURA, GANADERÍA,  SILVICULTURA Y PESCA.	A0161.01	0	0	0	0	0	0	0	0	0	0	0	0	0	0	0	0	0	0	0	0	0	0	0	0	0	0	0	0	0	0	0	0	0	0	0	4881,60	0	4881,60	0	113,99	150,00	0	-60,60	203,39	0	0	0	0	0	0	0	0	0	0	0	0	0	5084,99	0	0	0	0	0	0	0	0	469,59	0	0	0	0	0	0	0	0	0	469,59	0	0	0	0	0	0	0	0	0	0	0	0	0	0	0	0	0	0	0	0	0	469,59	800,00	0	3841,80	0	0	0	-26,40	0	0	4615,40	5084,99	0	0	0	0	0	0	0	0	0	0	0	0	0	0	0	0	0	0	0	0	0	0	0	0	0	0	0	0	0	0	0	0	0	0	0	0	0	0	0	0	0	0	0	0	0	0	0	0	0	0	0	0	0	0	0	0	0	0	0	0	0	0	0	0	0	0	0	0	0	0	0	0	0	0	0	0	0	0	0	0	0	0	0	0	0	0	0	0	0	0	0	0	0	0	0	0	0	0	0	0	0	0	0	0	0	0	0	0	0	0	0	0	0	0	0	
2002	79451	0991420479001	METALICORP S.A.	A	AGRICULTURA, GANADERÍA,  SILVICULTURA Y PESCA.	A0161.01	0	0	0	0	0	200,00	0	0	0	0	0	0	0	0	0	0	0	0	0	0	0	0	0	0	0	0	200,00	0	0	0	0	0	0	0	0	0	0	0	0	0	0	0	0	0	0	0	0	0	0	0	0	0	0	0	0	0	0	200,00	0	0	0	0	0	0	0	0	0	0	0	0	0	0	0	0	0	0	0	0	0	0	0	0	0	0	0	0	0	0	0	0	0	0	0	0	0	0	0	0	0	200,00	0	0	0	0	0	0	0	0	200,00	200,00	0	0	0	0	0	0	0	0	0	0	0	0	0	0	0	0	0	0	0	0	0	0	0	0	0	0	0	0	0	0	0	0	0	0	0	0	0	0	0	0	0	0	0	0	0	0	0	0	0	0	0	0	0	0	0	0	0	0	0	0	0	0	0	0	0	0	0	0	0	0	0	0	0	0	0	0	0	0	0	0	0	0	0	0	0	0	0	0	0	0	0	0	0	0	0	0	0	0	0	0	0	0	0	0	0	0	0	0	0	0	0	0	0	0	0	
2002	80062	0991428003001	FLUME S.A.	G	COMERCIO AL POR MAYOR Y AL POR MENOR REPARACIÓN DE VEHÍCULOS AUTOMOTORES Y MOTOCICLETAS.	G4649.22	0	0	0	0	0	10302,34	0	0	0	0	0	0	0	0	0	0	0	0	0	0	0	0	0	0	0	0	10302,34	0	0	0	0	0	0	0	0	0	0	0	0	199,64	0	0	-119,79	79,85	0	0	0	0	0	0	0	0	0	0	0	0	0	10382,19	632,00	0	0	0	0	0	0	0	0	0	0	0	0	0	0	0	0	0	632,00	0	0	0	0	0	0	0	0	0	0	0	0	0	0	0	0	0	0	0	0	0	632,00	200,00	0	0	0	0	9550,19	0	0	0	9750,19	10382,19	0	0	0	0	0	0	0	0	0	0	0	0	0	0	0	0	0	0	0	0	0	0	0	0	0	0	0	0	0	0	0	0	0	0	0	0	0	0	0	0	0	0	0	0	0	0	0	0	0	0	0	0	0	0	0	0	0	0	0	0	0	0	0	0	0	0	0	0	0	0	0	0	0	0	0	0	0	0	0	0	0	0	0	0	0	0	0	0	0	0	0	0	0	0	0	0	0	0	0	0	0	0	0	0	0	0	0	0	0	0	0	0	0	0	0	
2002	80926	0991337245001	PENSUM COMUNICACIONES PUBLICITARIAS S.A. (PENCOMPSA)	M	ACTIVIDADES PROFESIONALES, CIENTÍFICAS Y TÉCNICAS.	M7310.03	0	0	0	0	0	0	0	0	0	0	0	0	0	0	0	0	0	0	0	0	0	0	0	0	0	0	0	0	0	0	0	0	0	0	0	0	0	0	0	200,00	0	0	0	200,00	0	0	0	0	0	0	0	0	0	0	0	0	0	200,00	0	0	0	0	0	0	0	0	0	0	0	0	0	0	0	0	0	0	0	0	0	0	0	0	0	0	0	0	0	0	0	0	0	0	0	0	0	0	0	0	0	200,00	0	0	0	0	0	0	0	0	200,00	200,00	0	0	0	0	0	0	0	0	0	0	0	0	0	0	0	0	0	0	0	0	0	0	0	0	0	0	0	0	0	0	0	0	0	0	0	0	0	0	0	0	0	0	0	0	0	0	0	0	0	0	0	0	0	0	0	0	0	0	0	0	0	0	0	0	0	0	0	0	0	0	0	0	0	0	0	0	0	0	0	0	0	0	0	0	0	0	0	0	0	0	0	0	0	0	0	0	0	0	0	0	0	0	0	0	0	0	0	0	0	0	0	0	0	0	0	
2002	81012	0991442731001	CIA. ADUANERA ECUATORIANA C.A.E. S.A.	H	TRANSPORTE Y ALMACENAMIENTO.	H5229.03	0	0	0	0	0	0	0	0	0	0	0	0	0	0	0	0	0	0	0	0	0	0	0	0	0	0	0	0	0	0	0	0	0	0	0	0	0	0	0	0	0	0	0	0	0	0	0	0	0	0	4000,00	0	0	0	0	0	4000,00	4000,00	0	0	0	0	0	0	0	0	0	0	0	0	0	0	0	0	0	0	0	0	0	0	0	0	0	0	0	0	0	0	0	0	0	0	0	0	0	0	0	0	0	4000,00	0	0	0	0	0	0	0	0	4000,00	4000,00	0	0	0	0	0	0	0	0	0	0	0	0	0	0	0	0	0	0	0	0	0	0	0	0	0	0	0	0	0	0	0	0	0	0	0	0	0	0	0	0	0	0	0	0	0	0	0	0	0	0	0	0	0	0	0	0	0	0	0	0	0	0	0	0	0	0	0	0	0	0	0	0	0	0	0	0	0	0	0	0	0	0	0	0	0	0	0	0	0	0	0	0	0	0	0	0	0	0	0	0	0	0	0	0	0	0	0	0	0	0	0	0	0	0	0	
2002	81305	0991445838001	ALCUME S.A.	S	OTRAS ACTIVIDADES DE SERVICIOS.	S9609.01	0	0	0	0	0	200,00	0	0	0	0	0	0	0	0	0	0	0	0	0	0	0	0	0	0	0	0	200,00	0	0	0	0	0	0	0	0	0	0	0	0	0	0	0	0	0	0	0	0	0	0	0	0	0	0	0	0	0	0	200,00	0	0	0	0	0	0	0	0	0	0	0	0	0	0	0	0	0	0	0	0	0	0	0	0	0	0	0	0	0	0	0	0	0	0	0	0	0	0	0	0	0	800,00	-600,00	0	0	0	0	0	0	0	200,00	200,00	0	0	0	0	0	0	0	0	0	0	0	0	0	0	0	0	0	0	0	0	0	0	0	0	0	0	0	0	0	0	0	0	0	0	0	0	0	0	0	0	0	0	0	0	0	0	0	0	0	0	0	0	0	0	0	0	0	0	0	0	0	0	0	0	0	0	0	0	0	0	0	0	0	0	0	0	0	0	0	0	0	0	0	0	0	0	0	0	0	0	0	0	0	0	0	0	0	0	0	0	0	0	0	0	0	0	0	0	0	0	0	0	0	0	0	
2002	81545	0991469338001	NOVOLANCE S.A.	A	AGRICULTURA, GANADERÍA,  SILVICULTURA Y PESCA.	A0150.00	0	0	0	0	0	200,00	0	0	0	0	0	0	0	0	0	0	0	0	0	0	0	0	0	0	0	0	200,00	0	0	0	0	0	0	0	0	0	0	0	0	0	0	0	0	0	0	0	0	0	0	0	0	0	0	0	0	0	0	200,00	0	0	0	0	0	0	0	0	0	0	0	0	0	0	0	0	0	0	0	0	0	0	0	0	0	0	0	0	0	0	0	0	0	0	0	0	0	0	0	0	0	200,00	0	0	0	0	0	0	0	0	200,00	200,00	0	0	0	0	0	0	0	0	0	0	0	0	0	0	0	0	0	0	0	0	0	0	0	0	0	0	0	0	0	0	0	0	0	0	0	0	0	0	0	0	0	0	0	0	0	0	0	0	0	0	0	0	0	0	0	0	0	0	0	0	0	0	0	0	0	0	0	0	0	0	0	0	0	0	0	0	0	0	0	0	0	0	0	0	0	0	0	0	0	0	0	0	0	0	0	0	0	0	0	0	0	0	0	0	0	0	0	0	0	0	0	0	0	0	0	
2002	81606	0991448942001	REDES DE AREA LOCAL Y SISTEMAS, LANSIS	J	INFORMACIÓN Y COMUNICACIÓN.	J6201.02	0	0	0	0	0	200,00	0	0	0	0	0	0	0	0	0	0	0	0	0	0	0	0	0	0	0	0	200,00	0	0	0	0	0	0	0	0	0	0	0	0	0	0	0	0	0	0	0	0	0	0	0	0	0	0	0	0	0	0	200,00	0	0	0	0	0	0	0	0	0	0	0	0	0	0	0	0	0	0	0	0	0	0	0	0	0	0	0	0	0	0	0	0	0	0	0	0	0	0	0	0	0	200,00	0	0	0	0	0	0	0	0	200,00	200,00	0	0	0	0	0	0	0	0	0	0	0	0	0	0	0	0	0	0	0	0	0	0	0	0	0	0	0	0	0	0	0	0	0	0	0	0	0	0	0	0	0	0	0	0	0	0	0	0	0	0	0	0	0	0	0	0	0	0	0	0	0	0	0	0	0	0	0	0	0	0	0	0	0	0	0	0	0	0	0	0	0	0	0	0	0	0	0	0	0	0	0	0	0	0	0	0	0	0	0	0	0	0	0	0	0	0	0	0	0	0	0	0	0	0	0	
2002	81611	0991448993001	MASTANDREA S.A.	G	COMERCIO AL POR MAYOR Y AL POR MENOR REPARACIÓN DE VEHÍCULOS AUTOMOTORES Y MOTOCICLETAS.	G4649.22	0	0	0	0	0	200,00	0	0	0	0	0	0	0	0	0	0	0	0	0	0	0	0	0	0	0	0	200,00	0	0	0	0	0	0	0	0	0	0	0	0	0	0	0	0	0	0	0	0	0	0	0	0	0	0	0	0	0	0	200,00	0	0	0	0	0	0	0	0	0	0	0	0	0	0	0	0	0	0	0	0	0	0	0	0	0	0	0	0	0	0	0	0	0	0	0	0	0	0	0	0	0	200,00	0	0	0	0	0	0	0	0	200,00	200,00	0	0	0	0	0	0	0	0	0	0	0	0	0	0	0	0	0	0	0	0	0	0	0	0	0	0	0	0	0	0	0	0	0	0	0	0	0	0	0	0	0	0	0	0	0	0	0	0	0	0	0	0	0	0	0	0	0	0	0	0	0	0	0	0	0	0	0	0	0	0	0	0	0	0	0	0	0	0	0	0	0	0	0	0	0	0	0	0	0	0	0	0	0	0	0	0	0	0	0	0	0	0	0	0	0	0	0	0	0	0	0	0	0	0	0	
2002	82317	0991455728001	FEDE S.A.	L	ACTIVIDADES INMOBILIARIAS.	L6810.01	0	0	0	0	0	0	0	0	0	0	0	0	0	0	0	0	0	0	0	0	0	593,96	0	0	0	0	593,96	0	0	0	0	0	0	0	0	0	0	0	0	0	0	0	0	0	0	0	0	0	0	0	0	0	0	0	0	0	0	593,96	0	0	0	0	0	0	393,96	0	0	0	0	0	0	0	0	0	0	0	393,96	0	0	0	0	0	0	0	0	0	0	0	0	0	0	0	0	0	0	0	0	0	393,96	200,00	0	0	0	0	0	0	0	0	200,00	593,96	0	0	0	0	0	0	0	0	0	0	0	0	0	0	0	0	0	0	0	0	0	0	0	0	0	0	0	0	0	0	0	0	0	0	0	0	0	0	0	0	0	0	0	0	0	0	0	0	0	0	0	0	0	0	0	0	0	0	0	0	0	0	0	0	0	0	0	0	0	0	0	0	0	0	0	0	0	0	0	0	0	0	0	0	0	0	0	0	0	0	0	0	0	0	0	0	0	0	0	0	0	0	0	0	0	0	0	0	0	0	0	0	0	0	0	
2002	82360	0991456287001	MERCADO EXPRESS S.A. MERCAPRESS	A	AGRICULTURA, GANADERÍA,  SILVICULTURA Y PESCA.	A0150.00	0	0	0	0	0	200,00	0	0	0	0	0	0	0	0	0	0	0	0	0	0	0	0	0	0	0	0	200,00	0	0	0	0	0	0	0	0	0	0	0	0	0	0	0	0	0	0	0	0	0	0	0	0	0	0	0	0	0	0	200,00	0	0	0	0	0	0	0	0	0	0	0	0	0	0	0	0	0	0	0	0	0	0	0	0	0	0	0	0	0	0	0	0	0	0	0	0	0	0	0	0	0	200,00	0	0	0	0	0	0	0	0	200,00	200,00	0	0	0	0	0	0	0	0	0	0	0	0	0	0	0	0	0	0	0	0	0	0	0	0	0	0	0	0	0	0	0	0	0	0	0	0	0	0	0	0	0	0	0	0	0	0	0	0	0	0	0	0	0	0	0	0	0	0	0	0	0	0	0	0	0	0	0	0	0	0	0	0	0	0	0	0	0	0	0	0	0	0	0	0	0	0	0	0	0	0	0	0	0	0	0	0	0	0	0	0	0	0	0	0	0	0	0	0	0	0	0	0	0	0	0	
2002	82467	0991457348001	TIVENI S.A.	A	AGRICULTURA, GANADERÍA,  SILVICULTURA Y PESCA.	A0161.01	0	0	0	0	0	992,20	0	0	0	0	0	0	0	0	0	0	0	47,52	0	0	0	0	0	0	0	0	1039,72	414,31	0	0	0	0	0	0	-62,13	0	0	352,18	0	34,82	0	0	-10,33	24,49	0	0	0	0	0	0	0	0	0	0	0	0	0	1416,39	0	0	0	0	0	0	0	0	0	0	0	0	0	0	0	0	140,73	0	140,73	0	0	0	0	0	0	0	0	0	0	0	0	0	0	0	0	0	0	0	0	0	140,73	200,00	0	0	404,29	249,17	0	0	422,20	0	1275,66	1416,39	0	3600,00	0	0	0	0	0	0	0	0	0	0	0	0	3600,00	0	0	0	0	0	0	0	0	0	0	0	0	0	0	0	0	0	0	0	0	0	0	0	0	0	0	0	0	0	0	0	0	0	0	0	0	0	0	0	0	0	0	0	0	0	0	0	0	0	0	0	0	0	0	0	0	0	0	0	0	0	0	0	0	0	0	0	0	0	0	0	0	0	140,00	0	0	0	0	0	20,72	0	0	0	3,48	0	0	370,46	2341,93	0	0	0	370,46	2506,13	2876,59	723,41	0	0	723,41	0	723,41	
2002	82645	0991459375001	MAXSOFT S.A.	J	INFORMACIÓN Y COMUNICACIÓN.	J6209.01	0	0	0	0	0	1787,83	0	0	0	13760,25	0	0	0	153,80	0	-90,29	0	0	0	0	0	0	0	0	0	757,99	16369,58	0	0	0	5763,17	0	0	0	-386,99	0	0	5376,18	0	7177,99	1609,73	0	-231,03	8556,69	0	0	0	0	0	0	0	0	0	0	0	248,50	248,50	30550,95	0	0	17661,80	0	0	0	0	0	0	0	0	0	0	0	0	0	0	683,12	18344,92	0	0	18521,00	0	0	0	0	0	0	0	5963,20	0	0	0	0	0	0	0	24484,20	0	0	42829,12	200,00	0	0	0	1214,36	0	0	0	-13692,53	-12278,17	30550,95	8128,53	0	0	0	0	777,09	0	0	0	0	0	0	0	0	8905,62	0	2035,02	0	0	0	0	0	0	0	0	0	0	0	3710,42	1997,04	0	0	1691,01	0	0	0	0	0	0	0	314,81	0	0	0	0	0	3,91	0	0	0	0	0	0	0	0	0	0	0	0	0	0	0	1172,78	0	0	0	0	0	0	0	0	0	0	0	0	0	0	0	0	0	0	0	1299,40	367,29	0	0	0	0	234,29	0	0	0	0	0	0	215,17	301,55	0	0	301,55	763,65	0	7892,44	0	0	90,29	8639,18	13751,44	22390,62	0	-13485,00	0	-13485,00	0	-13485,00	
2002	82677	0991459715001	PUERTO MAR S.A. PORTOMANSA	A	AGRICULTURA, GANADERÍA,  SILVICULTURA Y PESCA.	A0311.01	0	0	0	0	0	200,00	0	0	0	0	0	0	0	0	0	0	0	0	0	0	0	0	0	0	0	0	200,00	0	0	0	0	0	0	0	0	0	0	0	0	0	0	0	0	0	0	0	0	0	0	0	0	0	0	0	0	0	0	200,00	0	0	0	0	0	0	0	0	0	0	0	0	0	0	0	0	0	0	0	0	0	0	0	0	0	0	0	0	0	0	0	0	0	0	0	0	0	0	0	0	0	200,00	0	0	0	0	0	0	0	0	200,00	200,00	0	0	0	0	0	0	0	0	0	0	0	0	0	0	0	0	0	0	0	0	0	0	0	0	0	0	0	0	0	0	0	0	0	0	0	0	0	0	0	0	0	0	0	0	0	0	0	0	0	0	0	0	0	0	0	0	0	0	0	0	0	0	0	0	0	0	0	0	0	0	0	0	0	0	0	0	0	0	0	0	0	0	0	0	0	0	0	0	0	0	0	0	0	0	0	0	0	0	0	0	0	0	0	0	0	0	0	0	0	0	0	0	0	0	0	
2002	82745	0991460438001	ABITELSA S.A.	G	COMERCIO AL POR MAYOR Y AL POR MENOR REPARACIÓN DE VEHÍCULOS AUTOMOTORES Y MOTOCICLETAS.	G4690.00	0	0	0	0	0	800,00	0	0	0	0	0	0	0	0	0	0	0	0	0	0	0	0	0	0	0	0	800,00	0	0	0	0	0	0	0	0	37000,00	0	37000,00	0	0	0	0	0	0	0	0	0	0	0	0	0	0	0	0	0	0	0	37800,00	0	0	0	0	0	0	0	0	0	0	0	0	0	0	0	0	0	0	0	0	0	0	0	0	0	0	0	0	0	0	0	0	0	0	0	0	0	0	0	0	0	800,00	0	37000,00	0	0	0	0	0	0	37800,00	37800,00	0	0	0	0	0	0	0	0	0	0	0	0	0	0	0	0	0	0	0	0	0	0	0	0	0	0	0	0	0	0	0	0	0	0	0	0	0	0	0	0	0	0	0	0	0	0	0	0	0	0	0	0	0	0	0	0	0	0	0	0	0	0	0	0	0	0	0	0	0	0	0	0	0	0	0	0	0	0	0	0	0	0	0	0	0	0	0	0	0	0	0	0	0	0	0	0	0	0	0	0	0	0	0	0	0	0	0	0	0	0	0	0	0	0	0	
2002	82748	0991460535001	GRUPO COMERCIAL MATUTE S.A. GRUCOMASA	C	INDUSTRIAS MANUFACTURERAS.	C2013.11	0	0	0	0	0	1000,00	0	0	0	0	0	0	0	0	0	0	0	0	0	0	0	0	0	0	0	0	1000,00	0	0	0	0	0	0	0	0	0	0	0	0	0	0	0	0	0	0	0	0	0	0	0	0	0	0	0	0	0	0	1000,00	0	0	0	0	0	0	0	0	0	0	0	0	0	0	0	0	0	0	0	0	0	0	0	0	0	0	0	0	0	0	0	0	0	0	0	0	0	0	0	0	0	1000,00	0	0	0	0	0	0	0	0	1000,00	1000,00	0	0	0	0	0	0	0	0	0	0	0	0	0	0	0	0	0	0	0	0	0	0	0	0	0	0	0	0	0	0	0	0	0	0	0	0	0	0	0	0	0	0	0	0	0	0	0	0	0	0	0	0	0	0	0	0	0	0	0	0	0	0	0	0	0	0	0	0	0	0	0	0	0	0	0	0	0	0	0	0	0	0	0	0	0	0	0	0	0	0	0	0	0	0	0	0	0	0	0	0	0	0	0	0	0	0	0	0	0	0	0	0	0	0	0	
2002	82888	0991462090001	INMOBILIARIA JOSE CHONG S.A. (JOCHONSA)	L	ACTIVIDADES INMOBILIARIAS.	L6820.01	0	0	0	0	0	0	0	0	0	0	0	0	0	0	0	0	0	0	0	0	0	0	0	0	0	0	0	4141,11	0	0	0	0	0	0	0	0	0	4141,11	0	0	0	0	0	0	0	0	0	0	0	0	0	0	0	0	0	0	0	4141,11	0	0	0	0	0	0	0	0	0	0	0	0	0	0	0	0	0	0	0	0	0	0	0	0	0	2206,00	0	0	0	0	0	0	0	0	0	0	0	2206,00	0	0	2206,00	200,00	0	0	0	1735,11	0	0	0	0	1935,11	4141,11	0	0	0	0	0	0	0	0	0	0	0	0	0	0	0	0	0	0	0	0	0	0	0	0	0	0	0	0	0	0	0	0	0	0	0	0	0	0	0	0	0	0	0	0	0	0	0	0	0	0	0	0	0	0	0	0	0	0	0	0	0	0	0	0	0	0	0	0	0	0	0	0	0	0	0	0	0	0	0	0	0	0	0	0	0	0	0	0	0	0	0	0	0	0	0	0	0	0	0	0	0	0	0	0	0	0	0	0	0	0	0	0	0	0	0	
2002	83155	0991468153001	SURCOSTAN S.A.	A	AGRICULTURA, GANADERÍA,  SILVICULTURA Y PESCA.	A0150.00	0	0	0	0	0	200,00	0	0	0	0	0	0	0	0	0	0	0	0	0	0	0	0	0	0	0	0	200,00	20250,00	0	0	0	0	0	0	0	0	0	20250,00	0	0	0	0	0	0	0	0	0	0	0	0	0	0	0	0	0	0	0	20450,00	0	0	0	0	0	0	0	0	0	0	0	0	0	0	0	0	0	0	0	0	0	0	0	0	0	0	0	0	0	0	0	0	0	0	0	0	0	0	0	0	0	800,00	0	19650,00	0	0	0	0	0	0	20450,00	20450,00	0	0	0	0	0	0	0	0	0	0	0	0	0	0	0	0	0	0	0	0	0	0	0	0	0	0	0	0	0	0	0	0	0	0	0	0	0	0	0	0	0	0	0	0	0	0	0	0	0	0	0	0	0	0	0	0	0	0	0	0	0	0	0	0	0	0	0	0	0	0	0	0	0	0	0	0	0	0	0	0	0	0	0	0	0	0	0	0	0	0	0	0	0	0	0	0	0	0	0	0	0	0	0	0	0	0	0	0	0	0	0	0	0	0	0	
2002	83262	0991469486001	DELICIAS AL PALADAR S.A. DELIPASA	I	ACTIVIDADES DE ALOJAMIENTO Y DE SERVICIO DE COMIDAS.	I5629.01	0	0	0	0	0	200,00	0	0	0	0	0	0	0	0	0	0	0	0	0	0	0	0	0	0	0	0	200,00	0	0	0	0	0	0	0	0	0	0	0	0	0	0	0	0	0	0	0	0	0	0	0	0	0	0	0	0	0	0	200,00	0	0	0	0	0	0	0	0	0	0	0	0	0	0	0	0	0	0	0	0	0	0	0	0	0	0	0	0	0	0	0	0	0	0	0	0	0	0	0	0	0	200,00	0	0	0	0	0	0	0	0	200,00	200,00	0	0	0	0	0	0	0	0	0	0	0	0	0	0	0	0	0	0	0	0	0	0	0	0	0	0	0	0	0	0	0	0	0	0	0	0	0	0	0	0	0	0	0	0	0	0	0	0	0	0	0	0	0	0	0	0	0	0	0	0	0	0	0	0	0	0	0	0	0	0	0	0	0	0	0	0	0	0	0	0	0	0	0	0	0	0	0	0	0	0	0	0	0	0	0	0	0	0	0	0	0	0	0	0	0	0	0	0	0	0	0	0	0	0	0	
2002	83353	0991470344001	INMOBILIARIA ANCRIYO S.A.	N	ACTIVIDADES DE SERVICIOS ADMINISTRATIVOS Y DE APOYO.	N7810.00	0	0	0	0	0	350,00	0	0	0	0	0	0	0	0	0	0	0	0	0	0	0	0	0	0	0	0	350,00	65000,00	0	0	0	0	0	0	0	0	0	65000,00	0	0	0	0	0	0	0	0	0	0	0	0	0	0	0	0	0	0	0	65350,00	0	0	0	0	0	0	0	0	0	0	65000,00	0	0	0	0	0	0	0	65000,00	0	0	0	0	0	0	0	0	0	0	0	0	0	0	0	0	0	0	0	0	0	65000,00	800,00	-450,00	0	0	0	0	0	0	0	350,00	65350,00	0	0	0	0	0	0	0	0	0	0	0	0	0	0	0	0	0	0	0	0	0	0	0	0	0	0	0	0	0	0	0	0	0	0	0	0	0	0	0	0	0	0	0	0	0	0	0	0	0	0	0	0	0	0	0	0	0	0	0	0	0	0	0	0	0	0	0	0	0	0	0	0	0	0	0	0	0	0	0	0	0	0	0	0	0	0	0	0	0	0	0	0	0	0	0	0	0	0	0	0	0	0	0	0	0	0	0	0	0	0	0	0	0	0	0	
2002	83619	0991473386001	CIAMENCO S.A.	L	ACTIVIDADES INMOBILIARIAS.	L6810.01	0	0	0	0	0	0	0	0	0	0	0	0	0	0	0	0	0	0	0	0	0	0	0	0	0	0	0	0	0	0	0	0	0	0	0	15750,00	0	15750,00	0	0	0	0	0	0	0	0	0	0	0	0	0	0	0	0	0	0	0	15750,00	0	0	0	0	0	0	9750,00	0	0	0	0	0	0	0	0	0	0	0	9750,00	0	0	0	0	0	0	0	0	0	0	0	0	0	0	0	0	0	0	0	0	0	9750,00	6000,00	0	0	0	0	0	0	0	0	6000,00	15750,00	0	0	0	0	0	0	0	0	0	0	0	0	0	0	0	0	0	0	0	0	0	0	0	0	0	0	0	0	0	0	0	0	0	0	0	0	0	0	0	0	0	0	0	0	0	0	0	0	0	0	0	0	0	0	0	0	0	0	0	0	0	0	0	0	0	0	0	0	0	0	0	0	0	0	0	0	0	0	0	0	0	0	0	0	0	0	0	0	0	0	0	0	0	0	0	0	0	0	0	0	0	0	0	0	0	0	0	0	0	0	0	0	0	0	0	
2002	83663	0991473823001	MACROLEG S.A.	L	ACTIVIDADES INMOBILIARIAS.	L6810.01	0	0	0	0	0	0	0	0	0	0	0	0	0	0	0	0	0	0	0	0	0	0	0	0	0	0	0	0	0	0	0	0	0	0	0	0	0	0	0	200,00	0	0	0	200,00	0	0	0	0	0	0	0	0	0	0	0	0	0	200,00	0	0	0	0	0	0	0	0	0	0	0	0	0	0	0	0	0	0	0	0	0	0	0	0	0	0	0	0	0	0	0	0	0	0	0	0	0	0	0	0	0	200,00	0	0	0	0	0	0	0	0	200,00	200,00	0	0	0	0	0	0	0	0	0	0	0	0	0	0	0	0	0	0	0	0	0	0	0	0	0	0	0	0	0	0	0	0	0	0	0	0	0	0	0	0	0	0	0	0	0	0	0	0	0	0	0	0	0	0	0	0	0	0	0	0	0	0	0	0	0	0	0	0	0	0	0	0	0	0	0	0	0	0	0	0	0	0	0	0	0	0	0	0	0	0	0	0	0	0	0	0	0	0	0	0	0	0	0	0	0	0	0	0	0	0	0	0	0	0	0	
2002	83693	0991474188001	INMOANNIE S.A. INMOBILIARIA ANA MARIA	L	ACTIVIDADES INMOBILIARIAS.	L6810.01	0	0	0	0	0	800,00	0	0	0	0	0	0	0	0	0	0	0	0	0	0	0	0	0	0	0	0	800,00	0	0	0	0	0	0	0	0	0	0	0	0	0	0	0	0	0	0	0	0	0	0	0	0	0	0	0	0	0	0	800,00	0	0	0	0	0	0	0	0	0	0	0	0	0	0	0	0	0	0	0	0	0	0	0	0	0	0	0	0	0	0	0	0	0	0	0	0	0	0	0	0	0	800,00	0	0	0	0	0	0	0	0	800,00	800,00	0	0	0	0	0	0	0	0	0	0	0	0	0	0	0	0	0	0	0	0	0	0	0	0	0	0	0	0	0	0	0	0	0	0	0	0	0	0	0	0	0	0	0	0	0	0	0	0	0	0	0	0	0	0	0	0	0	0	0	0	0	0	0	0	0	0	0	0	0	0	0	0	0	0	0	0	0	0	0	0	0	0	0	0	0	0	0	0	0	0	0	0	0	0	0	0	0	0	0	0	0	0	0	0	0	0	0	0	0	0	0	0	0	0	0	
2002	83817	0991475478001	BUQUENSA S.A.	A	AGRICULTURA, GANADERÍA,  SILVICULTURA Y PESCA.	A0321.01	0	0	0	0	0	723,60	0	0	0	0	0	0	0	0	0	0	0	0	0	0	0	0	0	0	0	0	723,60	0	0	0	4850,00	0	6850,00	0	-1882,00	10000,00	0	19818,00	0	200,00	0	0	-200,00	0	0	0	0	0	0	0	0	0	0	0	0	0	0	20541,60	0	0	0	0	13430,70	0	0	0	0	0	0	0	0	0	0	0	0	0	13430,70	0	0	0	0	0	0	0	0	0	0	0	0	0	0	0	0	0	0	0	0	0	13430,70	400,00	-200,00	24260,50	0	0	0	-10597,90	0	-6751,70	7110,90	20541,60	0	0	0	0	0	0	0	0	0	0	0	0	0	0	0	0	0	0	0	0	0	0	0	0	0	0	0	0	0	414,00	0	0	0	0	0	0	0	0	0	0	0	467,25	0	23,00	0	0	0	0	0	0	0	0	0	0	0	0	0	0	0	0	0	0	0	0	0	0	2705,47	0	0	0	0	0	0	0	0	0	0	0	0	0	0	0	0	0	0	0	0	638,50	0	0	0	0	0	0	0	1205,00	0	0	0	0	0	0	325,31	0	973,17	0	1205,00	5546,70	6751,70	0	-6751,70	0	-6751,70	0	-6751,70	
2002	84185	0991506500001	INDUNORTE S.A.	L	ACTIVIDADES INMOBILIARIAS.	L6810.01	0	0	0	0	0	200,00	0	0	0	0	0	0	0	0	0	0	0	0	0	0	0	0	0	0	0	0	200,00	29728,83	0	0	0	0	0	0	0	0	0	29728,83	0	0	0	0	0	0	0	0	0	0	0	0	0	0	0	0	0	0	0	29928,83	0	0	0	0	0	0	0	0	0	0	0	0	0	0	0	0	0	0	0	29728,83	0	0	0	0	0	0	0	0	0	0	0	0	0	0	0	0	0	29728,83	0	0	29728,83	200,00	0	0	0	0	0	0	0	0	200,00	29928,83	0	0	0	0	0	0	0	0	0	0	0	0	0	0	0	0	0	0	0	0	0	0	0	0	0	0	0	0	0	0	0	0	0	0	0	0	0	0	0	0	0	0	0	0	0	0	0	0	0	0	0	0	0	0	0	0	0	0	0	0	0	0	0	0	0	0	0	0	0	0	0	0	0	0	0	0	0	0	0	0	0	0	0	0	0	0	0	0	0	0	0	0	0	0	0	0	0	0	0	0	0	0	0	0	0	0	0	0	0	0	0	0	0	0	0	
2002	84489	0991509623001	SUCESFUL S.A.	I	ACTIVIDADES DE ALOJAMIENTO Y DE SERVICIO DE COMIDAS.	I5610.01	0	0	0	0	0	0	0	0	0	0	0	0	0	0	0	0	0	0	0	0	0	0	0	0	0	0	0	10483,80	0	0	8630,55	0	0	0	-1181,48	0	0	17932,87	0	1339,79	0	3335,82	0	4675,61	0	0	0	0	0	0	0	0	0	0	0	0	0	22608,48	933,76	0	0	0	0	0	36438,50	0	0	0	0	0	0	0	0	0	24,67	37,18	37434,11	0	0	0	0	0	0	0	0	0	0	0	0	0	0	0	0	0	0	0	0	0	37434,11	50,00	0	150,00	0	4046,23	0	0	0	-19071,86	-14825,63	22608,48	0	0	0	0	0	0	0	0	0	0	0	0	0	0	0	0	0	0	0	0	0	0	0	0	0	0	0	0	0	0	0	0	0	0	0	0	0	0	0	0	0	0	0	0	0	0	0	0	0	0	0	0	0	0	0	0	0	0	0	0	0	0	0	0	0	0	0	0	0	0	0	0	0	0	0	0	0	0	0	0	0	0	0	0	0	0	0	0	0	0	0	0	0	0	0	0	0	0	0	0	0	0	0	0	0	0	0	0	0	0	0	0	0	0	0	
2002	84535	0991510168001	ESPORASA S.A.	G	COMERCIO AL POR MAYOR Y AL POR MENOR REPARACIÓN DE VEHÍCULOS AUTOMOTORES Y MOTOCICLETAS.	G4630.21	0	0	0	0	0	200,00	0	0	0	0	0	0	0	0	0	0	0	0	0	0	0	0	0	0	0	0	200,00	0	0	0	0	0	0	0	0	0	0	0	0	0	0	0	0	0	0	0	0	0	0	0	0	0	0	0	0	0	0	200,00	0	0	0	0	0	0	0	0	0	0	0	0	0	0	0	0	0	0	0	0	0	0	0	0	0	0	0	0	0	0	0	0	0	0	0	0	0	0	0	0	0	200,00	0	0	0	0	0	0	0	0	200,00	200,00	0	0	0	0	0	0	0	0	0	0	0	0	0	0	0	0	0	0	0	0	0	0	0	0	0	0	0	0	0	0	0	0	0	0	0	0	0	0	0	0	0	0	0	0	0	0	0	0	0	0	0	0	0	0	0	0	0	0	0	0	0	0	0	0	0	0	0	0	0	0	0	0	0	0	0	0	0	0	0	0	0	0	0	0	0	0	0	0	0	0	0	0	0	0	0	0	0	0	0	0	0	0	0	0	0	0	0	0	0	0	0	0	0	0	0	
2002	84676	0991511709001	FENIX INTERNATIONAL S.A. INTERFENIX	G	COMERCIO AL POR MAYOR Y AL POR MENOR REPARACIÓN DE VEHÍCULOS AUTOMOTORES Y MOTOCICLETAS.	G4630.95	0	0	0	0	0	200,00	0	0	0	0	0	0	0	0	0	0	0	0	0	0	0	0	0	0	0	0	200,00	0	0	0	0	0	0	0	0	0	0	0	0	0	0	0	0	0	0	0	0	0	0	0	0	0	0	0	0	0	0	200,00	0	0	0	0	0	0	0	0	0	0	0	0	0	0	0	0	0	0	0	0	0	0	0	0	0	0	0	0	0	0	0	0	0	0	0	0	0	0	0	0	0	200,00	0	0	0	0	0	0	0	0	200,00	200,00	0	0	0	0	0	0	0	0	0	0	0	0	0	0	0	0	0	0	0	0	0	0	0	0	0	0	0	0	0	0	0	0	0	0	0	0	0	0	0	0	0	0	0	0	0	0	0	0	0	0	0	0	0	0	0	0	0	0	0	0	0	0	0	0	0	0	0	0	0	0	0	0	0	0	0	0	0	0	0	0	0	0	0	0	0	0	0	0	0	0	0	0	0	0	0	0	0	0	0	0	0	0	0	0	0	0	0	0	0	0	0	0	0	0	0	
2002	84783	0991512845001	OLBERY S.A.	G	COMERCIO AL POR MAYOR Y AL POR MENOR REPARACIÓN DE VEHÍCULOS AUTOMOTORES Y MOTOCICLETAS.	G4649.22	0	0	0	0	0	200,00	0	0	0	0	0	0	0	0	0	0	0	0	0	0	0	0	0	0	0	0	200,00	1213,31	0	0	0	0	0	0	0	0	0	1213,31	0	0	0	0	0	0	0	0	0	0	0	0	0	0	0	0	0	0	0	1413,31	0	0	0	0	0	0	0	0	0	0	0	0	0	0	0	0	0	0	0	0	0	0	0	0	0	1213,31	0	0	0	0	0	0	0	0	0	0	0	1213,31	0	0	1213,31	200,00	0	0	0	0	0	0	0	0	200,00	1413,31	0	0	0	0	0	0	0	0	0	0	0	0	0	0	0	0	0	0	0	0	0	0	0	0	0	0	0	0	0	0	0	0	0	0	0	0	0	0	0	0	0	0	0	0	0	0	0	0	0	0	0	0	0	0	0	0	0	0	0	0	0	0	0	0	0	0	0	0	0	0	0	0	0	0	0	0	0	0	0	0	0	0	0	0	0	0	0	0	0	0	0	0	0	0	0	0	0	0	0	0	0	0	0	0	0	0	0	0	0	0	0	0	0	0	0	
2002	85829	1791395190001	NORTHERN LIGHT ECUADOR S.A. NORLIGEC	M	ACTIVIDADES PROFESIONALES, CIENTÍFICAS Y TÉCNICAS.	M7020.04	0	0	0	0	0	336,91	7890,77	0	0	0	0	0	0	7925,92	0	0	115,54	725,89	0	0	0	0	0	0	0	0	16995,03	50,00	0	14642,92	0	23747,99	0	0	-19372,35	0	0	19068,56	200,00	0	0	0	-149,92	50,08	0	0	0	0	0	0	0	0	0	0	0	0	0	36113,67	0	0	0	0	0	0	0	0	26,41	0	0	0	0	0	0	0	0	0	26,41	0	0	0	0	0	0	0	0	0	0	0	0	0	0	0	0	0	0	0	0	0	26,41	34880,00	0	0	27,33	18618,63	401,39	-11596,08	0	-6244,01	36087,26	36113,67	2400,00	0	0	0	0	3,07	0	0	0	0	0	0	0	0	2403,07	0	0	0	0	0	0	0	0	0	0	0	0	0	0	0	0	366,92	0	0	0	0	0	0	425,00	0	0	0	0	0	0	0	190,81	0	0	0	0	0	0	0	0	0	0	0	0	0	0	0	0	0	0	0	0	0	0	0	0	0	0	0	0	0	0	0	0	0	0	0	0	0	0	0	0	0	1369,62	0	0	0	0	6218,89	0	0	0	40,00	0	0	0	35,84	0	0	0	0	6910,54	1736,54	8647,08	0	-6244,01	0	-6244,01	0	-6244,01	
2002	87788	1791289706001	INMOBILIARIA INANTARTICO S.A.	F	CONSTRUCCIÓN.	F4100.10	0	0	0	0	0	,40	0	0	0	0	0	0	0	0	0	0	0	0	0	0	0	0	0	0	0	0	,40	0	0	0	0	0	0	0	0	1126,36	0	1126,36	0	0	0	0	0	0	0	0	0	0	0	0	0	0	0	0	0	0	0	1126,76	0	0	0	0	0	0	0	0	0	0	0	0	0	0	0	0	0	0	0	0	0	0	0	0	0	0	0	0	0	0	0	0	0	0	0	0	0	0	0	0	0	400,40	0	0	0	726,36	0	0	0	0	1126,76	1126,76	0	0	0	0	0	0	0	0	0	0	0	0	0	0	0	0	0	0	0	0	0	0	0	0	0	0	0	0	0	0	0	0	0	0	0	0	0	0	0	0	0	0	0	0	0	0	0	0	0	0	0	0	0	0	0	0	0	0	0	0	0	0	0	0	0	0	0	0	0	0	0	0	0	0	0	0	0	0	0	0	0	0	0	0	0	0	0	0	0	0	0	0	0	0	0	0	0	0	0	0	0	0	0	0	0	0	0	0	0	0	0	0	0	0	0	
2002	93745	1791856937001	GABIANNY CIA. LTDA	G	COMERCIO AL POR MAYOR Y AL POR MENOR REPARACIÓN DE VEHÍCULOS AUTOMOTORES Y MOTOCICLETAS.	G4690.00	0	0	0	0	0	0	0	0	0	0	0	0	0	0	0	0	0	0	0	0	0	0	0	0	0	0	0	0	0	0	0	0	0	0	0	0	0	0	0	0	0	0	0	0	0	0	0	0	0	0	400,00	0	0	0	0	0	400,00	400,00	0	0	0	0	0	0	0	0	0	0	0	0	0	0	0	0	0	0	0	0	0	0	0	0	0	0	0	0	0	0	0	0	0	0	0	0	0	0	0	0	0	800,00	-400,00	0	0	0	0	0	0	0	400,00	400,00	0	0	0	0	0	0	0	0	0	0	0	0	0	0	0	0	0	0	0	0	0	0	0	0	0	0	0	0	0	0	0	0	0	0	0	0	0	0	0	0	0	0	0	0	0	0	0	0	0	0	0	0	0	0	0	0	0	0	0	0	0	0	0	0	0	0	0	0	0	0	0	0	0	0	0	0	0	0	0	0	0	0	0	0	0	0	0	0	0	0	0	0	0	0	0	0	0	0	0	0	0	0	0	0	0	0	0	0	0	0	0	0	0	0	0	
2002	93879	0591705717001	COMPAÑIA DE TRANSPORTES EN TAXIS RAMON BARBA NARANJO C.A.	H	TRANSPORTE Y ALMACENAMIENTO.	H4922.02	0	0	0	0	0	0	800,00	0	0	0	0	0	0	0	0	0	0	0	0	0	0	0	0	0	0	0	800,00	0	0	0	0	0	0	0	0	0	0	0	0	0	0	0	0	0	0	0	0	0	0	0	0	0	0	0	0	0	0	800,00	0	0	0	0	0	0	0	0	0	0	0	0	0	0	0	0	0	0	0	0	0	0	0	0	0	0	0	0	0	0	0	0	0	0	0	0	0	0	0	0	0	800,00	0	0	0	0	0	0	0	0	800,00	800,00	0	0	0	0	0	0	0	0	0	0	0	0	0	0	0	0	0	0	0	0	0	0	0	0	0	0	0	0	0	0	0	0	0	0	0	0	0	0	0	0	0	0	0	0	0	0	0	0	0	0	0	0	0	0	0	0	0	0	0	0	0	0	0	0	0	0	0	0	0	0	0	0	0	0	0	0	0	0	0	0	0	0	0	0	0	0	0	0	0	0	0	0	0	0	0	0	0	0	0	0	0	0	0	0	0	0	0	0	0	0	0	0	0	0	0	
2002	94813	1791884566001	SERVICIOS & LOGISTICA TURISMO ECUADOR CIA. LTDA.	H	TRANSPORTE Y ALMACENAMIENTO.	H4922.01	0	0	0	0	0	0	0	0	0	0	0	0	0	0	0	-78,50	0	0	0	0	0	0	0	0	0	0	-78,50	0	0	0	0	0	9990,50	0	-1669,56	0	0	8320,94	0	0	0	0	0	0	0	0	0	0	0	0	0	0	0	0	0	0	0	8242,44	0	0	0	0	0	0	0	0	0	0	0	0	0	0	0	0	0	0	0	0	0	0	0	0	0	0	0	0	0	0	0	0	0	0	0	0	0	0	0	0	0	10000,00	0	0	0	0	0	0	0	-1757,56	8242,44	8242,44	0	0	0	0	0	0	0	0	0	0	0	0	0	0	0	0	0	0	0	0	0	0	0	0	0	0	0	0	0	0	0	0	0	0	0	0	0	0	0	0	0	0	0	0	0	0	0	0	0	0	0	0	0	0	0	0	0	0	0	0	0	0	0	0	0	0	0	0	0	0	0	0	0	0	0	0	0	0	0	0	0	0	0	0	0	0	0	0	0	0	0	0	0	0	0	0	1669,56	0	0	0	0	0	0	0	88,00	0	0	1757,56	1757,56	0	-1757,56	0	-1757,56	0	-1757,56	
2002	98992	0993100838001	TRADEWATCH S.A.	A	AGRICULTURA, GANADERÍA,  SILVICULTURA Y PESCA.	A0150.00	0	0	0	0	0	200,00	0	0	0	0	0	0	0	0	0	0	0	0	0	0	0	0	0	0	0	0	200,00	0	0	0	0	0	0	0	0	0	0	0	0	0	0	0	0	0	0	0	0	0	0	0	0	0	0	0	0	0	0	200,00	0	0	0	0	0	0	0	0	0	0	0	0	0	0	0	0	0	0	0	0	0	0	0	0	0	0	0	0	0	0	0	0	0	0	0	0	0	0	0	0	0	200,00	0	0	0	0	0	0	0	0	200,00	200,00	0	0	0	0	0	0	0	0	0	0	0	0	0	0	0	0	0	0	0	0	0	0	0	0	0	0	0	0	0	0	0	0	0	0	0	0	0	0	0	0	0	0	0	0	0	0	0	0	0	0	0	0	0	0	0	0	0	0	0	0	0	0	0	0	0	0	0	0	0	0	0	0	0	0	0	0	0	0	0	0	0	0	0	0	0	0	0	0	0	0	0	0	0	0	0	0	0	0	0	0	0	0	0	0	0	0	0	0	0	0	0	0	0	0	0	
2002	99283	0992105089001	TUBARAOS S.A.	F	CONSTRUCCIÓN.	F4100.10	0	0	0	0	0	26,00	0	0	0	0	0	0	0	0	0	0	0	0	0	0	0	0	0	0	0	0	26,00	0	0	0	0	0	0	0	0	1216,00	0	1216,00	0	0	0	174,00	0	174,00	0	0	0	0	0	0	0	0	0	0	0	0	0	1416,00	0	0	0	0	0	0	240,00	0	0	0	0	0	0	0	0	0	0	0	240,00	0	0	0	0	0	0	0	0	0	0	0	0	0	0	0	0	0	0	0	0	0	240,00	200,00	0	0	0	976,00	0	0	0	0	1176,00	1416,00	0	0	0	0	0	0	0	0	0	0	0	0	0	0	0	0	0	0	0	0	0	0	0	0	0	0	0	0	0	0	0	0	0	0	0	0	0	0	0	0	0	0	0	0	0	0	0	0	0	0	0	0	0	0	0	0	0	0	0	0	0	0	0	0	0	0	0	0	0	0	0	0	0	0	0	0	0	0	0	0	0	0	0	0	0	0	0	0	0	0	0	0	0	0	0	0	0	0	0	0	0	0	0	0	0	0	0	0	0	0	0	0	0	0	0	
2002	99360	0992103426001	TRANSPOWER S.A.	H	TRANSPORTE Y ALMACENAMIENTO.	H5310.00	0	0	0	0	0	800,00	0	0	0	0	0	0	0	0	0	0	0	0	0	0	0	0	0	0	0	0	800,00	0	0	0	0	0	0	0	0	0	0	0	0	0	0	0	0	0	0	0	0	0	0	0	0	0	0	0	0	0	0	800,00	0	0	0	0	0	0	0	0	0	0	0	0	0	0	0	0	0	0	0	0	0	0	0	0	0	0	0	0	0	0	0	0	0	0	0	0	0	0	0	0	0	800,00	0	0	0	0	0	0	0	0	800,00	800,00	0	0	0	0	0	0	0	0	0	0	0	0	0	0	0	0	0	0	0	0	0	0	0	0	0	0	0	0	0	0	0	0	0	0	0	0	0	0	0	0	0	0	0	0	0	0	0	0	0	0	0	0	0	0	0	0	0	0	0	0	0	0	0	0	0	0	0	0	0	0	0	0	0	0	0	0	0	0	0	0	0	0	0	0	0	0	0	0	0	0	0	0	0	0	0	0	0	0	0	0	0	0	0	0	0	0	0	0	0	0	0	0	0	0	0	
2002	99363	0992104368001	BLUEBEACH S.A.	G	COMERCIO AL POR MAYOR Y AL POR MENOR REPARACIÓN DE VEHÍCULOS AUTOMOTORES Y MOTOCICLETAS.	G4719.00	0	0	0	0	0	0	0	0	0	0	0	0	0	0	0	0	0	0	0	0	0	0	0	0	0	0	0	21677,89	0	0	0	0	0	0	0	3825,51	0	25503,40	0	0	0	0	0	0	0	0	0	0	0	0	0	0	0	0	0	0	0	25503,40	0	0	0	0	0	0	0	0	0	0	0	0	0	0	0	0	0	0	0	0	0	0	0	0	0	24703,40	0	0	0	0	0	0	0	0	0	0	0	24703,40	0	0	24703,40	800,00	0	0	0	0	0	0	0	0	800,00	25503,40	0	0	0	0	0	0	0	0	0	0	0	0	0	0	0	0	0	0	0	0	0	0	0	0	0	0	0	0	0	0	0	0	0	0	0	0	0	0	0	0	0	0	0	0	0	0	0	0	0	0	0	0	0	0	0	0	0	0	0	0	0	0	0	0	0	0	0	0	0	0	0	0	0	0	0	0	0	0	0	0	0	0	0	0	0	0	0	0	0	0	0	0	0	0	0	0	0	0	0	0	0	0	0	0	0	0	0	0	0	0	0	0	0	0	0	
2002	99648	0992106409001	ARBOGUA S.A.	L	ACTIVIDADES INMOBILIARIAS.	L6810.01	0	0	0	0	0	800,00	0	0	0	0	0	0	0	0	0	0	0	0	0	0	0	0	0	0	0	0	800,00	0	0	0	0	0	0	0	0	0	0	0	0	0	0	0	0	0	0	0	0	0	0	0	0	0	0	0	0	0	0	800,00	0	0	0	0	0	0	0	0	0	0	0	0	0	0	0	0	0	0	0	0	0	0	0	0	0	0	0	0	0	0	0	0	0	0	0	0	0	0	0	0	0	800,00	0	0	0	0	0	0	0	0	800,00	800,00	0	0	0	0	0	0	0	0	0	0	0	0	0	0	0	0	0	0	0	0	0	0	0	0	0	0	0	0	0	0	0	0	0	0	0	0	0	0	0	0	0	0	0	0	0	0	0	0	0	0	0	0	0	0	0	0	0	0	0	0	0	0	0	0	0	0	0	0	0	0	0	0	0	0	0	0	0	0	0	0	0	0	0	0	0	0	0	0	0	0	0	0	0	0	0	0	0	0	0	0	0	0	0	0	0	0	0	0	0	0	0	0	0	0	0	
2002	99692	0992106956001	MUREX S.A.	F	CONSTRUCCIÓN.	F4100.10	0	0	0	0	0	800,00	0	0	0	0	0	0	0	0	0	0	0	0	0	0	0	0	0	0	0	0	800,00	0	0	0	0	0	0	0	0	0	0	0	0	0	0	0	0	0	0	0	0	0	0	0	0	0	0	0	0	0	0	800,00	0	0	0	0	0	0	0	0	0	0	0	0	0	0	0	0	0	0	0	0	0	0	0	0	0	0	0	0	0	0	0	0	0	0	0	0	0	0	0	0	0	800,00	0	0	0	0	0	0	0	0	800,00	800,00	0	0	0	0	0	0	0	0	0	0	0	0	0	0	0	0	0	0	0	0	0	0	0	0	0	0	0	0	0	0	0	0	0	0	0	0	0	0	0	0	0	0	0	0	0	0	0	0	0	0	0	0	0	0	0	0	0	0	0	0	0	0	0	0	0	0	0	0	0	0	0	0	0	0	0	0	0	0	0	0	0	0	0	0	0	0	0	0	0	0	0	0	0	0	0	0	0	0	0	0	0	0	0	0	0	0	0	0	0	0	0	0	0	0	0	
2002	99783	0992109254001	PRINTERPLUS S.A.	G	COMERCIO AL POR MAYOR Y AL POR MENOR REPARACIÓN DE VEHÍCULOS AUTOMOTORES Y MOTOCICLETAS.	G4651.01	0	0	0	0	0	800,00	0	0	0	0	0	0	0	0	0	0	0	0	0	0	0	0	0	0	0	0	800,00	0	0	0	0	0	0	0	0	0	0	0	0	0	0	0	0	0	0	0	0	0	0	0	0	0	0	0	0	0	0	800,00	0	0	0	0	0	0	0	0	0	0	0	0	0	0	0	0	0	0	0	0	0	0	0	0	0	0	0	0	0	0	0	0	0	0	0	0	0	0	0	0	0	800,00	0	0	0	0	0	0	0	0	800,00	800,00	0	0	0	0	0	0	0	0	0	0	0	0	0	0	0	0	0	0	0	0	0	0	0	0	0	0	0	0	0	0	0	0	0	0	0	0	0	0	0	0	0	0	0	0	0	0	0	0	0	0	0	0	0	0	0	0	0	0	0	0	0	0	0	0	0	0	0	0	0	0	0	0	0	0	0	0	0	0	0	0	0	0	0	0	0	0	0	0	0	0	0	0	0	0	0	0	0	0	0	0	0	0	0	0	0	0	0	0	0	0	0	0	0	0	0	
2002	100101	0992113103001	BALBITSA S.A.	G	COMERCIO AL POR MAYOR Y AL POR MENOR REPARACIÓN DE VEHÍCULOS AUTOMOTORES Y MOTOCICLETAS.	G4690.00	0	0	0	0	0	800,00	0	0	0	0	0	0	0	0	0	0	0	0	0	0	0	0	0	0	0	0	800,00	0	0	0	0	0	0	0	0	0	0	0	0	0	0	0	0	0	0	0	0	0	0	0	0	0	0	0	0	0	0	800,00	0	0	0	0	0	0	0	0	0	0	0	0	0	0	0	0	0	0	0	0	0	0	0	0	0	0	0	0	0	0	0	0	0	0	0	0	0	0	0	0	0	800,00	0	0	0	0	0	0	0	0	800,00	800,00	0	0	0	0	0	0	0	0	0	0	0	0	0	0	0	0	0	0	0	0	0	0	0	0	0	0	0	0	0	0	0	0	0	0	0	0	0	0	0	0	0	0	0	0	0	0	0	0	0	0	0	0	0	0	0	0	0	0	0	0	0	0	0	0	0	0	0	0	0	0	0	0	0	0	0	0	0	0	0	0	0	0	0	0	0	0	0	0	0	0	0	0	0	0	0	0	0	0	0	0	0	0	0	0	0	0	0	0	0	0	0	0	0	0	0	
2002	100357	0992121343001	HELLAS STAR SHIPPING AGENCIES C. LTDA.	H	TRANSPORTE Y ALMACENAMIENTO.	H5011.01	0	0	0	0	0	800,00	0	0	0	0	0	0	0	0	0	0	0	0	0	0	0	0	0	0	0	0	800,00	0	0	0	0	0	0	0	0	0	0	0	0	0	0	0	0	0	0	0	0	0	0	0	0	0	0	0	0	0	0	800,00	0	0	0	0	0	0	0	0	0	0	0	0	0	0	0	0	0	0	0	0	0	0	0	0	0	0	0	0	0	0	0	0	0	0	0	0	0	0	0	0	0	800,00	0	0	0	0	0	0	0	0	800,00	800,00	0	0	0	0	0	0	0	0	0	0	0	0	0	0	0	0	0	0	0	0	0	0	0	0	0	0	0	0	0	0	0	0	0	0	0	0	0	0	0	0	0	0	0	0	0	0	0	0	0	0	0	0	0	0	0	0	0	0	0	0	0	0	0	0	0	0	0	0	0	0	0	0	0	0	0	0	0	0	0	0	0	0	0	0	0	0	0	0	0	0	0	0	0	0	0	0	0	0	0	0	0	0	0	0	0	0	0	0	0	0	0	0	0	0	0	
2002	100442	0992120215001	METRUXA S.A.	C	INDUSTRIAS MANUFACTURERAS.	C2021.02	0	0	0	0	0	200,00	0	0	0	0	0	0	0	601,60	0	0	0	0	0	0	0	0	0	0	0	0	801,60	0	0	0	0	0	0	0	0	0	0	0	0	0	0	0	0	0	0	0	0	0	0	0	0	0	0	0	0	0	0	801,60	0	0	0	0	0	0	0	0	0	0	1,60	0	0	0	0	0	0	0	1,60	0	0	0	0	0	0	0	0	0	0	0	0	0	0	0	0	0	0	0	0	0	1,60	800,00	0	0	0	0	0	0	0	0	800,00	801,60	0	0	0	0	0	0	0	0	0	0	0	0	0	0	0	0	0	0	0	0	0	0	0	0	0	0	0	0	0	0	0	0	0	0	0	0	0	0	0	0	0	0	0	0	0	0	0	0	0	0	0	0	0	0	0	0	0	0	0	0	0	0	0	0	0	0	0	0	0	0	0	0	0	0	0	0	0	0	0	0	0	0	0	0	0	0	0	0	0	0	0	0	0	0	0	0	0	0	0	0	0	0	0	0	0	0	0	0	0	0	0	0	0	0	0	
2002	100584	0992133759001	C.E.M.I.N.F. CENTRO DE MANEJO INTEGRAL DEL NIÑO - ADOLESCENTE Y FAMILIA C. LTDA.	M	ACTIVIDADES PROFESIONALES, CIENTÍFICAS Y TÉCNICAS.	M7020.04	0	0	0	0	0	208,42	0	0	0	0	0	0	0	0	0	0	0	3,46	0	0	0	0	0	0	0	0	211,88	0	0	0	0	0	0	0	0	0	0	0	0	0	0	0	0	0	0	0	0	0	0	0	0	0	0	0	0	0	0	211,88	0	0	0	0	0	0	0	0	0	0	0	0	0	0	0	0	0	0	0	0	0	0	0	0	0	0	0	0	0	0	0	0	0	0	0	0	0	0	0	0	0	200,00	0	0	0	0	11,88	0	0	0	211,88	211,88	0	0	0	0	0	0	0	0	0	0	0	0	0	0	0	0	0	0	0	0	0	0	0	0	0	0	0	0	0	0	0	0	0	0	0	0	0	0	0	0	0	0	0	0	0	0	0	0	0	0	0	0	0	0	0	0	0	0	0	0	0	0	0	0	0	0	0	0	0	0	0	0	0	0	0	0	0	0	0	0	0	0	0	0	0	0	0	0	0	0	0	0	0	0	0	0	0	0	0	0	0	0	0	0	0	0	0	0	0	0	0	0	0	0	0	
2002	100823	0992123788001	AGRIPLAST S.A.	G	COMERCIO AL POR MAYOR Y AL POR MENOR REPARACIÓN DE VEHÍCULOS AUTOMOTORES Y MOTOCICLETAS.	G4663.13	0	0	0	0	0	800,00	0	0	0	0	0	0	0	0	0	0	0	0	0	0	0	0	0	0	0	0	800,00	0	0	0	0	0	0	0	0	0	0	0	0	0	0	0	0	0	0	0	0	0	0	0	0	0	0	0	0	0	0	800,00	0	0	0	0	0	0	0	0	0	0	0	0	0	0	0	0	0	0	0	0	0	0	0	0	0	0	0	0	0	0	0	0	0	0	0	0	0	0	0	0	0	800,00	0	0	0	0	0	0	0	0	800,00	800,00	0	0	0	0	0	0	0	0	0	0	0	0	0	0	0	0	0	0	0	0	0	0	0	0	0	0	0	0	0	0	0	0	0	0	0	0	0	0	0	0	0	0	0	0	0	0	0	0	0	0	0	0	0	0	0	0	0	0	0	0	0	0	0	0	0	0	0	0	0	0	0	0	0	0	0	0	0	0	0	0	0	0	0	0	0	0	0	0	0	0	0	0	0	0	0	0	0	0	0	0	0	0	0	0	0	0	0	0	0	0	0	0	0	0	0	
2002	100828	0992124423001	NETMEDIA S.A.	G	COMERCIO AL POR MAYOR Y AL POR MENOR REPARACIÓN DE VEHÍCULOS AUTOMOTORES Y MOTOCICLETAS.	G4741.11	0	0	0	0	0	0	0	0	0	0	0	0	0	0	0	0	0	0	0	0	0	0	0	0	0	0	0	0	0	0	0	0	0	0	0	0	0	0	0	0	0	0	0	0	200,00	0	0	0	0	0	0	0	0	0	0	0	200,00	200,00	0	0	0	0	0	0	0	0	0	0	0	0	0	0	0	0	0	0	0	0	0	0	0	0	0	0	0	0	0	0	0	0	0	0	0	0	0	0	0	0	0	200,00	0	0	0	0	0	0	0	0	200,00	200,00	0	0	0	0	0	0	0	0	0	0	0	0	0	0	0	0	0	0	0	0	0	0	0	0	0	0	0	0	0	0	0	0	0	0	0	0	0	0	0	0	0	0	0	0	0	0	0	0	0	0	0	0	0	0	0	0	0	0	0	0	0	0	0	0	0	0	0	0	0	0	0	0	0	0	0	0	0	0	0	0	0	0	0	0	0	0	0	0	0	0	0	0	0	0	0	0	0	0	0	0	0	0	0	0	0	0	0	0	0	0	0	0	0	0	0	
2002	101009	0992126590001	TECNOLOGYCORP S.A.	L	ACTIVIDADES INMOBILIARIAS.	L6820.03	0	0	0	0	0	0	0	0	0	0	0	0	800,00	0	0	0	0	0	0	0	0	0	0	0	0	0	800,00	0	0	0	0	0	0	0	0	0	0	0	0	0	0	0	0	0	0	0	0	0	0	0	0	0	0	0	0	0	0	800,00	0	0	0	0	0	0	0	0	0	0	0	0	0	0	0	0	0	0	0	0	0	0	0	0	0	0	0	0	0	0	0	0	0	0	0	0	0	0	0	0	0	800,00	0	0	0	0	0	0	0	0	800,00	800,00	0	0	0	0	0	0	0	0	0	0	0	0	0	0	0	0	0	0	0	0	0	0	0	0	0	0	0	0	0	0	0	0	0	0	0	0	0	0	0	0	0	0	0	0	0	0	0	0	0	0	0	0	0	0	0	0	0	0	0	0	0	0	0	0	0	0	0	0	0	0	0	0	0	0	0	0	0	0	0	0	0	0	0	0	0	0	0	0	0	0	0	0	0	0	0	0	0	0	0	0	0	0	0	0	0	0	0	0	0	0	0	0	0	0	0	
2002	101122	0992128429001	JOPIVE S.A.	A	AGRICULTURA, GANADERÍA,  SILVICULTURA Y PESCA.	A0321.01	0	0	0	0	0	800,00	0	0	0	0	0	0	0	0	0	0	0	0	0	0	0	0	0	0	0	0	800,00	0	0	0	0	0	0	0	0	0	0	0	0	0	0	0	0	0	0	0	0	0	0	0	0	0	0	0	0	0	0	800,00	0	0	0	0	0	0	0	0	0	0	0	0	0	0	0	0	0	0	0	0	0	0	0	0	0	0	0	0	0	0	0	0	0	0	0	0	0	0	0	0	0	800,00	0	0	0	0	0	0	0	0	800,00	800,00	0	0	0	0	0	0	0	0	0	0	0	0	0	0	0	0	0	0	0	0	0	0	0	0	0	0	0	0	0	0	0	0	0	0	0	0	0	0	0	0	0	0	0	0	0	0	0	0	0	0	0	0	0	0	0	0	0	0	0	0	0	0	0	0	0	0	0	0	0	0	0	0	0	0	0	0	0	0	0	0	0	0	0	0	0	0	0	0	0	0	0	0	0	0	0	0	0	0	0	0	0	0	0	0	0	0	0	0	0	0	0	0	0	0	0	
2002	101355	0992130733001	KUERTEN S.A.	A	AGRICULTURA, GANADERÍA,  SILVICULTURA Y PESCA.	A0150.00	0	0	0	0	0	800,00	0	0	0	0	0	0	0	0	0	0	0	0	0	0	0	0	0	0	0	0	800,00	0	0	0	0	0	0	0	0	0	0	0	0	0	0	0	0	0	0	0	0	0	0	0	0	0	0	0	0	0	0	800,00	0	0	0	0	0	0	0	0	0	0	0	0	0	0	0	0	0	0	0	0	0	0	0	0	0	0	0	0	0	0	0	0	0	0	0	0	0	0	0	0	0	800,00	0	0	0	0	0	0	0	0	800,00	800,00	0	0	0	0	0	0	0	0	0	0	0	0	0	0	0	0	0	0	0	0	0	0	0	0	0	0	0	0	0	0	0	0	0	0	0	0	0	0	0	0	0	0	0	0	0	0	0	0	0	0	0	0	0	0	0	0	0	0	0	0	0	0	0	0	0	0	0	0	0	0	0	0	0	0	0	0	0	0	0	0	0	0	0	0	0	0	0	0	0	0	0	0	0	0	0	0	0	0	0	0	0	0	0	0	0	0	0	0	0	0	0	0	0	0	0	
2002	101377	0992135239001	PINEIGAR S.A.	C	INDUSTRIAS MANUFACTURERAS.	C2022.01	0	0	0	0	0	800,00	0	0	0	0	0	0	0	0	0	0	0	0	0	0	0	0	0	0	0	0	800,00	0	0	0	0	0	0	0	0	0	0	0	0	0	0	0	0	0	0	0	0	0	0	0	0	0	0	0	0	0	0	800,00	0	0	0	0	0	0	0	0	0	0	0	0	0	0	0	0	0	0	0	0	0	0	0	0	0	0	0	0	0	0	0	0	0	0	0	0	0	0	0	0	0	800,00	0	0	0	0	0	0	0	0	800,00	800,00	0	0	0	0	0	0	0	0	0	0	0	0	0	0	0	0	0	0	0	0	0	0	0	0	0	0	0	0	0	0	0	0	0	0	0	0	0	0	0	0	0	0	0	0	0	0	0	0	0	0	0	0	0	0	0	0	0	0	0	0	0	0	0	0	0	0	0	0	0	0	0	0	0	0	0	0	0	0	0	0	0	0	0	0	0	0	0	0	0	0	0	0	0	0	0	0	0	0	0	0	0	0	0	0	0	0	0	0	0	0	0	0	0	0	0	
2002	101389	0992129131001	FINESERVICE S.A.	A	AGRICULTURA, GANADERÍA,  SILVICULTURA Y PESCA.	A0150.00	0	0	0	0	0	800,00	0	0	0	0	0	0	0	0	0	0	0	0	0	0	0	0	0	0	0	0	800,00	0	0	0	0	0	0	0	0	0	0	0	0	0	0	0	0	0	0	0	0	0	0	0	0	0	0	0	0	0	0	800,00	0	0	0	0	0	0	0	0	0	0	0	0	0	0	0	0	0	0	0	0	0	0	0	0	0	0	0	0	0	0	0	0	0	0	0	0	0	0	0	0	0	800,00	0	0	0	0	0	0	0	0	800,00	800,00	0	0	0	0	0	0	0	0	0	0	0	0	0	0	0	0	0	0	0	0	0	0	0	0	0	0	0	0	0	0	0	0	0	0	0	0	0	0	0	0	0	0	0	0	0	0	0	0	0	0	0	0	0	0	0	0	0	0	0	0	0	0	0	0	0	0	0	0	0	0	0	0	0	0	0	0	0	0	0	0	0	0	0	0	0	0	0	0	0	0	0	0	0	0	0	0	0	0	0	0	0	0	0	0	0	0	0	0	0	0	0	0	0	0	0	
2002	101504	0992136189001	ASTRAJAN C. LTDA.	G	COMERCIO AL POR MAYOR Y AL POR MENOR REPARACIÓN DE VEHÍCULOS AUTOMOTORES Y MOTOCICLETAS.	G4630.91	0	0	0	0	0	1908,29	0	0	0	0	0	0	0	870,40	0	0	0	0	0	0	0	0	0	0	0	0	2778,69	0	0	0	0	0	0	0	0	0	0	0	0	55,95	0	0	-5,60	50,35	0	0	0	0	0	0	0	0	0	0	0	0	0	2829,04	0	0	0	0	0	0	0	0	0	0	0	0	17,33	0	0	0	50,81	0	68,14	0	0	0	0	0	0	0	0	2107,10	0	0	0	0	0	0	0	0	0	2107,10	0	0	2175,24	400,00	0	0	12,09	0	0	0	241,71	0	653,80	2829,04	0	0	0	0	0	0	0	0	0	0	0	0	0	0	0	0	0	0	0	0	0	0	0	0	0	0	0	0	0	0	0	0	0	0	0	0	0	0	0	0	0	0	0	0	0	0	0	0	0	0	0	0	0	0	0	0	0	0	0	0	0	0	0	0	0	0	0	0	0	0	0	0	0	0	0	0	0	0	0	0	0	0	0	0	0	0	0	0	0	0	0	0	0	0	0	0	0	0	0	0	0	0	0	0	0	0	0	0	0	0	0	0	0	0	0	
2002	101520	0992136235001	ECUAPRODUCCIONES S.A.	J	INFORMACIÓN Y COMUNICACIÓN.	J6020.01	0	0	0	0	0	800,00	0	0	0	0	0	0	0	0	0	0	0	0	0	0	0	0	0	0	0	0	800,00	0	0	0	0	0	0	0	0	0	0	0	0	0	0	0	0	0	0	0	0	0	0	0	0	0	0	0	0	0	0	800,00	0	0	0	0	0	0	0	0	0	0	0	0	0	0	0	0	0	0	0	0	0	0	0	0	0	0	0	0	0	0	0	0	0	0	0	0	0	0	0	0	0	800,00	0	0	0	0	0	0	0	0	800,00	800,00	0	0	0	0	0	0	0	0	0	0	0	0	0	0	0	0	0	0	0	0	0	0	0	0	0	0	0	0	0	0	0	0	0	0	0	0	0	0	0	0	0	0	0	0	0	0	0	0	0	0	0	0	0	0	0	0	0	0	0	0	0	0	0	0	0	0	0	0	0	0	0	0	0	0	0	0	0	0	0	0	0	0	0	0	0	0	0	0	0	0	0	0	0	0	0	0	0	0	0	0	0	0	0	0	0	0	0	0	0	0	0	0	0	0	0	
2002	101755	0992137312001	FLEIDER S.A.	L	ACTIVIDADES INMOBILIARIAS.	L6810.01	0	0	0	0	0	500,00	0	0	0	0	0	0	0	0	0	0	0	0	0	0	0	0	0	0	0	0	500,00	0	0	0	0	0	0	0	0	0	0	0	0	300,00	0	0	0	300,00	0	0	0	0	0	0	0	0	0	0	0	0	0	800,00	0	0	0	0	0	0	0	0	0	0	0	0	0	0	0	0	0	0	0	0	0	0	0	0	0	0	0	0	0	0	0	0	0	0	0	0	0	0	0	0	0	800,00	0	0	0	0	0	0	0	0	800,00	800,00	0	0	0	0	0	0	0	0	0	0	0	0	0	0	0	0	0	0	0	0	0	0	0	0	0	0	0	0	0	0	0	0	0	0	0	0	0	0	0	0	0	0	0	0	0	0	0	0	0	0	0	0	0	0	0	0	0	0	0	0	0	0	0	0	0	0	0	0	0	0	0	0	0	0	0	0	0	0	0	0	0	0	0	0	0	0	0	0	0	0	0	0	0	0	0	0	0	0	0	0	0	0	0	0	0	0	0	0	0	0	0	0	0	0	0	
2002	101824	0992139110001	KRISGADE S.A.	G	COMERCIO AL POR MAYOR Y AL POR MENOR REPARACIÓN DE VEHÍCULOS AUTOMOTORES Y MOTOCICLETAS.	G4649.22	0	0	0	0	0	250,00	0	0	0	0	0	0	0	0	0	0	0	0	0	0	0	0	0	0	0	0	250,00	0	0	0	0	0	0	0	0	0	0	0	0	219,00	0	0	0	219,00	0	0	0	0	0	0	0	0	0	0	0	0	0	469,00	0	0	0	0	0	0	219,00	0	0	0	0	0	0	0	0	0	0	0	219,00	0	0	0	0	0	0	0	0	0	0	0	0	0	0	0	0	0	0	0	0	0	219,00	1000,00	-750,00	0	0	0	0	0	0	0	250,00	469,00	0	0	0	0	0	0	0	0	0	0	0	0	0	0	0	0	0	0	0	0	0	0	0	0	0	0	0	0	0	0	0	0	0	0	0	0	0	0	0	0	0	0	0	0	0	0	0	0	0	0	0	0	0	0	0	0	0	0	0	0	0	0	0	0	0	0	0	0	0	0	0	0	0	0	0	0	0	0	0	0	0	0	0	0	0	0	0	0	0	0	0	0	0	0	0	0	0	0	0	0	0	0	0	0	0	0	0	0	0	0	0	0	0	0	0	
2002	101963	0992139579001	VIDRAF S.A.	A	AGRICULTURA, GANADERÍA,  SILVICULTURA Y PESCA.	A0150.00	0	0	0	0	0	110,00	0	0	0	0	0	0	0	0	0	0	0	0	0	0	0	0	0	0	0	0	110,00	0	0	0	0	0	0	0	0	690,00	0	690,00	0	0	0	0	0	0	0	0	0	0	0	0	0	0	0	0	0	0	0	800,00	0	0	0	0	0	0	0	0	0	0	0	0	0	0	0	0	0	0	0	0	0	0	0	0	0	0	0	0	0	0	0	0	0	0	0	0	0	0	0	0	0	800,00	0	0	0	0	0	0	0	0	800,00	800,00	0	0	0	0	0	0	0	0	0	0	0	0	0	0	0	0	0	0	0	0	0	0	0	0	0	0	0	0	0	0	0	0	0	0	0	0	0	0	0	0	0	0	0	0	0	0	0	0	0	0	0	0	0	0	0	0	0	0	0	0	0	0	0	0	0	0	0	0	0	0	0	0	0	0	0	0	0	0	0	0	0	0	0	0	0	0	0	0	0	0	0	0	0	0	0	0	0	0	0	0	0	0	0	0	0	0	0	0	0	0	0	0	0	0	0	
2002	102766	0992147504001	PRODEVELOP S.A.	G	COMERCIO AL POR MAYOR Y AL POR MENOR REPARACIÓN DE VEHÍCULOS AUTOMOTORES Y MOTOCICLETAS.	G4741.11	0	0	0	0	0	200,00	0	0	0	0	0	0	0	0	0	0	0	0	0	0	0	0	0	0	0	0	200,00	0	0	0	0	0	0	0	0	0	0	0	0	0	0	0	0	0	0	0	0	0	0	0	0	0	0	0	0	0	0	200,00	0	0	0	0	0	0	0	0	0	0	0	0	0	0	0	0	0	0	0	0	0	0	0	0	0	0	0	0	0	0	0	0	0	0	0	0	0	0	0	0	0	800,00	-600,00	0	0	0	0	0	0	0	200,00	200,00	0	0	0	0	0	0	0	0	0	0	0	0	0	0	0	0	0	0	0	0	0	0	0	0	0	0	0	0	0	0	0	0	0	0	0	0	0	0	0	0	0	0	0	0	0	0	0	0	0	0	0	0	0	0	0	0	0	0	0	0	0	0	0	0	0	0	0	0	0	0	0	0	0	0	0	0	0	0	0	0	0	0	0	0	0	0	0	0	0	0	0	0	0	0	0	0	0	0	0	0	0	0	0	0	0	0	0	0	0	0	0	0	0	0	0	
2002	102838	0992147202001	INMOBILIARIA LATINA S.A. (INMOLAT)	G	COMERCIO AL POR MAYOR Y AL POR MENOR REPARACIÓN DE VEHÍCULOS AUTOMOTORES Y MOTOCICLETAS.	G4510.01	0	0	0	0	0	800,00	0	0	0	0	0	0	0	0	0	0	0	0	0	0	0	0	0	0	0	0	800,00	0	0	0	0	0	0	0	0	421,61	0	421,61	0	0	0	0	0	0	0	0	0	0	0	0	0	0	0	0	0	0	0	1221,61	0	0	0	0	0	0	421,61	0	0	0	0	0	0	0	0	0	0	0	421,61	0	0	0	0	0	0	0	0	0	0	0	0	0	0	0	0	0	0	0	0	0	421,61	800,00	0	0	0	0	0	0	0	0	800,00	1221,61	0	0	0	0	0	0	0	0	0	0	0	0	0	0	0	0	0	0	0	0	0	0	0	0	0	0	0	0	0	0	0	0	0	0	0	0	0	0	0	0	0	0	0	0	0	0	0	0	0	0	0	0	0	0	0	0	0	0	0	0	0	0	0	0	0	0	0	0	0	0	0	0	0	0	0	0	0	0	0	0	0	0	0	0	0	0	0	0	0	0	0	0	0	0	0	0	0	0	0	0	0	0	0	0	0	0	0	0	0	0	0	0	0	0	0	
2002	103099	0992146842001	TAUROBOLIUM S.A.	A	AGRICULTURA, GANADERÍA,  SILVICULTURA Y PESCA.	A0311.01	0	0	0	0	0	800,00	0	0	0	0	0	0	0	0	0	0	0	0	0	0	0	0	0	0	0	0	800,00	0	0	0	0	0	0	0	0	0	0	0	0	0	0	0	0	0	0	0	0	0	0	0	0	0	0	0	0	0	0	800,00	0	0	0	0	0	0	0	0	0	0	0	0	0	0	0	0	0	0	0	0	0	0	0	0	0	0	0	0	0	0	0	0	0	0	0	0	0	0	0	0	0	800,00	0	0	0	0	0	0	0	0	800,00	800,00	0	0	0	0	0	0	0	0	0	0	0	0	0	0	0	0	0	0	0	0	0	0	0	0	0	0	0	0	0	0	0	0	0	0	0	0	0	0	0	0	0	0	0	0	0	0	0	0	0	0	0	0	0	0	0	0	0	0	0	0	0	0	0	0	0	0	0	0	0	0	0	0	0	0	0	0	0	0	0	0	0	0	0	0	0	0	0	0	0	0	0	0	0	0	0	0	0	0	0	0	0	0	0	0	0	0	0	0	0	0	0	0	0	0	0	
2002	103166	0992149086001	FERRETERIA INDUSTRIAL FEZPRITO S.A.	G	COMERCIO AL POR MAYOR Y AL POR MENOR REPARACIÓN DE VEHÍCULOS AUTOMOTORES Y MOTOCICLETAS.	G4663.21	0	0	0	0	0	0	0	0	0	40000,00	0	0	0	0	0	0	0	0	0	0	0	0	0	0	0	0	40000,00	0	0	0	0	0	0	0	0	0	0	0	0	0	0	0	0	0	0	0	0	0	0	0	0	0	0	0	0	0	0	40000,00	0	0	0	0	0	0	0	0	0	0	0	0	0	0	0	0	0	0	0	0	0	0	0	0	0	0	0	0	0	0	0	0	0	0	0	0	0	0	0	0	0	800,00	0	39200,00	0	0	0	0	0	0	40000,00	40000,00	0	0	0	0	0	0	0	0	0	0	0	0	0	0	0	0	0	0	0	0	0	0	0	0	0	0	0	0	0	0	0	0	0	0	0	0	0	0	0	0	0	0	0	0	0	0	0	0	0	0	0	0	0	0	0	0	0	0	0	0	0	0	0	0	0	0	0	0	0	0	0	0	0	0	0	0	0	0	0	0	0	0	0	0	0	0	0	0	0	0	0	0	0	0	0	0	0	0	0	0	0	0	0	0	0	0	0	0	0	0	0	0	0	0	0	
2002	103409	0992181486001	EDILEX S.A.	G	COMERCIO AL POR MAYOR Y AL POR MENOR REPARACIÓN DE VEHÍCULOS AUTOMOTORES Y MOTOCICLETAS.	G4659.11	0	0	0	0	0	498,70	0	0	0	0	0	0	0	0	0	0	0	0	0	0	0	0	0	0	0	0	498,70	0	0	0	0	0	0	0	0	0	0	0	0	0	0	0	0	0	0	0	0	0	0	0	0	0	0	0	0	0	0	498,70	0	0	0	0	0	0	0	0	0	0	0	0	0	0	0	0	0	0	0	0	0	0	0	0	0	0	0	0	0	0	0	0	0	0	0	0	0	0	0	0	0	800,00	0	250,00	0	0	0	0	0	-551,30	498,70	498,70	0	0	0	0	0	0	0	0	0	0	0	0	0	0	0	0	0	0	0	0	0	0	0	0	0	0	0	0	0	0	0	0	0	0	0	0	0	0	0	0	0	0	0	0	0	0	0	0	0	0	0	0	0	0	0	0	0	0	0	0	0	0	0	0	0	0	0	0	0	0	0	0	0	0	0	0	0	0	0	0	0	0	0	0	0	0	0	0	0	0	0	0	0	0	0	0	0	0	0	0	0	0	0	0	0	0	0	0	0	0	0	0	0	0	0	
2002	103413	0992151803001	JEUDIS S.A.	A	AGRICULTURA, GANADERÍA,  SILVICULTURA Y PESCA.	A0161.01	0	0	0	0	0	0	0	0	0	0	0	0	0	0	800,00	0	0	0	0	0	0	0	0	0	0	0	800,00	0	0	0	0	0	0	0	0	0	0	0	0	0	0	0	0	0	0	0	0	0	0	0	0	0	0	0	0	0	0	800,00	0	0	0	0	0	0	0	0	0	0	0	0	0	0	0	0	0	0	0	0	0	0	0	0	0	0	0	0	0	0	0	0	0	0	0	0	0	0	0	0	0	800,00	0	0	0	0	0	0	0	0	800,00	800,00	0	0	0	0	0	0	0	0	0	0	0	0	0	0	0	0	0	0	0	0	0	0	0	0	0	0	0	0	0	0	0	0	0	0	0	0	0	0	0	0	0	0	0	0	0	0	0	0	0	0	0	0	0	0	0	0	0	0	0	0	0	0	0	0	0	0	0	0	0	0	0	0	0	0	0	0	0	0	0	0	0	0	0	0	0	0	0	0	0	0	0	0	0	0	0	0	0	0	0	0	0	0	0	0	0	0	0	0	0	0	0	0	0	0	0	
2002	103692	0992182814001	MACNEAL S.A.	H	TRANSPORTE Y ALMACENAMIENTO.	H4923.01	0	0	0	0	0	0	0	0	0	0	0	874,00	0	0	0	0	0	0	0	0	0	0	0	0	0	0	874,00	0	0	0	0	0	0	0	0	0	0	0	0	0	0	0	0	0	0	0	0	0	0	0	0	0	0	0	0	0	0	874,00	0	0	0	0	0	0	0	0	0	0	0	0	0	0	0	0	0	0	0	0	0	0	0	0	0	0	0	0	0	0	0	0	0	0	0	0	0	0	0	0	0	800,00	0	0	0	0	74,00	0	0	0	874,00	874,00	0	0	0	0	0	0	0	0	0	0	0	0	0	0	0	0	0	0	0	0	0	0	0	0	0	0	0	0	0	0	0	0	0	0	0	0	0	0	0	0	0	0	0	0	0	0	0	0	0	0	0	0	0	0	0	0	0	0	0	0	0	0	0	0	0	0	0	0	0	0	0	0	0	0	0	0	0	0	0	0	0	0	0	0	0	0	0	0	0	0	0	0	0	0	0	0	0	0	0	0	0	0	184,00	0	0	0	0	184,00	184,00	0	-184,00	0	-184,00	0	-184,00	
2002	103893	0992165499001	GINLO S.A.	G	COMERCIO AL POR MAYOR Y AL POR MENOR REPARACIÓN DE VEHÍCULOS AUTOMOTORES Y MOTOCICLETAS.	G4649.22	0	0	0	0	0	0	0	0	0	0	0	0	0	0	0	0	0	0	0	0	0	0	0	0	0	0	0	0	0	0	0	0	0	0	0	169000,00	0	169000,00	0	0	0	0	0	0	0	0	0	0	0	0	0	0	0	0	0	0	0	169000,00	0	0	0	0	0	0	0	0	0	0	0	0	0	0	0	0	0	0	0	0	0	0	0	0	0	0	0	168200,00	0	0	0	0	0	0	0	0	0	168200,00	0	0	168200,00	800,00	0	0	0	0	0	0	0	0	800,00	169000,00	0	0	0	0	0	0	0	0	0	0	0	0	0	0	0	0	0	0	0	0	0	0	0	0	0	0	0	0	0	0	0	0	0	0	0	0	0	0	0	0	0	0	0	0	0	0	0	0	0	0	0	0	0	0	0	0	0	0	0	0	0	0	0	0	0	0	0	0	0	0	0	0	0	0	0	0	0	0	0	0	0	0	0	0	0	0	0	0	0	0	0	0	0	0	0	0	0	0	0	0	0	0	0	0	0	0	0	0	0	0	0	0	0	0	0	
2002	104044	0992187085001	MERZARIO S.A.	G	COMERCIO AL POR MAYOR Y AL POR MENOR REPARACIÓN DE VEHÍCULOS AUTOMOTORES Y MOTOCICLETAS.	G4630.33	0	0	0	0	0	0	0	0	0	0	0	0	0	0	0	0	0	0	0	0	0	0	0	0	0	0	0	0	0	0	0	0	0	0	0	1800,00	0	1800,00	0	0	0	0	0	0	0	0	0	0	0	0	0	0	0	0	0	0	0	1800,00	0	0	0	0	0	0	0	0	0	0	0	0	0	0	0	0	0	0	0	0	0	0	0	0	0	0	1000,00	0	0	0	0	0	0	0	0	0	0	1000,00	0	0	1000,00	800,00	0	0	0	0	0	0	0	0	800,00	1800,00	0	0	0	0	0	0	0	0	0	0	0	0	0	0	0	0	0	0	0	0	0	0	0	0	0	0	0	0	0	0	0	0	0	0	0	0	0	0	0	0	0	0	0	0	0	0	0	0	0	0	0	0	0	0	0	0	0	0	0	0	0	0	0	0	0	0	0	0	0	0	0	0	0	0	0	0	0	0	0	0	0	0	0	0	0	0	0	0	0	0	0	0	0	0	0	0	0	0	0	0	0	0	0	0	0	0	0	0	0	0	0	0	0	0	0	
2002	104085	0992166509001	SEAGOD AGENCY S.A.	H	TRANSPORTE Y ALMACENAMIENTO.	H5011.02	0	0	0	0	0	0	0	0	0	800,00	0	0	0	0	0	0	0	0	0	0	0	0	0	0	0	0	800,00	0	0	0	0	0	0	0	0	0	0	0	0	0	0	0	0	0	0	0	0	0	0	0	0	0	0	0	0	0	0	800,00	0	0	0	0	0	0	0	0	0	0	0	0	0	0	0	0	0	0	0	0	0	0	0	0	0	0	0	0	0	0	0	0	0	0	0	0	0	0	0	0	0	800,00	0	0	0	0	0	0	0	0	800,00	800,00	0	0	0	0	0	0	0	0	0	0	0	0	0	0	0	0	0	0	0	0	0	0	0	0	0	0	0	0	0	0	0	0	0	0	0	0	0	0	0	0	0	0	0	0	0	0	0	0	0	0	0	0	0	0	0	0	0	0	0	0	0	0	0	0	0	0	0	0	0	0	0	0	0	0	0	0	0	0	0	0	0	0	0	0	0	0	0	0	0	0	0	0	0	0	0	0	0	0	0	0	0	0	0	0	0	0	0	0	0	0	0	0	0	0	0	
2002	104124	0992198338001	EVISARS C.A.	G	COMERCIO AL POR MAYOR Y AL POR MENOR REPARACIÓN DE VEHÍCULOS AUTOMOTORES Y MOTOCICLETAS.	G4663.21	0	0	0	0	0	1000,00	0	0	0	0	0	0	0	0	0	0	0	0	0	0	0	0	0	0	0	0	1000,00	0	0	0	0	0	0	0	0	4500,00	0	4500,00	0	0	0	0	0	0	0	0	0	0	0	0	0	0	0	0	0	0	0	5500,00	0	0	0	0	0	0	0	0	0	0	0	0	0	0	0	0	0	0	0	0	0	0	0	0	0	0	0	0	0	0	0	0	0	0	0	0	0	0	0	0	0	1000,00	0	4500,00	0	0	0	0	0	0	5500,00	5500,00	0	0	0	0	0	0	0	0	0	0	0	0	0	0	0	0	0	0	0	0	0	0	0	0	0	0	0	0	0	0	0	0	0	0	0	0	0	0	0	0	0	0	0	0	0	0	0	0	0	0	0	0	0	0	0	0	0	0	0	0	0	0	0	0	0	0	0	0	0	0	0	0	0	0	0	0	0	0	0	0	0	0	0	0	0	0	0	0	0	0	0	0	0	0	0	0	0	0	0	0	0	0	0	0	0	0	0	0	0	0	0	0	0	0	0	
2002	104178	0992183977001	RECNOSA S.A.	H	TRANSPORTE Y ALMACENAMIENTO.	H4923.01	0	0	0	0	0	200,00	0	0	0	0	0	600,00	0	0	0	0	0	0	0	0	0	0	0	0	0	0	800,00	0	0	0	0	0	0	0	0	0	0	0	0	0	0	0	0	0	0	0	0	0	0	0	0	0	0	0	0	0	0	800,00	0	0	0	0	0	0	0	0	0	0	0	0	0	0	0	0	0	0	0	0	0	0	0	0	0	0	0	0	0	0	0	0	0	0	0	0	0	0	0	0	0	800,00	0	0	0	0	0	0	0	0	800,00	800,00	0	0	0	0	0	0	0	0	0	0	0	0	0	0	0	0	0	0	0	0	0	0	0	0	0	0	0	0	0	0	0	0	0	0	0	0	0	0	0	0	0	0	0	0	0	0	0	0	0	0	0	0	0	0	0	0	0	0	0	0	0	0	0	0	0	0	0	0	0	0	0	0	0	0	0	0	0	0	0	0	0	0	0	0	0	0	0	0	0	0	0	0	0	0	0	0	0	0	0	0	0	0	0	0	0	0	0	0	0	0	0	0	0	0	0	
2002	104348	0992167432001	KINGMEX S.A.	A	AGRICULTURA, GANADERÍA,  SILVICULTURA Y PESCA.	A0150.00	0	0	0	0	0	0	0	0	0	0	0	0	0	0	0	0	0	0	0	0	0	0	0	0	0	0	0	0	0	0	0	0	0	0	0	0	0	0	0	800,00	0	0	0	800,00	0	0	0	0	0	0	0	0	0	0	0	0	0	800,00	0	0	0	0	0	0	0	0	0	0	0	0	0	0	0	0	0	0	0	0	0	0	0	0	0	0	0	0	0	0	0	0	0	0	0	0	0	0	0	0	0	800,00	0	0	0	0	0	0	0	0	800,00	800,00	0	0	0	0	0	0	0	0	0	0	0	0	0	0	0	0	0	0	0	0	0	0	0	0	0	0	0	0	0	0	0	0	0	0	0	0	0	0	0	0	0	0	0	0	0	0	0	0	0	0	0	0	0	0	0	0	0	0	0	0	0	0	0	0	0	0	0	0	0	0	0	0	0	0	0	0	0	0	0	0	0	0	0	0	0	0	0	0	0	0	0	0	0	0	0	0	0	0	0	0	0	0	0	0	0	0	0	0	0	0	0	0	0	0	0	
2002	104454	0992168242001	ITECSOL S.A.	A	AGRICULTURA, GANADERÍA,  SILVICULTURA Y PESCA.	A0161.01	0	0	0	0	0	,55	0	0	0	0	0	0	0	0	0	0	58,93	0	0	0	1312,33	0	0	0	0	0	1371,81	0	0	0	0	0	0	0	0	0	0	0	0	0	0	0	0	0	0	0	0	0	0	0	0	0	0	0	0	0	0	1371,81	0	0	0	0	0	0	0	0	0	0	0	0	0	0	0	0	0	0	0	1071,81	0	0	0	0	0	0	0	0	0	0	0	0	0	0	0	0	0	1071,81	0	0	1071,81	800,00	-500,00	0	0	0	0	0	0	0	300,00	1371,81	0	0	0	0	0	0	0	0	0	0	0	0	0	0	0	1312,33	0	0	0	-1312,33	0	0	0	0	0	0	0	0	0	0	0	0	0	0	0	0	0	0	0	0	0	0	0	0	0	0	0	0	0	0	0	0	0	0	0	0	0	0	0	0	0	0	0	0	0	0	0	0	0	0	0	0	0	0	0	0	0	0	0	0	0	0	0	0	0	0	0	0	0	0	0	0	0	0	0	0	0	0	0	0	0	0	0	0	0	0	0	0	0	0	0	0	0	0	0	
2002	104463	0992168633001	ACEXPORT S.A.	A	AGRICULTURA, GANADERÍA,  SILVICULTURA Y PESCA.	A0311.01	0	0	0	0	0	800,00	0	0	0	0	0	0	0	0	0	0	0	0	0	0	0	0	0	0	0	0	800,00	0	0	0	0	0	0	0	0	0	0	0	0	0	0	0	0	0	0	0	0	0	0	0	0	0	0	0	0	0	0	800,00	0	0	0	0	0	0	0	0	0	0	0	0	0	0	0	0	0	0	0	0	0	0	0	0	0	0	0	0	0	0	0	0	0	0	0	0	0	0	0	0	0	800,00	0	0	0	0	0	0	0	0	800,00	800,00	0	0	0	0	0	0	0	0	0	0	0	0	0	0	0	0	0	0	0	0	0	0	0	0	0	0	0	0	0	0	0	0	0	0	0	0	0	0	0	0	0	0	0	0	0	0	0	0	0	0	0	0	0	0	0	0	0	0	0	0	0	0	0	0	0	0	0	0	0	0	0	0	0	0	0	0	0	0	0	0	0	0	0	0	0	0	0	0	0	0	0	0	0	0	0	0	0	0	0	0	0	0	0	0	0	0	0	0	0	0	0	0	0	0	0	
2002	104550	0992168730001	LEAVI S.A.	A	AGRICULTURA, GANADERÍA,  SILVICULTURA Y PESCA.	A0150.00	0	0	0	0	0	800,00	0	0	0	0	0	0	0	0	0	0	0	0	0	0	0	0	0	0	0	0	800,00	0	0	0	0	0	0	0	0	0	0	0	0	0	0	0	0	0	0	0	0	0	0	0	0	0	0	0	0	0	0	800,00	0	0	0	0	0	0	0	0	0	0	0	0	0	0	0	0	0	0	0	0	0	0	0	0	0	0	0	0	0	0	0	0	0	0	0	0	0	0	0	0	0	800,00	0	0	0	0	0	0	0	0	800,00	800,00	0	0	0	0	0	0	0	0	0	0	0	0	0	0	0	0	0	0	0	0	0	0	0	0	0	0	0	0	0	0	0	0	0	0	0	0	0	0	0	0	0	0	0	0	0	0	0	0	0	0	0	0	0	0	0	0	0	0	0	0	0	0	0	0	0	0	0	0	0	0	0	0	0	0	0	0	0	0	0	0	0	0	0	0	0	0	0	0	0	0	0	0	0	0	0	0	0	0	0	0	0	0	0	0	0	0	0	0	0	0	0	0	0	0	0	
2002	104631	0992168358001	VETITA S.A.	A	AGRICULTURA, GANADERÍA,  SILVICULTURA Y PESCA.	A0150.00	0	0	0	0	0	800,00	0	0	0	0	0	0	0	0	0	0	0	0	0	0	0	0	0	0	0	0	800,00	0	0	0	0	0	0	0	0	0	0	0	0	0	0	0	0	0	0	0	0	0	0	0	0	0	0	0	0	0	0	800,00	0	0	0	0	0	0	0	0	0	0	0	0	0	0	0	0	0	0	0	0	0	0	0	0	0	0	0	0	0	0	0	0	0	0	0	0	0	0	0	0	0	800,00	0	0	0	0	0	0	0	0	800,00	800,00	0	0	0	0	0	0	0	0	0	0	0	0	0	0	0	0	0	0	0	0	0	0	0	0	0	0	0	0	0	0	0	0	0	0	0	0	0	0	0	0	0	0	0	0	0	0	0	0	0	0	0	0	0	0	0	0	0	0	0	0	0	0	0	0	0	0	0	0	0	0	0	0	0	0	0	0	0	0	0	0	0	0	0	0	0	0	0	0	0	0	0	0	0	0	0	0	0	0	0	0	0	0	0	0	0	0	0	0	0	0	0	0	0	0	0	
2002	104914	0992170255001	KENFILSA S.A.	L	ACTIVIDADES INMOBILIARIAS.	L6810.01	0	0	0	0	0	800,00	0	0	0	0	0	0	0	0	0	0	0	0	0	0	0	0	0	0	0	0	800,00	4988,46	0	0	0	0	0	0	0	0	0	4988,46	0	0	0	0	0	0	0	0	0	0	0	0	0	0	0	0	0	0	0	5788,46	0	0	0	0	0	0	4988,46	0	0	0	0	0	0	0	0	0	0	0	4988,46	0	0	0	0	0	0	0	0	0	0	0	0	0	0	0	0	0	0	0	0	0	4988,46	800,00	0	0	0	0	0	0	0	0	800,00	5788,46	0	0	0	0	0	0	0	0	0	0	0	0	0	0	0	0	0	0	0	0	0	0	0	0	0	0	0	0	0	0	0	0	0	0	0	0	0	0	0	0	0	0	0	0	0	0	0	0	0	0	0	0	0	0	0	0	0	0	0	0	0	0	0	0	0	0	0	0	0	0	0	0	0	0	0	0	0	0	0	0	0	0	0	0	0	0	0	0	0	0	0	0	0	0	0	0	0	0	0	0	0	0	0	0	0	0	0	0	0	0	0	0	0	0	0	
2002	105254	0992212470001	COMPAÑIA GENERAL DE ASESORIA Y TECNICA ASEYTEC S.A.	M	ACTIVIDADES PROFESIONALES, CIENTÍFICAS Y TÉCNICAS.	M6910.02	0	0	0	0	0	200,00	0	0	0	0	0	0	0	0	0	0	0	0	0	0	0	0	0	0	0	0	200,00	0	0	0	0	0	0	0	0	0	0	0	0	600,00	0	0	0	600,00	0	0	0	0	0	0	0	0	0	0	0	0	0	800,00	0	0	0	0	0	0	0	0	0	0	0	0	0	0	0	0	0	0	0	0	0	0	0	0	0	0	0	0	0	0	0	0	0	0	0	0	0	0	0	0	0	800,00	0	0	0	0	0	0	0	0	800,00	800,00	0	0	0	0	0	0	0	0	0	0	0	0	0	0	0	0	0	0	0	0	0	0	0	0	0	0	0	0	0	0	0	0	0	0	0	0	0	0	0	0	0	0	0	0	0	0	0	0	0	0	0	0	0	0	0	0	0	0	0	0	0	0	0	0	0	0	0	0	0	0	0	0	0	0	0	0	0	0	0	0	0	0	0	0	0	0	0	0	0	0	0	0	0	0	0	0	0	0	0	0	0	0	0	0	0	0	0	0	0	0	0	0	0	0	0	
2002	105605	0992218118001	IRMART S.A.	G	COMERCIO AL POR MAYOR Y AL POR MENOR REPARACIÓN DE VEHÍCULOS AUTOMOTORES Y MOTOCICLETAS.	G4690.00	0	0	0	0	0	800,00	0	0	0	0	0	0	0	0	0	0	0	0	0	0	0	0	0	0	0	0	800,00	0	0	0	0	0	0	0	0	0	0	0	0	0	0	0	0	0	0	0	0	0	0	0	0	0	0	0	0	0	0	800,00	0	0	0	0	0	0	0	0	0	0	0	0	0	0	0	0	0	0	0	0	0	0	0	0	0	0	0	0	0	0	0	0	0	0	0	0	0	0	0	0	0	800,00	0	0	0	0	0	0	0	0	800,00	800,00	0	0	0	0	0	0	0	0	0	0	0	0	0	0	0	0	0	0	0	0	0	0	0	0	0	0	0	0	0	0	0	0	0	0	0	0	0	0	0	0	0	0	0	0	0	0	0	0	0	0	0	0	0	0	0	0	0	0	0	0	0	0	0	0	0	0	0	0	0	0	0	0	0	0	0	0	0	0	0	0	0	0	0	0	0	0	0	0	0	0	0	0	0	0	0	0	0	0	0	0	0	0	0	0	0	0	0	0	0	0	0	0	0	0	0	
2002	105706	0992211792001	RIFENSA S.A.	L	ACTIVIDADES INMOBILIARIAS.	L6810.01	0	0	0	0	0	800,00	0	0	0	0	0	0	0	0	0	0	0	0	0	0	0	0	0	0	0	0	800,00	0	0	0	0	0	0	0	0	0	0	0	0	0	0	0	0	0	0	0	0	0	0	0	0	0	0	0	0	0	0	800,00	0	0	0	0	0	0	0	0	0	0	0	0	0	0	0	0	0	0	0	0	0	0	0	0	0	0	0	0	0	0	0	0	0	0	0	0	0	0	0	0	0	800,00	0	0	0	0	0	0	0	0	800,00	800,00	0	0	0	0	0	0	0	0	0	0	0	0	0	0	0	0	0	0	0	0	0	0	0	0	0	0	0	0	0	0	0	0	0	0	0	0	0	0	0	0	0	0	0	0	0	0	0	0	0	0	0	0	0	0	0	0	0	0	0	0	0	0	0	0	0	0	0	0	0	0	0	0	0	0	0	0	0	0	0	0	0	0	0	0	0	0	0	0	0	0	0	0	0	0	0	0	0	0	0	0	0	0	0	0	0	0	0	0	0	0	0	0	0	0	0	
2002	105714	0992219254001	AVOIRSA S.A.	F	CONSTRUCCIÓN.	F4100.10	0	0	0	0	0	200,00	0	0	0	0	0	0	0	0	0	0	0	0	0	0	0	0	0	0	0	0	200,00	0	0	0	0	0	0	3050,41	0	0	0	3050,41	0	0	0	0	0	0	0	0	0	0	0	0	0	0	0	0	0	0	0	3250,41	3050,41	0	0	0	0	0	0	0	0	0	0	0	0	0	0	0	0	0	3050,41	0	0	0	0	0	0	0	0	0	0	0	0	0	0	0	0	0	0	0	0	0	3050,41	800,00	-600,00	0	0	0	0	0	0	0	200,00	3250,41	0	0	0	0	0	0	0	0	0	0	0	0	0	0	0	0	0	0	0	0	0	0	0	0	0	0	0	0	0	0	0	0	0	0	0	0	0	0	0	0	0	0	0	0	0	0	0	0	0	0	0	0	0	0	0	0	0	0	0	0	0	0	0	0	0	0	0	0	0	0	0	0	0	0	0	0	0	0	0	0	0	0	0	0	0	0	0	0	0	0	0	0	0	0	0	0	0	0	0	0	0	0	0	0	0	0	0	0	0	0	0	0	0	0	0	
2002	105860	0992214228001	RAVENLE S.A.	G	COMERCIO AL POR MAYOR Y AL POR MENOR REPARACIÓN DE VEHÍCULOS AUTOMOTORES Y MOTOCICLETAS.	G4772.01	0	0	0	0	0	800,00	0	0	0	0	0	0	0	0	0	0	0	0	0	0	0	0	0	0	0	0	800,00	4093,37	0	0	0	0	0	0	-119,39	1087,17	0	5061,15	0	0	0	0	0	0	0	0	0	0	0	0	0	0	0	0	0	0	0	5861,15	0	0	0	0	0	0	0	0	0	0	0	0	0	0	0	0	0	0	0	0	0	0	0	0	0	5180,54	0	0	0	0	0	0	0	0	0	0	0	5180,54	0	0	5180,54	800,00	0	0	0	0	0	0	0	-119,39	680,61	5861,15	0	0	0	0	0	0	0	0	0	0	0	0	0	0	0	0	0	0	0	0	0	0	0	0	0	0	0	0	0	0	0	0	0	0	0	0	0	0	0	0	0	0	0	0	0	0	0	0	0	0	0	0	0	0	0	0	0	0	0	0	0	0	0	0	0	0	0	0	0	0	0	0	0	0	0	0	0	0	0	0	0	0	0	0	0	0	0	0	0	0	0	0	0	0	0	0	119,39	0	0	0	0	0	0	0	0	0	0	119,39	119,39	0	-119,39	0	-119,39	0	-119,39	
2002	106562	0992223235001	FAUJAL S.A.	L	ACTIVIDADES INMOBILIARIAS.	L6810.01	0	0	0	0	0	215,00	53,81	405,00	0	0	0	0	0	0	0	0	0	0	0	0	0	0	0	0	0	0	673,81	1558,54	0	0	0	387,00	0	0	0	485,89	0	2431,43	0	0	0	0	0	0	0	0	0	0	0	0	0	0	0	0	0	0	0	3105,24	0	0	0	0	0	0	0	0	0	0	0	0	0	0	0	0	0	0	0	0	0	0	0	0	0	0	0	0	0	0	0	0	0	0	0	0	0	0	0	250,60	250,60	800,00	0	0	0	2044,43	0	0	10,21	0	2854,64	3105,24	4456,75	5340,00	0	0	0	0	0	0	0	0	0	0	0	0	9796,75	0	0	0	0	0	0	0	0	0	0	0	0	0	0	0	0	0	0	0	2320,00	1440,00	0	0	0	0	2180,00	0	0	0	0	120,80	465,15	1240,00	0	0	0	0	0	0	0	0	0	0	0	0	0	0	0	0	0	0	0	0	0	0	0	0	0	0	0	0	0	0	0	0	0	0	0	0	0	0	0	0	0	0	0	0	0	0	0	0	0	0	0	0	1211,79	808,80	0	0	0	0	5773,95	4012,59	9786,54	10,21	0	0	10,21	0	10,21	
2002	106610	0992228563001	ALIMENTEC S.A. ALIMENTOS ECUATORIANOS	G	COMERCIO AL POR MAYOR Y AL POR MENOR REPARACIÓN DE VEHÍCULOS AUTOMOTORES Y MOTOCICLETAS.	G4659.93	0	0	0	0	0	800,00	0	0	0	0	0	0	0	0	0	0	0	0	0	0	0	0	0	0	0	0	800,00	0	0	0	0	0	0	0	0	0	0	0	0	0	0	0	0	0	0	0	0	0	0	0	0	0	0	0	0	0	0	800,00	0	0	0	0	0	0	0	0	0	0	0	0	0	0	0	0	0	0	0	0	0	0	0	0	0	0	0	0	0	0	0	0	0	0	0	0	0	0	0	0	0	800,00	0	0	0	0	0	0	0	0	800,00	800,00	0	0	0	0	0	0	0	0	0	0	0	0	0	0	0	0	0	0	0	0	0	0	0	0	0	0	0	0	0	0	0	0	0	0	0	0	0	0	0	0	0	0	0	0	0	0	0	0	0	0	0	0	0	0	0	0	0	0	0	0	0	0	0	0	0	0	0	0	0	0	0	0	0	0	0	0	0	0	0	0	0	0	0	0	0	0	0	0	0	0	0	0	0	0	0	0	0	0	0	0	0	0	0	0	0	0	0	0	0	0	0	0	0	0	0	
2002	106735	0992185848001	COMMUSAT S.A.	J	INFORMACIÓN Y COMUNICACIÓN.	J6120.03	0	0	0	0	0	800,00	0	0	0	0	0	0	0	0	0	0	0	0	0	0	0	0	0	0	0	0	800,00	0	0	0	0	0	0	0	0	0	0	0	0	0	0	0	0	0	0	0	0	0	0	0	0	0	0	0	0	0	0	800,00	0	0	0	0	0	0	0	0	0	0	0	0	0	0	0	0	0	0	0	0	0	0	0	0	0	0	0	0	0	0	0	0	0	0	0	0	0	0	0	0	0	800,00	0	0	0	0	0	0	0	0	800,00	800,00	0	0	0	0	0	0	0	0	0	0	0	0	0	0	0	0	0	0	0	0	0	0	0	0	0	0	0	0	0	0	0	0	0	0	0	0	0	0	0	0	0	0	0	0	0	0	0	0	0	0	0	0	0	0	0	0	0	0	0	0	0	0	0	0	0	0	0	0	0	0	0	0	0	0	0	0	0	0	0	0	0	0	0	0	0	0	0	0	0	0	0	0	0	0	0	0	0	0	0	0	0	0	0	0	0	0	0	0	0	0	0	0	0	0	0	
2002	106890	0992228288001	SERVIADUANAS, SERVICIOS ADUANEROS VICYED S.A.	H	TRANSPORTE Y ALMACENAMIENTO.	H5229.03	0	0	0	0	0	1538,17	0	0	0	0	0	0	0	0	0	0	0	0	0	0	0	0	0	0	0	0	1538,17	0	0	0	0	2008,84	0	1376,48	-442,37	0	0	2942,95	250,00	0	0	0	-25,00	225,00	0	0	0	0	0	0	0	0	0	0	0	0	0	4706,12	0	0	0	0	0	0	0	0	0	0	0	4,50	0	0	0	0	0	0	4,50	1401,45	0	0	0	0	0	0	0	2268,63	0	0	0	0	0	0	0	0	0	3670,08	0	0	3674,58	800,00	0	0	0	0	0	0	231,54	0	1031,54	4706,12	2740,00	0	0	0	0	0	0	0	0	0	0	0	0	0	2740,00	0	0	0	0	0	0	0	0	0	0	0	0	0	0	0	0	0	0	0	0	0	0	0	0	0	0	0	0	0	0	0	0	0	0	0	0	0	0	0	0	0	0	0	0	0	0	0	0	0	0	0	0	0	1530,00	0	0	0	364,20	0	61,02	0	0	36,67	0	0	442,37	0	25,00	0	0	0	49,20	0	0	0	0	0	0	0	0	0	0	0	0	0	0	0	0	0	0	0	36,67	2471,79	2508,46	231,54	0	0	231,54	0	231,54	
2002	106912	0992228946001	NELVOK S.A.	H	TRANSPORTE Y ALMACENAMIENTO.	H5022.01	0	0	0	0	0	800,00	0	0	0	0	0	0	0	0	0	0	0	0	0	0	0	0	0	0	0	0	800,00	0	0	0	0	0	0	0	0	0	0	0	0	0	0	0	0	0	0	0	0	0	0	0	0	0	0	0	0	0	0	800,00	0	0	0	0	0	0	0	0	0	0	0	0	0	0	0	0	0	0	0	0	0	0	0	0	0	0	0	0	0	0	0	0	0	0	0	0	0	0	0	0	0	800,00	0	0	0	0	0	0	0	0	800,00	800,00	0	0	0	0	0	0	0	0	0	0	0	0	0	0	0	0	0	0	0	0	0	0	0	0	0	0	0	0	0	0	0	0	0	0	0	0	0	0	0	0	0	0	0	0	0	0	0	0	0	0	0	0	0	0	0	0	0	0	0	0	0	0	0	0	0	0	0	0	0	0	0	0	0	0	0	0	0	0	0	0	0	0	0	0	0	0	0	0	0	0	0	0	0	0	0	0	0	0	0	0	0	0	0	0	0	0	0	0	0	0	0	0	0	0	0	
2002	106979	0992231386001	ECUEXITO S.A. ECUEXITOSA	H	TRANSPORTE Y ALMACENAMIENTO.	H5110.02	0	0	0	0	0	800,00	0	0	0	0	0	0	0	0	0	0	0	0	0	0	0	0	0	0	0	0	800,00	0	0	0	0	0	0	0	0	0	0	0	0	0	0	0	0	0	0	0	0	0	0	0	0	0	0	0	0	0	0	800,00	0	0	0	0	0	0	0	0	0	0	0	0	0	0	0	0	0	0	0	0	0	0	0	0	0	0	0	0	0	0	0	0	0	0	0	0	0	0	0	0	0	800,00	0	0	0	0	0	0	0	0	800,00	800,00	0	0	0	0	0	0	0	0	0	0	0	0	0	0	0	0	0	0	0	0	0	0	0	0	0	0	0	0	0	0	0	0	0	0	0	0	0	0	0	0	0	0	0	0	0	0	0	0	0	0	0	0	0	0	0	0	0	0	0	0	0	0	0	0	0	0	0	0	0	0	0	0	0	0	0	0	0	0	0	0	0	0	0	0	0	0	0	0	0	0	0	0	0	0	0	0	0	0	0	0	0	0	0	0	0	0	0	0	0	0	0	0	0	0	0	
2002	107186	0992233680001	GOERING S.A.	C	INDUSTRIAS MANUFACTURERAS.	C1312.02	0	0	0	0	0	800,00	0	0	0	0	0	0	0	0	0	0	0	0	0	0	0	0	0	0	0	0	800,00	0	0	0	0	0	0	0	0	0	0	0	0	0	0	0	0	0	0	0	0	0	0	0	0	0	0	0	0	0	0	800,00	0	0	0	0	0	0	0	0	0	0	0	0	0	0	0	0	0	0	0	0	0	0	0	0	0	0	0	0	0	0	0	0	0	0	0	0	0	0	0	0	0	800,00	0	0	0	0	0	0	0	0	800,00	800,00	0	0	0	0	0	0	0	0	0	0	0	0	0	0	0	0	0	0	0	0	0	0	0	0	0	0	0	0	0	0	0	0	0	0	0	0	0	0	0	0	0	0	0	0	0	0	0	0	0	0	0	0	0	0	0	0	0	0	0	0	0	0	0	0	0	0	0	0	0	0	0	0	0	0	0	0	0	0	0	0	0	0	0	0	0	0	0	0	0	0	0	0	0	0	0	0	0	0	0	0	0	0	0	0	0	0	0	0	0	0	0	0	0	0	0	
2002	107360	0992235705001	ASSERBIENES S.A.	M	ACTIVIDADES PROFESIONALES, CIENTÍFICAS Y TÉCNICAS.	M7110.24	0	0	0	0	0	200,00	0	0	0	0	0	0	0	0	0	0	0	0	0	0	0	0	0	0	0	0	200,00	0	0	0	0	0	0	0	0	0	0	0	0	0	0	0	0	0	0	0	0	0	0	0	0	0	0	0	0	0	0	200,00	0	0	0	0	0	0	0	0	0	0	0	0	0	0	0	0	0	0	0	0	0	0	0	0	0	0	0	0	0	0	0	0	0	0	0	0	0	0	0	0	0	800,00	-600,00	0	0	0	0	0	0	0	200,00	200,00	0	0	0	0	0	0	0	0	0	0	0	0	0	0	0	0	0	0	0	0	0	0	0	0	0	0	0	0	0	0	0	0	0	0	0	0	0	0	0	0	0	0	0	0	0	0	0	0	0	0	0	0	0	0	0	0	0	0	0	0	0	0	0	0	0	0	0	0	0	0	0	0	0	0	0	0	0	0	0	0	0	0	0	0	0	0	0	0	0	0	0	0	0	0	0	0	0	0	0	0	0	0	0	0	0	0	0	0	0	0	0	0	0	0	0	
2002	107728	0992240636001	PARMATTRADE S.A.	F	CONSTRUCCIÓN.	F4100.10	0	0	0	0	0	0	0	0	0	0	0	0	0	0	0	0	0	0	0	0	0	0	0	0	0	0	0	0	0	0	0	0	0	0	0	18914,85	0	18914,85	0	0	0	0	0	0	0	0	0	0	0	0	0	0	0	0	0	0	0	18914,85	0	0	0	0	0	0	0	0	0	0	0	0	0	0	0	0	0	0	0	0	0	0	0	0	0	18114,85	0	0	0	0	0	0	0	0	0	0	0	18114,85	0	0	18114,85	800,00	0	0	0	0	0	0	0	0	800,00	18914,85	0	0	0	0	0	0	0	0	0	0	0	0	0	0	0	0	0	0	0	0	0	0	0	0	0	0	0	0	0	0	0	0	0	0	0	0	0	0	0	0	0	0	0	0	0	0	0	0	0	0	0	0	0	0	0	0	0	0	0	0	0	0	0	0	0	0	0	0	0	0	0	0	0	0	0	0	0	0	0	0	0	0	0	0	0	0	0	0	0	0	0	0	0	0	0	0	0	0	0	0	0	0	0	0	0	0	0	0	0	0	0	0	0	0	0	
2002	107854	0992243295001	INALMOR S.A.	G	COMERCIO AL POR MAYOR Y AL POR MENOR REPARACIÓN DE VEHÍCULOS AUTOMOTORES Y MOTOCICLETAS.	G4711.01	0	0	0	0	0	800,00	0	0	0	0	0	0	0	0	0	0	0	0	0	0	0	0	0	0	0	0	800,00	0	0	0	0	0	0	0	0	0	0	0	0	0	0	0	0	0	0	0	0	0	0	0	0	0	0	0	0	0	0	800,00	0	0	0	0	0	0	0	0	0	0	0	0	0	0	0	0	0	0	0	0	0	0	0	0	0	0	0	0	0	0	0	0	0	0	0	0	0	0	0	0	0	800,00	0	0	0	0	0	0	0	0	800,00	800,00	0	0	0	0	0	0	0	0	0	0	0	0	0	0	0	0	0	0	0	0	0	0	0	0	0	0	0	0	0	0	0	0	0	0	0	0	0	0	0	0	0	0	0	0	0	0	0	0	0	0	0	0	0	0	0	0	0	0	0	0	0	0	0	0	0	0	0	0	0	0	0	0	0	0	0	0	0	0	0	0	0	0	0	0	0	0	0	0	0	0	0	0	0	0	0	0	0	0	0	0	0	0	0	0	0	0	0	0	0	0	0	0	0	0	0	
2002	107942	0992246529001	ABEAM CORP S.A.	A	AGRICULTURA, GANADERÍA,  SILVICULTURA Y PESCA.	A0150.00	0	0	0	0	0	0	0	0	0	0	0	0	0	0	800,00	0	0	0	0	0	0	0	0	0	0	0	800,00	0	0	0	0	0	0	0	0	0	0	0	0	0	0	0	0	0	0	0	0	0	0	0	0	0	0	0	0	0	0	800,00	0	0	0	0	0	0	0	0	0	0	0	0	0	0	0	0	0	0	0	0	0	0	0	0	0	0	0	0	0	0	0	0	0	0	0	0	0	0	0	0	0	800,00	0	0	0	0	0	0	0	0	800,00	800,00	0	0	0	0	0	0	0	0	0	0	0	0	0	0	0	0	0	0	0	0	0	0	0	0	0	0	0	0	0	0	0	0	0	0	0	0	0	0	0	0	0	0	0	0	0	0	0	0	0	0	0	0	0	0	0	0	0	0	0	0	0	0	0	0	0	0	0	0	0	0	0	0	0	0	0	0	0	0	0	0	0	0	0	0	0	0	0	0	0	0	0	0	0	0	0	0	0	0	0	0	0	0	0	0	0	0	0	0	0	0	0	0	0	0	0	
2002	108097	0992245689001	ECUAFILIAR S.A.	L	ACTIVIDADES INMOBILIARIAS.	L6810.01	0	0	0	0	0	800,00	0	0	0	0	0	0	0	0	0	0	0	0	0	0	0	0	0	0	0	0	800,00	0	0	0	0	0	0	0	0	0	0	0	0	0	0	0	0	0	0	0	0	0	0	0	0	0	0	0	0	0	0	800,00	0	0	0	0	0	0	0	0	0	0	0	0	0	0	0	0	0	0	0	0	0	0	0	0	0	0	0	0	0	0	0	0	0	0	0	0	0	0	0	0	0	800,00	0	0	0	0	0	0	0	0	800,00	800,00	0	0	0	0	0	0	0	0	0	0	0	0	0	0	0	0	0	0	0	0	0	0	0	0	0	0	0	0	0	0	0	0	0	0	0	0	0	0	0	0	0	0	0	0	0	0	0	0	0	0	0	0	0	0	0	0	0	0	0	0	0	0	0	0	0	0	0	0	0	0	0	0	0	0	0	0	0	0	0	0	0	0	0	0	0	0	0	0	0	0	0	0	0	0	0	0	0	0	0	0	0	0	0	0	0	0	0	0	0	0	0	0	0	0	0	
2002	108294	0992248173001	ROBERTSON CONSTRUCTION S.A.	F	CONSTRUCCIÓN.	F4210.11	0	0	0	0	0	200,00	0	0	0	0	0	0	0	0	0	0	0	0	0	0	0	0	0	0	0	0	200,00	0	0	0	0	0	0	0	0	0	0	0	0	600,00	0	0	0	600,00	0	0	0	0	0	0	0	0	0	0	0	0	0	800,00	0	0	0	0	0	0	0	0	0	0	0	0	0	0	0	0	0	0	0	0	0	0	0	0	0	0	0	0	0	0	0	0	0	0	0	0	0	0	0	0	0	800,00	0	0	0	0	0	0	0	0	800,00	800,00	0	0	0	0	0	0	0	0	0	0	0	0	0	0	0	0	0	0	0	0	0	0	0	0	0	0	0	0	0	0	0	0	0	0	0	0	0	0	0	0	0	0	0	0	0	0	0	0	0	0	0	0	0	0	0	0	0	0	0	0	0	0	0	0	0	0	0	0	0	0	0	0	0	0	0	0	0	0	0	0	0	0	0	0	0	0	0	0	0	0	0	0	0	0	0	0	0	0	0	0	0	0	0	0	0	0	0	0	0	0	0	0	0	0	0	
2002	108782	0992254912001	HOUNDS ON LINE S.A.	G	COMERCIO AL POR MAYOR Y AL POR MENOR REPARACIÓN DE VEHÍCULOS AUTOMOTORES Y MOTOCICLETAS.	G4791.00	0	0	0	0	0	800,00	0	0	0	0	0	0	0	0	0	0	0	0	0	0	0	0	0	0	0	0	800,00	0	0	0	0	0	0	0	0	0	0	0	0	0	0	0	0	0	0	0	0	0	0	0	0	0	0	0	0	0	0	800,00	0	0	0	0	0	0	0	0	0	0	0	0	0	0	0	0	0	0	0	0	0	0	0	0	0	0	0	0	0	0	0	0	0	0	0	0	0	0	0	0	0	800,00	0	0	0	0	0	0	0	0	800,00	800,00	0	0	0	0	0	0	0	0	0	0	0	0	0	0	0	0	0	0	0	0	0	0	0	0	0	0	0	0	0	0	0	0	0	0	0	0	0	0	0	0	0	0	0	0	0	0	0	0	0	0	0	0	0	0	0	0	0	0	0	0	0	0	0	0	0	0	0	0	0	0	0	0	0	0	0	0	0	0	0	0	0	0	0	0	0	0	0	0	0	0	0	0	0	0	0	0	0	0	0	0	0	0	0	0	0	0	0	0	0	0	0	0	0	0	0	
2002	108863	0992256044001	CORPORAC S.A.	L	ACTIVIDADES INMOBILIARIAS.	L6810.01	0	0	0	0	0	800,00	0	0	0	0	0	0	0	0	0	0	0	0	0	0	0	0	0	0	0	0	800,00	0	0	0	0	0	0	0	0	0	0	0	0	0	0	0	0	0	0	0	0	0	0	0	0	0	0	0	0	0	0	800,00	0	0	0	0	0	0	0	0	0	0	0	0	0	0	0	0	0	0	0	0	0	0	0	0	0	0	0	0	0	0	0	0	0	0	0	0	0	0	0	0	0	800,00	0	0	0	0	0	0	0	0	800,00	800,00	0	0	0	0	0	0	0	0	0	0	0	0	0	0	0	0	0	0	0	0	0	0	0	0	0	0	0	0	0	0	0	0	0	0	0	0	0	0	0	0	0	0	0	0	0	0	0	0	0	0	0	0	0	0	0	0	0	0	0	0	0	0	0	0	0	0	0	0	0	0	0	0	0	0	0	0	0	0	0	0	0	0	0	0	0	0	0	0	0	0	0	0	0	0	0	0	0	0	0	0	0	0	0	0	0	0	0	0	0	0	0	0	0	0	0	
2002	109037	0992259981001	CARGO WORLD SYSTEM DEL ECUADOR C.W.S. S.A.	H	TRANSPORTE Y ALMACENAMIENTO.	H5229.03	0	0	0	0	0	1000,00	0	0	0	0	0	0	0	0	0	0	0	0	0	0	0	0	0	0	0	0	1000,00	0	0	0	0	0	0	0	0	0	0	0	0	0	0	0	0	0	0	0	0	0	0	0	0	0	0	0	0	0	0	1000,00	200,00	0	0	0	0	0	0	0	0	0	0	0	0	0	0	0	0	0	200,00	0	0	0	0	0	0	0	0	0	0	0	0	0	0	0	0	0	0	0	0	0	200,00	800,00	0	0	0	0	0	0	0	0	800,00	1000,00	0	0	0	0	0	0	0	0	0	0	0	0	0	0	0	0	0	0	0	0	0	0	0	0	0	0	0	0	0	0	0	0	0	0	0	0	0	0	0	0	0	0	0	0	0	0	0	0	0	0	0	0	0	0	0	0	0	0	0	0	0	0	0	0	0	0	0	0	0	0	0	0	0	0	0	0	0	0	0	0	0	0	0	0	0	0	0	0	0	0	0	0	0	0	0	0	0	0	0	0	0	0	0	0	0	0	0	0	0	0	0	0	0	0	0	
2002	109193	0992261579001	AUD & CON CIA. LTDA.	K	ACTIVIDADES FINANCIERAS Y DE SEGUROS.	K6619.02	0	0	0	0	0	0	0	0	0	0	0	0	0	0	0	0	0	0	0	0	0	0	0	0	0	0	0	0	0	0	0	0	0	0	0	0	0	0	0	402,00	0	0	0	402,00	0	0	0	0	0	0	0	0	0	0	0	0	0	402,00	0	0	0	0	0	0	0	0	0	0	0	0	0	0	0	0	0	0	0	0	0	0	0	0	0	0	0	0	0	0	0	0	0	0	0	0	0	0	0	0	0	402,00	0	0	0	0	0	0	0	0	402,00	402,00	0	0	0	0	0	0	0	0	0	0	0	0	0	0	0	0	0	0	0	0	0	0	0	0	0	0	0	0	0	0	0	0	0	0	0	0	0	0	0	0	0	0	0	0	0	0	0	0	0	0	0	0	0	0	0	0	0	0	0	0	0	0	0	0	0	0	0	0	0	0	0	0	0	0	0	0	0	0	0	0	0	0	0	0	0	0	0	0	0	0	0	0	0	0	0	0	0	0	0	0	0	0	0	0	0	0	0	0	0	0	0	0	0	0	0	
2002	109284	0992263008001	SOFAL S.A.	L	ACTIVIDADES INMOBILIARIAS.	L6810.01	0	0	0	0	0	800,00	0	0	0	0	0	0	0	0	0	0	0	0	0	0	0	0	0	0	0	0	800,00	0	0	0	0	0	0	0	0	0	0	0	0	0	0	0	0	0	0	0	0	0	0	0	0	0	0	0	0	0	0	800,00	0	0	0	0	0	0	0	0	0	0	0	0	0	0	0	0	0	0	0	0	0	0	0	0	0	0	0	0	0	0	0	0	0	0	0	0	0	0	0	0	0	800,00	0	0	0	0	0	0	0	0	800,00	800,00	0	0	0	0	0	0	0	0	0	0	0	0	0	0	0	0	0	0	0	0	0	0	0	0	0	0	0	0	0	0	0	0	0	0	0	0	0	0	0	0	0	0	0	0	0	0	0	0	0	0	0	0	0	0	0	0	0	0	0	0	0	0	0	0	0	0	0	0	0	0	0	0	0	0	0	0	0	0	0	0	0	0	0	0	0	0	0	0	0	0	0	0	0	0	0	0	0	0	0	0	0	0	0	0	0	0	0	0	0	0	0	0	0	0	0	
2002	109317	0992262729001	PIKET S.A.	L	ACTIVIDADES INMOBILIARIAS.	L6820.01	0	0	0	0	0	600,00	0	0	0	0	0	0	0	0	0	0	0	0	0	0	0	0	0	0	0	0	600,00	0	0	0	0	0	0	0	0	0	0	0	0	200,00	0	0	0	200,00	0	0	0	0	0	0	0	0	0	0	0	0	0	800,00	0	0	0	0	0	0	0	0	0	0	0	0	0	0	0	0	0	0	0	0	0	0	0	0	0	0	0	0	0	0	0	0	0	0	0	0	0	0	0	0	0	800,00	0	0	0	0	0	0	0	0	800,00	800,00	0	0	0	0	0	0	0	0	0	0	0	0	0	0	0	0	0	0	0	0	0	0	0	0	0	0	0	0	0	0	0	0	0	0	0	0	0	0	0	0	0	0	0	0	0	0	0	0	0	0	0	0	0	0	0	0	0	0	0	0	0	0	0	0	0	0	0	0	0	0	0	0	0	0	0	0	0	0	0	0	0	0	0	0	0	0	0	0	0	0	0	0	0	0	0	0	0	0	0	0	0	0	0	0	0	0	0	0	0	0	0	0	0	0	0	
2002	109458	0992264551001	AGROPREMIUM S.A.	A	AGRICULTURA, GANADERÍA,  SILVICULTURA Y PESCA.	A0161.03	0	0	0	0	0	0	0	0	0	0	0	0	0	0	0	0	0	0	0	0	0	0	0	0	0	0	0	0	0	0	0	0	0	0	0	0	0	0	0	0	0	0	0	0	0	0	0	0	0	0	0	0	0	0	0	200,00	200,00	200,00	0	0	0	0	0	0	0	0	0	0	0	0	0	0	0	0	0	0	0	0	0	0	0	0	0	0	0	0	0	0	0	0	0	0	0	0	0	0	0	0	0	200,00	0	0	0	0	0	0	0	0	200,00	200,00	0	0	0	0	0	0	0	0	0	0	0	0	0	0	0	0	0	0	0	0	0	0	0	0	0	0	0	0	0	0	0	0	0	0	0	0	0	0	0	0	0	0	0	0	0	0	0	0	0	0	0	0	0	0	0	0	0	0	0	0	0	0	0	0	0	0	0	0	0	0	0	0	0	0	0	0	0	0	0	0	0	0	0	0	0	0	0	0	0	0	0	0	0	0	0	0	0	0	0	0	0	0	0	0	0	0	0	0	0	0	0	0	0	0	0	
2002	109671	0992267968001	ECUAIMPORCORP S.A.	G	COMERCIO AL POR MAYOR Y AL POR MENOR REPARACIÓN DE VEHÍCULOS AUTOMOTORES Y MOTOCICLETAS.	G4649.11	0	0	0	0	0	0	0	0	0	0	0	0	0	0	0	0	0	0	0	0	0	0	0	0	0	0	0	0	0	0	0	0	0	0	0	0	0	0	0	800,00	0	0	0	800,00	0	0	0	0	0	0	0	0	0	0	0	0	0	800,00	0	0	0	0	0	0	0	0	0	0	0	0	0	0	0	0	0	0	0	0	0	0	0	0	0	0	0	0	0	0	0	0	0	0	0	0	0	0	0	0	0	800,00	0	0	0	0	0	0	0	0	800,00	800,00	0	0	0	0	0	0	0	0	0	0	0	0	0	0	0	0	0	0	0	0	0	0	0	0	0	0	0	0	0	0	0	0	0	0	0	0	0	0	0	0	0	0	0	0	0	0	0	0	0	0	0	0	0	0	0	0	0	0	0	0	0	0	0	0	0	0	0	0	0	0	0	0	0	0	0	0	0	0	0	0	0	0	0	0	0	0	0	0	0	0	0	0	0	0	0	0	0	0	0	0	0	0	0	0	0	0	0	0	0	0	0	0	0	0	0	
2002	109833	0992271140001	MALOLA S.A.	C	INDUSTRIAS MANUFACTURERAS.	C1709.24	0	0	0	0	0	800,00	0	0	0	0	0	0	0	0	0	0	0	0	0	0	0	0	0	0	0	0	800,00	0	0	0	0	0	0	0	0	0	0	0	0	0	0	0	0	0	0	0	0	0	0	0	0	0	0	0	0	0	0	800,00	0	0	0	0	0	0	0	0	0	0	0	0	0	0	0	0	0	0	0	0	0	0	0	0	0	0	0	0	0	0	0	0	0	0	0	0	0	0	0	0	0	800,00	0	0	0	0	0	0	0	0	800,00	800,00	0	0	0	0	0	0	0	0	0	0	0	0	0	0	0	0	0	0	0	0	0	0	0	0	0	0	0	0	0	0	0	0	0	0	0	0	0	0	0	0	0	0	0	0	0	0	0	0	0	0	0	0	0	0	0	0	0	0	0	0	0	0	0	0	0	0	0	0	0	0	0	0	0	0	0	0	0	0	0	0	0	0	0	0	0	0	0	0	0	0	0	0	0	0	0	0	0	0	0	0	0	0	0	0	0	0	0	0	0	0	0	0	0	0	0	
2002	110021	0992273054001	EVITCORP S.A.	G	COMERCIO AL POR MAYOR Y AL POR MENOR REPARACIÓN DE VEHÍCULOS AUTOMOTORES Y MOTOCICLETAS.	G4690.00	0	0	0	0	0	800,00	0	0	0	0	0	0	0	0	0	0	0	0	0	0	0	0	0	0	0	0	800,00	0	0	0	0	0	0	0	0	0	0	0	0	0	0	0	0	0	0	0	0	0	0	0	0	0	0	0	0	0	0	800,00	0	0	0	0	0	0	0	0	0	0	0	0	0	0	0	0	0	0	0	0	0	0	0	0	0	0	0	0	0	0	0	0	0	0	0	0	0	0	0	0	0	800,00	0	0	0	0	0	0	0	0	800,00	800,00	0	0	0	0	0	0	0	0	0	0	0	0	0	0	0	0	0	0	0	0	0	0	0	0	0	0	0	0	0	0	0	0	0	0	0	0	0	0	0	0	0	0	0	0	0	0	0	0	0	0	0	0	0	0	0	0	0	0	0	0	0	0	0	0	0	0	0	0	0	0	0	0	0	0	0	0	0	0	0	0	0	0	0	0	0	0	0	0	0	0	0	0	0	0	0	0	0	0	0	0	0	0	0	0	0	0	0	0	0	0	0	0	0	0	0	
2002	110198	0992275863001	ESTUDIOS Y CONSULTORIA DE OBRAS HIDRAULICAS Y SANITARIAS C. LTDA. ECOHISA	M	ACTIVIDADES PROFESIONALES, CIENTÍFICAS Y TÉCNICAS.	M7110.11	0	0	0	0	0	400,00	0	0	0	0	0	0	0	0	0	0	0	0	0	0	0	0	0	0	0	0	400,00	0	0	0	0	0	0	0	0	0	0	0	0	600,00	0	0	0	600,00	0	0	0	0	0	0	0	0	0	0	0	0	0	1000,00	0	0	0	0	0	0	0	0	0	0	0	0	0	0	0	0	0	0	0	0	0	0	0	0	0	0	0	0	0	0	0	0	0	0	0	0	0	0	0	0	0	1000,00	0	0	0	0	0	0	0	0	1000,00	1000,00	0	0	0	0	0	0	0	0	0	0	0	0	0	0	0	0	0	0	0	0	0	0	0	0	0	0	0	0	0	0	0	0	0	0	0	0	0	0	0	0	0	0	0	0	0	0	0	0	0	0	0	0	0	0	0	0	0	0	0	0	0	0	0	0	0	0	0	0	0	0	0	0	0	0	0	0	0	0	0	0	0	0	0	0	0	0	0	0	0	0	0	0	0	0	0	0	0	0	0	0	0	0	0	0	0	0	0	0	0	0	0	0	0	0	0	
2002	110312	0992277149001	SERVICIOS Y SISTEMAS INTEGRADOS SERSIN S.A.	G	COMERCIO AL POR MAYOR Y AL POR MENOR REPARACIÓN DE VEHÍCULOS AUTOMOTORES Y MOTOCICLETAS.	G4690.00	0	0	0	0	0	800,00	0	0	0	0	0	0	0	0	0	0	0	0	0	0	0	0	0	0	0	0	800,00	0	0	0	0	0	0	0	0	0	0	0	0	0	0	0	0	0	0	0	0	0	0	0	0	0	0	0	0	0	0	800,00	0	0	0	0	0	0	0	0	0	0	0	0	0	0	0	0	0	0	0	0	0	0	0	0	0	0	0	0	0	0	0	0	0	0	0	0	0	0	0	0	0	800,00	0	0	0	0	0	0	0	0	800,00	800,00	0	0	0	0	0	0	0	0	0	0	0	0	0	0	0	0	0	0	0	0	0	0	0	0	0	0	0	0	0	0	0	0	0	0	0	0	0	0	0	0	0	0	0	0	0	0	0	0	0	0	0	0	0	0	0	0	0	0	0	0	0	0	0	0	0	0	0	0	0	0	0	0	0	0	0	0	0	0	0	0	0	0	0	0	0	0	0	0	0	0	0	0	0	0	0	0	0	0	0	0	0	0	0	0	0	0	0	0	0	0	0	0	0	0	0	
2002	110401	0992278250001	AXUN S.A.	G	COMERCIO AL POR MAYOR Y AL POR MENOR REPARACIÓN DE VEHÍCULOS AUTOMOTORES Y MOTOCICLETAS.	G4659.12	0	0	0	0	0	800,00	0	0	0	0	0	0	0	0	0	0	0	0	0	0	0	0	0	0	0	0	800,00	0	0	0	0	0	0	0	0	0	0	0	0	0	0	0	0	0	0	0	0	0	0	0	0	0	0	0	0	0	0	800,00	0	0	0	0	0	0	0	0	0	0	0	0	0	0	0	0	0	0	0	0	0	0	0	0	0	0	0	0	0	0	0	0	0	0	0	0	0	0	0	0	0	800,00	0	0	0	0	0	0	0	0	800,00	800,00	0	0	0	0	0	0	0	0	0	0	0	0	0	0	0	0	0	0	0	0	0	0	0	0	0	0	0	0	0	0	0	0	0	0	0	0	0	0	0	0	0	0	0	0	0	0	0	0	0	0	0	0	0	0	0	0	0	0	0	0	0	0	0	0	0	0	0	0	0	0	0	0	0	0	0	0	0	0	0	0	0	0	0	0	0	0	0	0	0	0	0	0	0	0	0	0	0	0	0	0	0	0	0	0	0	0	0	0	0	0	0	0	0	0	0	
2002	110912	0992285966001	ENIPEV S.A.	G	COMERCIO AL POR MAYOR Y AL POR MENOR REPARACIÓN DE VEHÍCULOS AUTOMOTORES Y MOTOCICLETAS.	G4741.11	0	0	0	0	0	0	0	0	0	0	0	0	0	0	0	0	0	0	0	0	0	0	0	0	0	0	0	0	0	0	0	0	0	0	0	0	0	0	0	773,64	0	0	-80,00	693,64	0	0	0	0	0	0	0	0	0	0	0	0	0	693,64	0	0	0	0	0	0	0	0	0	0	0	0	0	0	0	0	0	0	0	0	0	0	0	0	0	0	0	0	0	0	0	0	0	0	0	0	0	0	0	0	0	800,00	0	0	0	0	0	-106,36	0	0	693,64	693,64	0	0	0	0	0	0	0	0	0	0	0	0	0	0	0	0	0	0	0	0	0	0	0	0	0	0	0	0	0	0	0	0	0	0	0	0	0	0	0	0	0	0	0	0	0	0	0	0	0	0	0	0	0	0	0	0	0	0	0	0	0	0	0	0	0	0	0	0	0	0	0	0	0	0	0	0	0	0	0	0	0	0	0	0	0	0	0	0	0	0	0	0	0	0	0	0	0	0	0	0	0	0	0	0	0	0	0	0	0	0	0	0	0	0	0	
2002	111994	0992303107001	BESTSERVICES S.A.	G	COMERCIO AL POR MAYOR Y AL POR MENOR REPARACIÓN DE VEHÍCULOS AUTOMOTORES Y MOTOCICLETAS.	G4663.21	0	0	0	0	0	800,00	0	0	0	0	0	0	0	0	0	0	0	0	0	0	0	0	0	0	0	0	800,00	0	0	0	0	0	0	0	0	0	0	0	0	0	0	0	0	0	0	0	0	0	0	0	0	0	0	0	0	0	0	800,00	0	0	0	0	0	0	0	0	0	0	0	0	0	0	0	0	0	0	0	0	0	0	0	0	0	0	0	0	0	0	0	0	0	0	0	0	0	0	0	0	0	800,00	0	0	0	0	0	0	0	0	800,00	800,00	0	0	0	0	0	0	0	0	0	0	0	0	0	0	0	0	0	0	0	0	0	0	0	0	0	0	0	0	0	0	0	0	0	0	0	0	0	0	0	0	0	0	0	0	0	0	0	0	0	0	0	0	0	0	0	0	0	0	0	0	0	0	0	0	0	0	0	0	0	0	0	0	0	0	0	0	0	0	0	0	0	0	0	0	0	0	0	0	0	0	0	0	0	0	0	0	0	0	0	0	0	0	0	0	0	0	0	0	0	0	0	0	0	0	0	
2002	118860	0992204087001	INMOBILIARIA LAPA S.A.	L	ACTIVIDADES INMOBILIARIAS.	L6810.01	0	0	0	0	0	800,00	0	0	0	0	0	0	0	0	0	0	0	0	0	0	0	0	0	0	0	0	800,00	0	0	0	0	0	0	0	0	0	0	0	0	0	0	0	0	0	0	0	0	0	0	0	0	0	0	0	0	0	0	800,00	0	0	0	0	0	0	0	0	0	0	0	0	0	0	0	0	0	0	0	0	0	0	0	0	0	0	0	0	0	0	0	0	0	0	0	0	0	0	0	0	0	800,00	0	0	0	0	0	0	0	0	800,00	800,00	0	0	0	0	0	0	0	0	0	0	0	0	0	0	0	0	0	0	0	0	0	0	0	0	0	0	0	0	0	0	0	0	0	0	0	0	0	0	0	0	0	0	0	0	0	0	0	0	0	0	0	0	0	0	0	0	0	0	0	0	0	0	0	0	0	0	0	0	0	0	0	0	0	0	0	0	0	0	0	0	0	0	0	0	0	0	0	0	0	0	0	0	0	0	0	0	0	0	0	0	0	0	0	0	0	0	0	0	0	0	0	0	0	0	0	
2002	153183	1791978307001	COREFIT S.A	H	TRANSPORTE Y ALMACENAMIENTO.	H5210.00	0	0	0	0	0	1000,00	0	0	0	0	0	0	0	0	0	0	0	0	0	0	0	0	0	0	0	0	1000,00	0	0	0	0	0	0	0	0	0	0	0	0	0	0	0	0	0	0	0	0	0	0	0	0	0	0	0	0	0	0	1000,00	0	0	0	0	0	0	0	0	0	0	0	0	0	0	0	0	0	0	0	0	0	0	0	0	0	0	0	0	0	0	0	0	0	0	0	0	0	0	0	0	0	2000,00	-1000,00	0	0	0	0	0	0	0	1000,00	1000,00	0	0	0	0	0	0	0	0	0	0	0	0	0	0	0	0	0	0	0	0	0	0	0	0	0	0	0	0	0	0	0	0	0	0	0	0	0	0	0	0	0	0	0	0	0	0	0	0	0	0	0	0	0	0	0	0	0	0	0	0	0	0	0	0	0	0	0	0	0	0	0	0	0	0	0	0	0	0	0	0	0	0	0	0	0	0	0	0	0	0	0	0	0	0	0	0	0	0	0	0	0	0	0	0	0	0	0	0	0	0	0	0	0	0	0	
2002	707880	0993280666001	INMOBILIARIA ERCALUAF S.A.	L	ACTIVIDADES INMOBILIARIAS.	L6810.01	0	0	0	0	0	0	0	0	0	0	0	0	0	0	0	0	0	0	0	0	0	0	0	0	0	0	0	600,00	0	0	0	0	0	0	0	0	0	600,00	0	0	0	399,00	0	399,00	0	0	0	0	0	0	0	0	0	0	0	0	0	999,00	0	0	0	0	0	0	0	0	0	0	0	0	0	0	0	0	0	0	0	0	0	0	0	0	0	0	0	0	0	0	0	0	0	0	0	0	0	0	0	399,00	399,00	600,00	0	0	0	0	0	0	0	0	600,00	999,00	0	0	0	0	0	0	0	0	0	0	0	0	0	0	0	0	0	0	0	0	0	0	0	0	0	0	0	0	0	0	0	0	0	0	0	0	0	0	0	0	0	0	0	0	0	0	0	0	0	0	0	0	0	0	0	0	0	0	0	0	0	0	0	0	0	0	0	0	0	0	0	0	0	0	0	0	0	0	0	0	0	0	0	0	0	0	0	0	0	0	0	0	0	0	0	0	0	0	0	0	0	0	0	0	0	0	0	0	0	0	0	0	0	0	0	
2002	719254	0993375465001	PAZHEI S.A.	C	INDUSTRIAS MANUFACTURERAS.	C1811.01	0	0	0	0	0	1000,00	0	0	0	0	0	0	0	0	0	0	0	0	0	0	0	0	0	0	0	0	1000,00	0	0	0	0	0	0	0	0	0	0	0	0	0	0	0	0	0	0	0	0	0	0	0	0	0	0	0	0	0	0	1000,00	0	0	0	0	0	0	0	0	0	0	0	0	0	0	0	0	0	0	0	0	0	0	0	0	0	0	0	0	0	0	0	0	0	0	0	0	0	0	0	0	0	1000,00	0	0	0	0	0	0	0	0	1000,00	1000,00	0	0	0	0	0	0	0	0	0	0	0	0	0	0	0	0	0	0	0	0	0	0	0	0	0	0	0	0	0	0	0	0	0	0	0	0	0	0	0	0	0	0	0	0	0	0	0	0	0	0	0	0	0	0	0	0	0	0	0	0	0	0	0	0	0	0	0	0	0	0	0	0	0	0	0	0	0	0	0	0	0	0	0	0	0	0	0	0	0	0	0	0	0	0	0	0	0	0	0	0	0	0	0	0	0	0	0	0	0	0	0	0	0	0	0	
2002	745543	0992201401001	NERINO S.A.	A	AGRICULTURA, GANADERÍA,  SILVICULTURA Y PESCA.	A0111.12	0	0	0	0	0	800,00	0	0	0	0	0	0	0	0	0	0	0	0	0	0	0	0	0	0	0	0	800,00	0	0	0	0	0	0	0	0	0	0	0	0	0	0	0	0	0	0	0	0	0	0	0	0	0	0	0	0	0	0	800,00	0	0	0	0	0	0	0	0	0	0	0	0	0	0	0	0	0	0	0	0	0	0	0	0	0	0	0	0	0	0	0	0	0	0	0	0	0	0	0	0	0	800,00	0	0	0	0	0	0	0	0	800,00	800,00	0	0	0	0	0	0	0	0	0	0	0	0	0	0	0	0	0	0	0	0	0	0	0	0	0	0	0	0	0	0	0	0	0	0	0	0	0	0	0	0	0	0	0	0	0	0	0	0	0	0	0	0	0	0	0	0	0	0	0	0	0	0	0	0	0	0	0	0	0	0	0	0	0	0	0	0	0	0	0	0	0	0	0	0	0	0	0	0	0	0	0	0	0	0	0	0	0	0	0	0	0	0	0	0	0	0	0	0	0	0	0	0	0	0	0	
2002	747911	1791786300001	AGESOTEC CIA.LTDA. AGENCIA ASESORA PRODUCTORA DE SEGUROS	K	ACTIVIDADES FINANCIERAS Y DE SEGUROS.	K6621.00	0	0	0	0	0	400,00	0	0	0	0	0	0	0	0	0	0	0	0	0	0	0	0	0	0	0	0	400,00	0	0	0	0	0	0	0	0	0	0	0	0	0	0	0	0	0	0	0	0	0	0	0	0	0	0	0	0	0	0	400,00	0	0	0	0	0	0	0	0	0	0	0	0	0	0	0	0	0	0	0	0	0	0	0	0	0	0	0	0	0	0	0	0	0	0	0	0	0	0	0	0	0	400,00	0	0	0	0	0	0	0	0	400,00	400,00	0	0	0	0	0	0	0	0	0	0	0	0	0	0	0	0	0	0	0	0	0	0	0	0	0	0	0	0	0	0	0	0	0	0	0	0	0	0	0	0	0	0	0	0	0	0	0	0	0	0	0	0	0	0	0	0	0	0	0	0	0	0	0	0	0	0	0	0	0	0	0	0	0	0	0	0	0	0	0	0	0	0	0	0	0	0	0	0	0	0	0	0	0	0	0	0	0	0	0	0	0	0	0	0	0	0	0	0	0	0	0	0	0	0	0	
